latitude,longitude,elevation,utc_offset_seconds,timezone,timezone_abbreviation
21.05448,105.898476,19,25200,Asia/Bangkok,GMT+7
,,,,,
time,temperature_2m (°C),relative_humidity_2m (%),,,
2025-06-30T00:00,26.5,97,,,
2025-06-30T01:00,26.3,97,,,
2025-06-30T02:00,25.8,96,,,
2025-06-30T03:00,24.8,99,,,
2025-06-30T04:00,24.9,98,,,
2025-06-30T05:00,24.9,98,,,
2025-06-30T06:00,25.1,97,,,
2025-06-30T07:00,25.6,95,,,
2025-06-30T08:00,27.3,90,,,
2025-06-30T09:00,29,85,,,
2025-06-30T10:00,30.8,77,,,
2025-06-30T11:00,31.5,75,,,
2025-06-30T12:00,31,77,,,
2025-06-30T13:00,28.3,85,,,
2025-06-30T14:00,29.1,85,,,
2025-06-30T15:00,30.4,82,,,
2025-06-30T16:00,26.9,90,,,
2025-06-30T17:00,26.9,91,,,
2025-06-30T18:00,27.1,90,,,
2025-06-30T19:00,26.2,96,,,
2025-06-30T20:00,26.4,96,,,
2025-06-30T21:00,26.3,97,,,
2025-06-30T22:00,26.4,97,,,
2025-06-30T23:00,26.4,98,,,
2025-07-01T00:00,25.4,99,,,
2025-07-01T01:00,25.1,99,,,
2025-07-01T02:00,24.6,99,,,
2025-07-01T03:00,24.5,99,,,
2025-07-01T04:00,24.6,98,,,
2025-07-01T05:00,24.8,97,,,
2025-07-01T06:00,24.7,96,,,
2025-07-01T07:00,24.8,96,,,
2025-07-01T08:00,25.6,97,,,
2025-07-01T09:00,25.5,97,,,
2025-07-01T10:00,26.7,90,,,
2025-07-01T11:00,28.1,83,,,
2025-07-01T12:00,29.7,76,,,
2025-07-01T13:00,30.9,71,,,
2025-07-01T14:00,31.2,70,,,
2025-07-01T15:00,30.7,70,,,
2025-07-01T16:00,29.2,78,,,
2025-07-01T17:00,29,82,,,
2025-07-01T18:00,28.4,86,,,
2025-07-01T19:00,27.7,89,,,
2025-07-01T20:00,27.3,83,,,
2025-07-01T21:00,26.8,87,,,
2025-07-01T22:00,26.6,90,,,
2025-07-01T23:00,26.1,92,,,
2025-07-02T00:00,25.7,95,,,
2025-07-02T01:00,25,96,,,
2025-07-02T02:00,24.9,97,,,
2025-07-02T03:00,24.7,97,,,
2025-07-02T04:00,24.9,96,,,
2025-07-02T05:00,24.7,96,,,
2025-07-02T06:00,24.8,95,,,
2025-07-02T07:00,25.2,93,,,
2025-07-02T08:00,27.2,86,,,
2025-07-02T09:00,27.2,85,,,
2025-07-02T10:00,27,85,,,
2025-07-02T11:00,27.7,84,,,
2025-07-02T12:00,28.4,82,,,
2025-07-02T13:00,30.1,74,,,
2025-07-02T14:00,30,74,,,
2025-07-02T15:00,30.3,73,,,
2025-07-02T16:00,27.5,85,,,
2025-07-02T17:00,27.2,88,,,
2025-07-02T18:00,27.5,87,,,
2025-07-02T19:00,26.8,89,,,
2025-07-02T20:00,26.7,89,,,
2025-07-02T21:00,26.3,91,,,
2025-07-02T22:00,26.2,93,,,
2025-07-02T23:00,25.7,95,,,
2025-07-03T00:00,25.2,96,,,
2025-07-03T01:00,24.7,97,,,
2025-07-03T02:00,24.7,98,,,
2025-07-03T03:00,24.5,99,,,
2025-07-03T04:00,24.4,97,,,
2025-07-03T05:00,24.4,99,,,
2025-07-03T06:00,24.1,99,,,
2025-07-03T07:00,24.2,98,,,
2025-07-03T08:00,27,87,,,
2025-07-03T09:00,27.6,86,,,
2025-07-03T10:00,28.8,80,,,
2025-07-03T11:00,28.9,78,,,
2025-07-03T12:00,27.2,84,,,
2025-07-03T13:00,26.1,90,,,
2025-07-03T14:00,26.9,90,,,
2025-07-03T15:00,28.7,80,,,
2025-07-03T16:00,28.8,79,,,
2025-07-03T17:00,28.7,79,,,
2025-07-03T18:00,28.2,83,,,
2025-07-03T19:00,26.8,90,,,
2025-07-03T20:00,27.1,89,,,
2025-07-03T21:00,26.6,93,,,
2025-07-03T22:00,26.1,95,,,
2025-07-03T23:00,25.7,98,,,
2025-07-04T00:00,25.3,99,,,
2025-07-04T01:00,25.2,98,,,
2025-07-04T02:00,24.9,98,,,
2025-07-04T03:00,25.1,98,,,
2025-07-04T04:00,24.8,98,,,
2025-07-04T05:00,24.6,98,,,
2025-07-04T06:00,24.9,96,,,
2025-07-04T07:00,25.9,92,,,
2025-07-04T08:00,28,86,,,
2025-07-04T09:00,29.4,76,,,
2025-07-04T10:00,30,73,,,
2025-07-04T11:00,30.4,72,,,
2025-07-04T12:00,31.1,70,,,
2025-07-04T13:00,31.4,69,,,
2025-07-04T14:00,31,71,,,
2025-07-04T15:00,27.6,86,,,
2025-07-04T16:00,27.8,86,,,
2025-07-04T17:00,28.9,83,,,
2025-07-04T18:00,28.4,85,,,
2025-07-04T19:00,27.5,90,,,
2025-07-04T20:00,27.9,87,,,
2025-07-04T21:00,27.3,88,,,
2025-07-04T22:00,26.9,89,,,
2025-07-04T23:00,26.5,90,,,
2025-07-05T00:00,26.2,91,,,
2025-07-05T01:00,25.7,93,,,
2025-07-05T02:00,25.6,93,,,
2025-07-05T03:00,25.3,95,,,
2025-07-05T04:00,24.9,98,,,
2025-07-05T05:00,24.8,99,,,
2025-07-05T06:00,25.4,98,,,
2025-07-05T07:00,26.9,92,,,
2025-07-05T08:00,28.9,83,,,
2025-07-05T09:00,30,75,,,
2025-07-05T10:00,31.1,68,,,
2025-07-05T11:00,32,63,,,
2025-07-05T12:00,32.7,60,,,
2025-07-05T13:00,33.1,58,,,
2025-07-05T14:00,33,59,,,
2025-07-05T15:00,33.4,58,,,
2025-07-05T16:00,33.3,58,,,
2025-07-05T17:00,32,65,,,
2025-07-05T18:00,31,72,,,
2025-07-05T19:00,29.8,77,,,
2025-07-05T20:00,29.2,81,,,
2025-07-05T21:00,28.7,83,,,
2025-07-05T22:00,28.2,85,,,
2025-07-05T23:00,27.6,88,,,
2025-07-06T00:00,27.3,89,,,
2025-07-06T01:00,26.7,92,,,
2025-07-06T02:00,26.3,94,,,
2025-07-06T03:00,26,95,,,
2025-07-06T04:00,25.8,96,,,
2025-07-06T05:00,25.6,96,,,
2025-07-06T06:00,25.9,95,,,
2025-07-06T07:00,27.3,90,,,
2025-07-06T08:00,29.6,82,,,
2025-07-06T09:00,31.1,71,,,
2025-07-06T10:00,31.4,69,,,
2025-07-06T11:00,31.9,68,,,
2025-07-06T12:00,32.3,66,,,
2025-07-06T13:00,32.2,66,,,
2025-07-06T14:00,32.7,64,,,
2025-07-06T15:00,32.7,65,,,
2025-07-06T16:00,28.4,84,,,
2025-07-06T17:00,27.6,87,,,
2025-07-06T18:00,28,85,,,
2025-07-06T19:00,27.7,87,,,
2025-07-06T20:00,28.3,84,,,
2025-07-06T21:00,27.7,86,,,
2025-07-06T22:00,27.3,88,,,
2025-07-06T23:00,27,90,,,
2025-07-07T00:00,26.8,91,,,
2025-07-07T01:00,26.6,92,,,
2025-07-07T02:00,26.3,94,,,
2025-07-07T03:00,26,96,,,
2025-07-07T04:00,25.9,97,,,
2025-07-07T05:00,25.8,98,,,
2025-07-07T06:00,26.1,96,,,
2025-07-07T07:00,27,91,,,
2025-07-07T08:00,28.8,85,,,
2025-07-07T09:00,29.7,81,,,
2025-07-07T10:00,30.8,77,,,
2025-07-07T11:00,31.3,73,,,
2025-07-07T12:00,31.6,71,,,
2025-07-07T13:00,32.3,68,,,
2025-07-07T14:00,32.6,68,,,
2025-07-07T15:00,31.1,72,,,
2025-07-07T16:00,29.4,81,,,
2025-07-07T17:00,29.4,82,,,
2025-07-07T18:00,29.1,83,,,
2025-07-07T19:00,28.3,88,,,
2025-07-07T20:00,28.6,87,,,
2025-07-07T21:00,28.1,89,,,
2025-07-07T22:00,27.9,90,,,
2025-07-07T23:00,27.8,90,,,
2025-07-08T00:00,27.6,91,,,
2025-07-08T01:00,27.3,93,,,
2025-07-08T02:00,26.9,95,,,
2025-07-08T03:00,26.6,96,,,
2025-07-08T04:00,26.3,97,,,
2025-07-08T05:00,26.2,98,,,
2025-07-08T06:00,26.6,97,,,
2025-07-08T07:00,27.9,92,,,
2025-07-08T08:00,29.9,85,,,
2025-07-08T09:00,31.5,76,,,
2025-07-08T10:00,32.4,69,,,
2025-07-08T11:00,33.4,63,,,
2025-07-08T12:00,34,60,,,
2025-07-08T13:00,34,60,,,
2025-07-08T14:00,34.3,59,,,
2025-07-08T15:00,34.5,58,,,
2025-07-08T16:00,34.5,59,,,
2025-07-08T17:00,33.6,65,,,
2025-07-08T18:00,32.5,72,,,
2025-07-08T19:00,31.4,75,,,
2025-07-08T20:00,29.3,85,,,
2025-07-08T21:00,28.9,87,,,
2025-07-08T22:00,28.7,87,,,
2025-07-08T23:00,28.5,87,,,
2025-07-09T00:00,28.2,89,,,
2025-07-09T01:00,27.8,91,,,
2025-07-09T02:00,27.5,94,,,
2025-07-09T03:00,27.1,97,,,
2025-07-09T04:00,26.8,98,,,
2025-07-09T05:00,26.5,99,,,
2025-07-09T06:00,27.1,98,,,
2025-07-09T07:00,28.6,91,,,
2025-07-09T08:00,30.9,85,,,
2025-07-09T09:00,32.3,76,,,
2025-07-09T10:00,33.3,69,,,
2025-07-09T11:00,34.1,66,,,
2025-07-09T12:00,34.7,63,,,
2025-07-09T13:00,35.3,59,,,
2025-07-09T14:00,35.3,58,,,
2025-07-09T15:00,35.6,56,,,
2025-07-09T16:00,31,74,,,
2025-07-09T17:00,29.3,84,,,
2025-07-09T18:00,29.1,86,,,
2025-07-09T19:00,28.8,91,,,
2025-07-09T20:00,28.8,94,,,
2025-07-09T21:00,28.4,95,,,
2025-07-09T22:00,28.1,93,,,
2025-07-09T23:00,27.6,93,,,
2025-07-10T00:00,27.2,96,,,
2025-07-10T01:00,27,97,,,
2025-07-10T02:00,26.8,97,,,
2025-07-10T03:00,26.8,98,,,
2025-07-10T04:00,26.8,97,,,
2025-07-10T05:00,26.7,98,,,
2025-07-10T06:00,26.8,96,,,
2025-07-10T07:00,27.7,93,,,
2025-07-10T08:00,28,89,,,
2025-07-10T09:00,29.5,82,,,
2025-07-10T10:00,30.6,76,,,
2025-07-10T11:00,31.6,71,,,
2025-07-10T12:00,32.3,67,,,
2025-07-10T13:00,32.7,66,,,
2025-07-10T14:00,33.1,65,,,
2025-07-10T15:00,33.6,63,,,
2025-07-10T16:00,33.5,63,,,
2025-07-10T17:00,32.8,66,,,
2025-07-10T18:00,30.7,77,,,
2025-07-10T19:00,29.6,84,,,
2025-07-10T20:00,28.6,91,,,
2025-07-10T21:00,28.3,93,,,
2025-07-10T22:00,28,95,,,
2025-07-10T23:00,27.8,96,,,
2025-07-11T00:00,27.7,97,,,
2025-07-11T01:00,26.6,97,,,
2025-07-11T02:00,26.5,97,,,
2025-07-11T03:00,26.3,97,,,
2025-07-11T04:00,25.7,98,,,
2025-07-11T05:00,25.8,97,,,
2025-07-11T06:00,25.4,96,,,
2025-07-11T07:00,25.2,98,,,
2025-07-11T08:00,26.5,90,,,
2025-07-11T09:00,28,83,,,
2025-07-11T10:00,29.2,81,,,
2025-07-11T11:00,30,79,,,
2025-07-11T12:00,31.6,70,,,
2025-07-11T13:00,31.1,71,,,
2025-07-11T14:00,27.5,87,,,
2025-07-11T15:00,29.6,79,,,
2025-07-11T16:00,29.5,79,,,
2025-07-11T17:00,27.3,89,,,
2025-07-11T18:00,26.8,91,,,
2025-07-11T19:00,26.2,93,,,
2025-07-11T20:00,27.2,93,,,
2025-07-11T21:00,27,95,,,
2025-07-11T22:00,26.4,97,,,
2025-07-11T23:00,25.8,95,,,
2025-07-12T00:00,25.7,94,,,
2025-07-12T01:00,25.4,96,,,
2025-07-12T02:00,25,98,,,
2025-07-12T03:00,24.8,99,,,
2025-07-12T04:00,24.5,99,,,
2025-07-12T05:00,24.7,96,,,
2025-07-12T06:00,24.8,96,,,
2025-07-12T07:00,25.5,93,,,
2025-07-12T08:00,27.6,88,,,
2025-07-12T09:00,27.2,86,,,
2025-07-12T10:00,27.9,84,,,
2025-07-12T11:00,29.5,79,,,
2025-07-12T12:00,31.4,68,,,
2025-07-12T13:00,31.1,68,,,
2025-07-12T14:00,31,70,,,
2025-07-12T15:00,30,75,,,
2025-07-12T16:00,27.9,86,,,
2025-07-12T17:00,27.7,87,,,
2025-07-12T18:00,27.6,87,,,
2025-07-12T19:00,27,90,,,
2025-07-12T20:00,27,97,,,
2025-07-12T21:00,26.5,99,,,
2025-07-12T22:00,26.2,99,,,
2025-07-12T23:00,25.9,98,,,
2025-07-13T00:00,25.6,99,,,
2025-07-13T01:00,25.7,97,,,
2025-07-13T02:00,25.4,98,,,
2025-07-13T03:00,25.2,98,,,
2025-07-13T04:00,25.1,98,,,
2025-07-13T05:00,25,98,,,
2025-07-13T06:00,24.8,98,,,
2025-07-13T07:00,25.2,96,,,
2025-07-13T08:00,28.4,87,,,
2025-07-13T09:00,29.7,80,,,
2025-07-13T10:00,30.7,75,,,
2025-07-13T11:00,31.4,72,,,
2025-07-13T12:00,31.9,71,,,
2025-07-13T13:00,32.2,70,,,
2025-07-13T14:00,32.1,71,,,
2025-07-13T15:00,32.4,69,,,
2025-07-13T16:00,31.9,69,,,
2025-07-13T17:00,29.3,82,,,
2025-07-13T18:00,29.3,83,,,
2025-07-13T19:00,28.7,88,,,
2025-07-13T20:00,28.6,87,,,
2025-07-13T21:00,28.3,90,,,
2025-07-13T22:00,28,91,,,
2025-07-13T23:00,27.9,90,,,
2025-07-14T00:00,27.5,91,,,
2025-07-14T01:00,27,93,,,
2025-07-14T02:00,26.9,94,,,
2025-07-14T03:00,26.5,96,,,
2025-07-14T04:00,26.3,97,,,
2025-07-14T05:00,26,98,,,
2025-07-14T06:00,26.4,97,,,
2025-07-14T07:00,27.8,92,,,
2025-07-14T08:00,29.8,79,,,
2025-07-14T09:00,30.4,80,,,
2025-07-14T10:00,30.9,79,,,
2025-07-14T11:00,31.3,77,,,
2025-07-14T12:00,32.2,74,,,
2025-07-14T13:00,30.7,80,,,
2025-07-14T14:00,29.6,83,,,
2025-07-14T15:00,29.7,82,,,
2025-07-14T16:00,29.7,83,,,
2025-07-14T17:00,29.1,85,,,
2025-07-14T18:00,28.5,87,,,
2025-07-14T19:00,27.9,89,,,
2025-07-14T20:00,28.1,90,,,
2025-07-14T21:00,27.8,92,,,
2025-07-14T22:00,27.8,92,,,
2025-07-14T23:00,27.5,92,,,
2025-07-15T00:00,27.2,92,,,
2025-07-15T01:00,27.1,93,,,
2025-07-15T02:00,26.9,95,,,
2025-07-15T03:00,26.8,96,,,
2025-07-15T04:00,26.7,97,,,
2025-07-15T05:00,26.6,97,,,
2025-07-15T06:00,27.2,95,,,
2025-07-15T07:00,27.1,94,,,
2025-07-15T08:00,27.6,94,,,
2025-07-15T09:00,28.3,89,,,
2025-07-15T10:00,30.4,77,,,
2025-07-15T11:00,31.3,72,,,
2025-07-15T12:00,31.8,70,,,
2025-07-15T13:00,32.1,69,,,
2025-07-15T14:00,32.7,65,,,
2025-07-15T15:00,33.1,63,,,
2025-07-15T16:00,33.2,62,,,
2025-07-15T17:00,32.7,64,,,
2025-07-15T18:00,31.5,74,,,
2025-07-15T19:00,30.4,77,,,
2025-07-15T20:00,29.5,82,,,
2025-07-15T21:00,29,85,,,
2025-07-15T22:00,28.6,87,,,
2025-07-15T23:00,28.2,89,,,
2025-07-16T00:00,27.9,90,,,
2025-07-16T01:00,27.7,91,,,
2025-07-16T02:00,27.6,93,,,
2025-07-16T03:00,27.5,94,,,
2025-07-16T04:00,27,97,,,
2025-07-16T05:00,26.9,97,,,
2025-07-16T06:00,27.4,96,,,
2025-07-16T07:00,27.7,95,,,
2025-07-16T08:00,29,90,,,
2025-07-16T09:00,30.7,81,,,
2025-07-16T10:00,31.7,76,,,
2025-07-16T11:00,31.9,77,,,
2025-07-16T12:00,31.7,77,,,
2025-07-16T13:00,31,80,,,
2025-07-16T14:00,31.2,79,,,
2025-07-16T15:00,31.9,76,,,
2025-07-16T16:00,32,74,,,
2025-07-16T17:00,32,70,,,
2025-07-16T18:00,31.3,77,,,
2025-07-16T19:00,29.9,86,,,
2025-07-16T20:00,30.1,82,,,
2025-07-16T21:00,29.7,83,,,
2025-07-16T22:00,29.2,86,,,
2025-07-16T23:00,28.6,89,,,
2025-07-17T00:00,28.2,91,,,
2025-07-17T01:00,27.8,93,,,
2025-07-17T02:00,27.6,94,,,
2025-07-17T03:00,27,97,,,
2025-07-17T04:00,26.9,98,,,
2025-07-17T05:00,26.6,99,,,
2025-07-17T06:00,26.6,97,,,
2025-07-17T07:00,27.8,91,,,
2025-07-17T08:00,30.1,84,,,
2025-07-17T09:00,31.3,79,,,
2025-07-17T10:00,32.2,73,,,
2025-07-17T11:00,32.7,72,,,
2025-07-17T12:00,33.6,66,,,
2025-07-17T13:00,34.2,62,,,
2025-07-17T14:00,34.6,59,,,
2025-07-17T15:00,34.6,59,,,
2025-07-17T16:00,34.5,59,,,
2025-07-17T17:00,33.9,63,,,
2025-07-17T18:00,32.7,71,,,
2025-07-17T19:00,31.5,75,,,
2025-07-17T20:00,30.4,81,,,
2025-07-17T21:00,30.1,81,,,
2025-07-17T22:00,29.9,80,,,
2025-07-17T23:00,29.7,80,,,
2025-07-18T00:00,29.4,81,,,
2025-07-18T01:00,29,84,,,
2025-07-18T02:00,28.5,87,,,
2025-07-18T03:00,28,91,,,
2025-07-18T04:00,27.8,93,,,
2025-07-18T05:00,27.5,94,,,
2025-07-18T06:00,27.9,93,,,
2025-07-18T07:00,29,88,,,
2025-07-18T08:00,30.6,84,,,
2025-07-18T09:00,32,76,,,
2025-07-18T10:00,33,69,,,
2025-07-18T11:00,33.9,64,,,
2025-07-18T12:00,34.5,62,,,
2025-07-18T13:00,35.1,58,,,
2025-07-18T14:00,35.4,57,,,
2025-07-18T15:00,35.6,55,,,
2025-07-18T16:00,35.5,56,,,
2025-07-18T17:00,35.2,58,,,
2025-07-18T18:00,34.3,62,,,
2025-07-18T19:00,32,71,,,
2025-07-18T20:00,31.3,75,,,
2025-07-18T21:00,31.1,73,,,
2025-07-18T22:00,30.7,75,,,
2025-07-18T23:00,30.3,77,,,
2025-07-19T00:00,29.6,80,,,
2025-07-19T01:00,29.3,82,,,
2025-07-19T02:00,28.6,86,,,
2025-07-19T03:00,28.3,89,,,
2025-07-19T04:00,28.2,89,,,
2025-07-19T05:00,27.5,93,,,
2025-07-19T06:00,27.9,93,,,
2025-07-19T07:00,29.1,88,,,
2025-07-19T08:00,31.2,80,,,
2025-07-19T09:00,32.5,74,,,
2025-07-19T10:00,33.4,70,,,
2025-07-19T11:00,34.5,66,,,
2025-07-19T12:00,35.2,62,,,
2025-07-19T13:00,34.5,67,,,
2025-07-19T14:00,31.8,76,,,
2025-07-19T15:00,28.8,88,,,
2025-07-19T16:00,29.3,83,,,
2025-07-19T17:00,29.2,84,,,
2025-07-19T18:00,29.3,85,,,
2025-07-19T19:00,28.7,91,,,
2025-07-19T20:00,24.8,92,,,
2025-07-19T21:00,25.1,93,,,
2025-07-19T22:00,25.2,93,,,
2025-07-19T23:00,25.4,93,,,
2025-07-20T00:00,25.5,93,,,
2025-07-20T01:00,25.7,93,,,
2025-07-20T02:00,25.6,94,,,
2025-07-20T03:00,25.7,94,,,
2025-07-20T04:00,25.9,93,,,
2025-07-20T05:00,26.2,93,,,
2025-07-20T06:00,26.7,92,,,
2025-07-20T07:00,27.5,90,,,
2025-07-20T08:00,28.5,86,,,
2025-07-20T09:00,30.3,79,,,
2025-07-20T10:00,31,74,,,
2025-07-20T11:00,30.1,75,,,
2025-07-20T12:00,31.5,73,,,
2025-07-20T13:00,32.8,67,,,
2025-07-20T14:00,32,70,,,
2025-07-20T15:00,31.1,77,,,
2025-07-20T16:00,29,90,,,
2025-07-20T17:00,29,90,,,
2025-07-20T18:00,28.9,92,,,
2025-07-20T19:00,28.2,95,,,
2025-07-20T20:00,28.3,90,,,
2025-07-20T21:00,28.2,89,,,
2025-07-20T22:00,28.2,87,,,
2025-07-20T23:00,28.1,89,,,
2025-07-21T00:00,27.9,92,,,
2025-07-21T01:00,28,92,,,
2025-07-21T02:00,27.8,93,,,
2025-07-21T03:00,27.8,89,,,
2025-07-21T04:00,26.9,91,,,
2025-07-21T05:00,26.3,91,,,
2025-07-21T06:00,26.9,89,,,
2025-07-21T07:00,27.2,88,,,
2025-07-21T08:00,27.8,87,,,
2025-07-21T09:00,28,92,,,
2025-07-21T10:00,28.4,86,,,
2025-07-21T11:00,29.8,79,,,
2025-07-21T12:00,29.8,80,,,
2025-07-21T13:00,31.1,76,,,
2025-07-21T14:00,31.2,75,,,
2025-07-21T15:00,28.4,92,,,
2025-07-21T16:00,28.3,93,,,
2025-07-21T17:00,28,94,,,
2025-07-21T18:00,27.1,94,,,
2025-07-21T19:00,26.9,93,,,
2025-07-21T20:00,27.1,92,,,
2025-07-21T21:00,26.6,92,,,
2025-07-21T22:00,26.7,92,,,
2025-07-21T23:00,26.8,90,,,
2025-07-22T00:00,26.1,94,,,
2025-07-22T01:00,25.8,94,,,
2025-07-22T02:00,26,93,,,
2025-07-22T03:00,26.3,91,,,
2025-07-22T04:00,26.2,92,,,
2025-07-22T05:00,26.2,91,,,
2025-07-22T06:00,26.2,91,,,
2025-07-22T07:00,26.2,91,,,
2025-07-22T08:00,26.4,92,,,
2025-07-22T09:00,27.2,90,,,
2025-07-22T10:00,28.7,82,,,
2025-07-22T11:00,29.2,80,,,
2025-07-22T12:00,30.5,74,,,
2025-07-22T13:00,29.3,81,,,
2025-07-22T14:00,30.8,71,,,
2025-07-22T15:00,30.7,69,,,
2025-07-22T16:00,29.4,76,,,
2025-07-22T17:00,28.5,79,,,
2025-07-22T18:00,27.7,82,,,
2025-07-22T19:00,27.4,84,,,
2025-07-22T20:00,26.7,79,,,
2025-07-22T21:00,26.9,80,,,
2025-07-22T22:00,26.4,83,,,
2025-07-22T23:00,26.4,85,,,
2025-07-23T00:00,26.2,86,,,
2025-07-23T01:00,26,88,,,
2025-07-23T02:00,25.6,91,,,
2025-07-23T03:00,25.3,93,,,
2025-07-23T04:00,25.1,93,,,
2025-07-23T05:00,24.8,94,,,
2025-07-23T06:00,25,94,,,
2025-07-23T07:00,25.7,93,,,
2025-07-23T08:00,28.2,85,,,
2025-07-23T09:00,28.3,77,,,
2025-07-23T10:00,28.6,83,,,
2025-07-23T11:00,30.6,74,,,
2025-07-23T12:00,31.3,70,,,
2025-07-23T13:00,29.2,79,,,
2025-07-23T14:00,30.2,77,,,
2025-07-23T15:00,28.6,82,,,
2025-07-23T16:00,29.1,83,,,
2025-07-23T17:00,29.4,78,,,
2025-07-23T18:00,26.5,93,,,
2025-07-23T19:00,26.6,92,,,
2025-07-23T20:00,27.7,90,,,
2025-07-23T21:00,27.4,91,,,
2025-07-23T22:00,27.5,90,,,
2025-07-23T23:00,27.2,90,,,
2025-07-24T00:00,26.3,95,,,
2025-07-24T01:00,25,98,,,
2025-07-24T02:00,25.3,96,,,
2025-07-24T03:00,25.2,97,,,
2025-07-24T04:00,25,97,,,
2025-07-24T05:00,25,98,,,
2025-07-24T06:00,25.2,97,,,
2025-07-24T07:00,25.7,94,,,
2025-07-24T08:00,28.2,87,,,
2025-07-24T09:00,29.5,80,,,
2025-07-24T10:00,30.2,76,,,
2025-07-24T11:00,30.5,74,,,
2025-07-24T12:00,31.1,72,,,
2025-07-24T13:00,29.3,75,,,
2025-07-24T14:00,27.5,87,,,
2025-07-24T15:00,28.3,85,,,
2025-07-24T16:00,28.8,83,,,
2025-07-24T17:00,28.7,85,,,
2025-07-24T18:00,27.3,90,,,
2025-07-24T19:00,26.9,94,,,
2025-07-24T20:00,27.2,93,,,
2025-07-24T21:00,26.5,95,,,
2025-07-24T22:00,26,95,,,
2025-07-24T23:00,26,95,,,
2025-07-25T00:00,25.7,95,,,
2025-07-25T01:00,25.9,96,,,
2025-07-25T02:00,25.4,97,,,
2025-07-25T03:00,25.4,98,,,
2025-07-25T04:00,25.3,97,,,
2025-07-25T05:00,25.3,97,,,
2025-07-25T06:00,25.3,96,,,
2025-07-25T07:00,26.1,93,,,
2025-07-25T08:00,27.4,91,,,
2025-07-25T09:00,28.2,88,,,
2025-07-25T10:00,30.2,80,,,
2025-07-25T11:00,30.3,78,,,
2025-07-25T12:00,31,77,,,
2025-07-25T13:00,31.3,76,,,
2025-07-25T14:00,28.8,83,,,
2025-07-25T15:00,28,86,,,
2025-07-25T16:00,28.9,83,,,
2025-07-25T17:00,28.7,84,,,
2025-07-25T18:00,28,89,,,
2025-07-25T19:00,27.3,92,,,
2025-07-25T20:00,27.1,96,,,
2025-07-25T21:00,26.8,97,,,
2025-07-25T22:00,26.8,98,,,
2025-07-25T23:00,26.5,97,,,
2025-07-26T00:00,26.7,98,,,
2025-07-26T01:00,26.5,98,,,
2025-07-26T02:00,26.2,99,,,
2025-07-26T03:00,26,100,,,
2025-07-26T04:00,25.9,99,,,
2025-07-26T05:00,25.8,99,,,
2025-07-26T06:00,26.1,99,,,
2025-07-26T07:00,27.1,93,,,
2025-07-26T08:00,28.6,85,,,
2025-07-26T09:00,29.8,78,,,
2025-07-26T10:00,30.9,71,,,
2025-07-26T11:00,31.7,68,,,
2025-07-26T12:00,32.2,66,,,
2025-07-26T13:00,32.3,68,,,
2025-07-26T14:00,32.5,68,,,
2025-07-26T15:00,32.5,69,,,
2025-07-26T16:00,30,78,,,
2025-07-26T17:00,27.6,87,,,
2025-07-26T18:00,26.9,93,,,
2025-07-26T19:00,26.9,93,,,
2025-07-26T20:00,27.7,90,,,
2025-07-26T21:00,27.7,90,,,
2025-07-26T22:00,27.2,94,,,
2025-07-26T23:00,26.9,96,,,
2025-07-27T00:00,26.5,98,,,
2025-07-27T01:00,26.2,99,,,
2025-07-27T02:00,25.9,100,,,
2025-07-27T03:00,25.7,100,,,
2025-07-27T04:00,25.9,98,,,
2025-07-27T05:00,25.8,99,,,
2025-07-27T06:00,25.9,99,,,
2025-07-27T07:00,27,92,,,
2025-07-27T08:00,28.5,84,,,
2025-07-27T09:00,29.9,77,,,
2025-07-27T10:00,30.9,73,,,
2025-07-27T11:00,31.6,71,,,
2025-07-27T12:00,32.2,69,,,
2025-07-27T13:00,32.1,70,,,
2025-07-27T14:00,32.6,69,,,
2025-07-27T15:00,32.4,69,,,
2025-07-27T16:00,32.3,67,,,
2025-07-27T17:00,29.8,81,,,
2025-07-27T18:00,28.6,85,,,
2025-07-27T19:00,27.9,88,,,
2025-07-27T20:00,28.8,84,,,
2025-07-27T21:00,28.2,87,,,
2025-07-27T22:00,27.7,89,,,
2025-07-27T23:00,27.1,91,,,
2025-07-28T00:00,26.8,93,,,
2025-07-28T01:00,26.5,94,,,
2025-07-28T02:00,25.9,97,,,
2025-07-28T03:00,25.8,99,,,
2025-07-28T04:00,25.6,99,,,
2025-07-28T05:00,25.3,99,,,
2025-07-28T06:00,25.7,98,,,
2025-07-28T07:00,26.9,93,,,
2025-07-28T08:00,28.8,87,,,
2025-07-28T09:00,30.2,80,,,
2025-07-28T10:00,31.3,76,,,
2025-07-28T11:00,32.4,71,,,
2025-07-28T12:00,33.1,69,,,
2025-07-28T13:00,33.5,66,,,
2025-07-28T14:00,34.1,62,,,
2025-07-28T15:00,34.3,59,,,
2025-07-28T16:00,34,60,,,
2025-07-28T17:00,33.4,62,,,
2025-07-28T18:00,31.8,73,,,
2025-07-28T19:00,30.4,81,,,
2025-07-28T20:00,30.3,80,,,
2025-07-28T21:00,29.9,82,,,
2025-07-28T22:00,29.4,84,,,
2025-07-28T23:00,29.1,84,,,
2025-07-29T00:00,28.6,87,,,
2025-07-29T01:00,28.2,88,,,
2025-07-29T02:00,27.6,92,,,
2025-07-29T03:00,27.3,93,,,
2025-07-29T04:00,27.1,94,,,
2025-07-29T05:00,26.8,97,,,
2025-07-29T06:00,26.9,97,,,
2025-07-29T07:00,28.1,93,,,
2025-07-29T08:00,30,86,,,
2025-07-29T09:00,31.4,80,,,
2025-07-29T10:00,32.8,72,,,
2025-07-29T11:00,33.8,67,,,
2025-07-29T12:00,34.5,64,,,
2025-07-29T13:00,35,62,,,
2025-07-29T14:00,35.4,59,,,
2025-07-29T15:00,35.3,59,,,
2025-07-29T16:00,35.1,60,,,
2025-07-29T17:00,34.1,67,,,
2025-07-29T18:00,32.9,72,,,
2025-07-29T19:00,31.9,74,,,
2025-07-29T20:00,31.5,74,,,
2025-07-29T21:00,30.9,77,,,
2025-07-29T22:00,30.6,79,,,
2025-07-29T23:00,30,81,,,
2025-07-30T00:00,29.5,82,,,
2025-07-30T01:00,29.1,84,,,
2025-07-30T02:00,28.6,86,,,
2025-07-30T03:00,27.9,89,,,
2025-07-30T04:00,27.9,89,,,
2025-07-30T05:00,27.5,92,,,
2025-07-30T06:00,27.7,92,,,
2025-07-30T07:00,28.7,89,,,
2025-07-30T08:00,30.6,81,,,
2025-07-30T09:00,32,77,,,
2025-07-30T10:00,33.2,73,,,
2025-07-30T11:00,34.1,69,,,
2025-07-30T12:00,34.5,67,,,
2025-07-30T13:00,35,66,,,
2025-07-30T14:00,35.7,62,,,
2025-07-30T15:00,35.8,60,,,
2025-07-30T16:00,35.8,59,,,
2025-07-30T17:00,35.8,61,,,
2025-07-30T18:00,34.9,64,,,
2025-07-30T19:00,31.2,78,,,
2025-07-30T20:00,31.8,79,,,
2025-07-30T21:00,31.5,78,,,
2025-07-30T22:00,30.7,81,,,
2025-07-30T23:00,30.3,82,,,
2025-07-31T00:00,29.8,86,,,
2025-07-31T01:00,29.5,89,,,
2025-07-31T02:00,29.2,90,,,
2025-07-31T03:00,28.9,92,,,
2025-07-31T04:00,28.4,95,,,
2025-07-31T05:00,28.1,97,,,
2025-07-31T06:00,28.5,98,,,
2025-07-31T07:00,29.9,89,,,
2025-07-31T08:00,28.9,89,,,
2025-07-31T09:00,30.6,81,,,
2025-07-31T10:00,32.1,72,,,
2025-07-31T11:00,32.9,69,,,
2025-07-31T12:00,33.1,68,,,
2025-07-31T13:00,33.5,67,,,
2025-07-31T14:00,33.8,66,,,
2025-07-31T15:00,33.4,66,,,
2025-07-31T16:00,32.9,69,,,
2025-07-31T17:00,28.7,89,,,
2025-07-31T18:00,28.1,90,,,
2025-07-31T19:00,27.5,91,,,
2025-07-31T20:00,27.9,87,,,
2025-07-31T21:00,28,87,,,
2025-07-31T22:00,28.3,89,,,
2025-07-31T23:00,28.1,92,,,
2025-08-01T00:00,26.8,92,,,
2025-08-01T01:00,26.5,93,,,
2025-08-01T02:00,26.4,94,,,
2025-08-01T03:00,26.3,95,,,
2025-08-01T04:00,26.2,96,,,
2025-08-01T05:00,26.5,95,,,
2025-08-01T06:00,26.4,94,,,
2025-08-01T07:00,26.3,93,,,
2025-08-01T08:00,27.9,84,,,
2025-08-01T09:00,29.3,76,,,
2025-08-01T10:00,30.4,75,,,
2025-08-01T11:00,31.3,72,,,
2025-08-01T12:00,32,71,,,
2025-08-01T13:00,32.3,70,,,
2025-08-01T14:00,29.6,77,,,
2025-08-01T15:00,29.6,80,,,
2025-08-01T16:00,30.3,77,,,
2025-08-01T17:00,30.3,77,,,
2025-08-01T18:00,29.7,79,,,
2025-08-01T19:00,28.8,85,,,
2025-08-01T20:00,28.6,87,,,
2025-08-01T21:00,27.8,92,,,
2025-08-01T22:00,27.3,94,,,
2025-08-01T23:00,27,96,,,
2025-08-02T00:00,26.8,96,,,
2025-08-02T01:00,26.4,97,,,
2025-08-02T02:00,26.4,97,,,
2025-08-02T03:00,26.4,97,,,
2025-08-02T04:00,26,97,,,
2025-08-02T05:00,26.1,98,,,
2025-08-02T06:00,26.2,97,,,
2025-08-02T07:00,26.9,92,,,
2025-08-02T08:00,29.2,86,,,
2025-08-02T09:00,30.7,80,,,
2025-08-02T10:00,31.8,75,,,
2025-08-02T11:00,32.6,73,,,
2025-08-02T12:00,33.3,70,,,
2025-08-02T13:00,33.6,70,,,
2025-08-02T14:00,34.3,67,,,
2025-08-02T15:00,34.3,65,,,
2025-08-02T16:00,34.7,62,,,
2025-08-02T17:00,33.1,71,,,
2025-08-02T18:00,31.3,78,,,
2025-08-02T19:00,30.4,80,,,
2025-08-02T20:00,31.1,81,,,
2025-08-02T21:00,30.4,84,,,
2025-08-02T22:00,29.8,84,,,
2025-08-02T23:00,29.4,83,,,
2025-08-03T00:00,29.1,84,,,
2025-08-03T01:00,28.6,87,,,
2025-08-03T02:00,27.9,91,,,
2025-08-03T03:00,27.5,94,,,
2025-08-03T04:00,27.4,95,,,
2025-08-03T05:00,27.2,97,,,
2025-08-03T06:00,27.5,98,,,
2025-08-03T07:00,28.9,91,,,
2025-08-03T08:00,31,83,,,
2025-08-03T09:00,32.5,73,,,
2025-08-03T10:00,33.8,65,,,
2025-08-03T11:00,34.7,60,,,
2025-08-03T12:00,35.4,58,,,
2025-08-03T13:00,35.9,57,,,
2025-08-03T14:00,35.9,56,,,
2025-08-03T15:00,36.5,54,,,
2025-08-03T16:00,36.1,55,,,
2025-08-03T17:00,34.8,61,,,
2025-08-03T18:00,33,72,,,
2025-08-03T19:00,32.3,75,,,
2025-08-03T20:00,32.2,68,,,
2025-08-03T21:00,31.6,72,,,
2025-08-03T22:00,31.1,75,,,
2025-08-03T23:00,30.7,76,,,
2025-08-04T00:00,30.1,79,,,
2025-08-04T01:00,29.8,80,,,
2025-08-04T02:00,29.5,80,,,
2025-08-04T03:00,29.2,80,,,
2025-08-04T04:00,29,79,,,
2025-08-04T05:00,28.6,80,,,
2025-08-04T06:00,28.5,82,,,
2025-08-04T07:00,29.8,80,,,
2025-08-04T08:00,32.5,67,,,
2025-08-04T09:00,33.7,60,,,
2025-08-04T10:00,34.6,58,,,
2025-08-04T11:00,35.4,57,,,
2025-08-04T12:00,36.1,55,,,
2025-08-04T13:00,36.6,53,,,
2025-08-04T14:00,36.9,51,,,
2025-08-04T15:00,36.4,52,,,
2025-08-04T16:00,36.4,53,,,
2025-08-04T17:00,35.5,58,,,
2025-08-04T18:00,33.9,67,,,
2025-08-04T19:00,32.9,71,,,
2025-08-04T20:00,31.3,75,,,
2025-08-04T21:00,30.8,80,,,
2025-08-04T22:00,30.5,82,,,
2025-08-04T23:00,29.8,85,,,
2025-08-05T00:00,29.6,86,,,
2025-08-05T01:00,29.2,89,,,
2025-08-05T02:00,29,91,,,
2025-08-05T03:00,28.5,93,,,
2025-08-05T04:00,28.1,94,,,
2025-08-05T05:00,27.7,96,,,
2025-08-05T06:00,27.7,95,,,
2025-08-05T07:00,28.7,91,,,
2025-08-05T08:00,31.1,83,,,
2025-08-05T09:00,32.1,76,,,
2025-08-05T10:00,33,69,,,
2025-08-05T11:00,33.8,66,,,
2025-08-05T12:00,35,62,,,
2025-08-05T13:00,30.6,80,,,
2025-08-05T14:00,28.3,90,,,
2025-08-05T15:00,28.8,90,,,
2025-08-05T16:00,29.9,85,,,
2025-08-05T17:00,29.8,85,,,
2025-08-05T18:00,29.4,87,,,
2025-08-05T19:00,28.9,91,,,
2025-08-05T20:00,27.6,94,,,
2025-08-05T21:00,27.5,95,,,
2025-08-05T22:00,27.6,95,,,
2025-08-05T23:00,27.7,96,,,
2025-08-06T00:00,27.7,97,,,
2025-08-06T01:00,27.6,95,,,
2025-08-06T02:00,27.4,96,,,
2025-08-06T03:00,27.2,96,,,
2025-08-06T04:00,26.9,97,,,
2025-08-06T05:00,26.9,96,,,
2025-08-06T06:00,26.8,97,,,
2025-08-06T07:00,27.2,94,,,
2025-08-06T08:00,27.6,95,,,
2025-08-06T09:00,27.6,96,,,
2025-08-06T10:00,27.5,94,,,
2025-08-06T11:00,27.8,90,,,
2025-08-06T12:00,28.6,87,,,
2025-08-06T13:00,29.3,84,,,
2025-08-06T14:00,29.3,83,,,
2025-08-06T15:00,29.9,82,,,
2025-08-06T16:00,29.9,84,,,
2025-08-06T17:00,30.2,84,,,
2025-08-06T18:00,29.7,87,,,
2025-08-06T19:00,29.4,88,,,
2025-08-06T20:00,27.1,96,,,
2025-08-06T21:00,27.1,96,,,
2025-08-06T22:00,27.1,96,,,
2025-08-06T23:00,27,96,,,
2025-08-07T00:00,26.8,97,,,
2025-08-07T01:00,26.8,97,,,
2025-08-07T02:00,26.7,97,,,
2025-08-07T03:00,26.4,98,,,
2025-08-07T04:00,26.2,98,,,
2025-08-07T05:00,26,99,,,
2025-08-07T06:00,26.4,98,,,
2025-08-07T07:00,27.5,95,,,
2025-08-07T08:00,27.3,93,,,
2025-08-07T09:00,28.4,89,,,
2025-08-07T10:00,29.5,83,,,
2025-08-07T11:00,30.3,79,,,
2025-08-07T12:00,30.6,77,,,
2025-08-07T13:00,31.1,76,,,
2025-08-07T14:00,32.1,72,,,
2025-08-07T15:00,31.8,72,,,
2025-08-07T16:00,31.1,76,,,
2025-08-07T17:00,31.2,76,,,
2025-08-07T18:00,30.3,80,,,
2025-08-07T19:00,29.7,83,,,
2025-08-07T20:00,30.1,81,,,
2025-08-07T21:00,29.6,84,,,
2025-08-07T22:00,29.4,84,,,
2025-08-07T23:00,29.1,83,,,
2025-08-08T00:00,29,81,,,
2025-08-08T01:00,28.6,81,,,
2025-08-08T02:00,28.1,85,,,
2025-08-08T03:00,27.7,89,,,
2025-08-08T04:00,27.3,92,,,
2025-08-08T05:00,27.1,95,,,
2025-08-08T06:00,27.2,96,,,
2025-08-08T07:00,28.5,93,,,
2025-08-08T08:00,30.2,87,,,
2025-08-08T09:00,31.5,78,,,
2025-08-08T10:00,32.5,71,,,
2025-08-08T11:00,33.3,64,,,
2025-08-08T12:00,33.9,62,,,
2025-08-08T13:00,34.2,63,,,
2025-08-08T14:00,34.6,61,,,
2025-08-08T15:00,35.1,58,,,
2025-08-08T16:00,34.1,59,,,
2025-08-08T17:00,32.9,67,,,
2025-08-08T18:00,31.9,72,,,
2025-08-08T19:00,31,77,,,
2025-08-08T20:00,30.8,73,,,
2025-08-08T21:00,30.1,78,,,
2025-08-08T22:00,30,80,,,
2025-08-08T23:00,29.6,83,,,
2025-08-09T00:00,29.3,84,,,
2025-08-09T01:00,28.9,85,,,
2025-08-09T02:00,28.6,86,,,
2025-08-09T03:00,28.3,88,,,
2025-08-09T04:00,27.9,90,,,
2025-08-09T05:00,27.6,91,,,
2025-08-09T06:00,27.6,92,,,
2025-08-09T07:00,28.8,88,,,
2025-08-09T08:00,30.5,81,,,
2025-08-09T09:00,32.2,74,,,
2025-08-09T10:00,33.8,60,,,
2025-08-09T11:00,34.6,56,,,
2025-08-09T12:00,35,55,,,
2025-08-09T13:00,35.4,54,,,
2025-08-09T14:00,35.6,52,,,
2025-08-09T15:00,35.1,55,,,
2025-08-09T16:00,34.6,56,,,
2025-08-09T17:00,34,61,,,
2025-08-09T18:00,32.3,69,,,
2025-08-09T19:00,31.2,74,,,
2025-08-09T20:00,31.3,73,,,
2025-08-09T21:00,30.6,77,,,
2025-08-09T22:00,30.1,83,,,
2025-08-09T23:00,30,84,,,
2025-08-10T00:00,29.6,84,,,
2025-08-10T01:00,29.3,87,,,
2025-08-10T02:00,29,88,,,
2025-08-10T03:00,28.9,88,,,
2025-08-10T04:00,28.3,91,,,
2025-08-10T05:00,27.9,93,,,
2025-08-10T06:00,28,92,,,
2025-08-10T07:00,29.1,90,,,
2025-08-10T08:00,30.6,84,,,
2025-08-10T09:00,31.7,78,,,
2025-08-10T10:00,32.8,73,,,
2025-08-10T11:00,33.1,71,,,
2025-08-10T12:00,32.4,75,,,
2025-08-10T13:00,33.5,71,,,
2025-08-10T14:00,34.2,64,,,
2025-08-10T15:00,33.3,68,,,
2025-08-10T16:00,32.8,70,,,
2025-08-10T17:00,32,74,,,
2025-08-10T18:00,30.2,82,,,
2025-08-10T19:00,29.6,83,,,
2025-08-10T20:00,30.4,81,,,
2025-08-10T21:00,29.8,85,,,
2025-08-10T22:00,29.4,87,,,
2025-08-10T23:00,29.1,89,,,
2025-08-11T00:00,28.6,91,,,
2025-08-11T01:00,28.3,91,,,
2025-08-11T02:00,27.8,94,,,
2025-08-11T03:00,27.3,95,,,
2025-08-11T04:00,26.7,97,,,
2025-08-11T05:00,26.9,97,,,
2025-08-11T06:00,26.9,97,,,
2025-08-11T07:00,27.8,92,,,
2025-08-11T08:00,29.9,84,,,
2025-08-11T09:00,31.5,76,,,
2025-08-11T10:00,32.3,72,,,
2025-08-11T11:00,33.3,66,,,
2025-08-11T12:00,34,63,,,
2025-08-11T13:00,33.2,66,,,
2025-08-11T14:00,32.7,70,,,
2025-08-11T15:00,32.4,73,,,
2025-08-11T16:00,32.8,69,,,
2025-08-11T17:00,32.3,69,,,
2025-08-11T18:00,31.4,74,,,
2025-08-11T19:00,30.3,79,,,
2025-08-11T20:00,30.4,80,,,
2025-08-11T21:00,29.7,84,,,
2025-08-11T22:00,29.2,87,,,
2025-08-11T23:00,28.8,90,,,
2025-08-12T00:00,28.5,92,,,
2025-08-12T01:00,28.2,94,,,
2025-08-12T02:00,27.6,93,,,
2025-08-12T03:00,27.5,92,,,
2025-08-12T04:00,27.3,93,,,
2025-08-12T05:00,26.9,94,,,
2025-08-12T06:00,26.7,93,,,
2025-08-12T07:00,27.7,88,,,
2025-08-12T08:00,30,83,,,
2025-08-12T09:00,31.2,78,,,
2025-08-12T10:00,32.3,70,,,
2025-08-12T11:00,33,66,,,
2025-08-12T12:00,33.4,65,,,
2025-08-12T13:00,33.2,65,,,
2025-08-12T14:00,32,72,,,
2025-08-12T15:00,32.8,69,,,
2025-08-12T16:00,32.6,70,,,
2025-08-12T17:00,31.5,72,,,
2025-08-12T18:00,30.9,77,,,
2025-08-12T19:00,30,83,,,
2025-08-12T20:00,29,85,,,
2025-08-12T21:00,28.4,88,,,
2025-08-12T22:00,28,90,,,
2025-08-12T23:00,27.8,92,,,
2025-08-13T00:00,27.5,94,,,
2025-08-13T01:00,27.3,95,,,
2025-08-13T02:00,26.9,96,,,
2025-08-13T03:00,26.8,98,,,
2025-08-13T04:00,26.6,96,,,
2025-08-13T05:00,25.9,97,,,
2025-08-13T06:00,25.9,96,,,
2025-08-13T07:00,26.8,91,,,
2025-08-13T08:00,28,82,,,
2025-08-13T09:00,29.3,76,,,
2025-08-13T10:00,30,75,,,
2025-08-13T11:00,30.8,71,,,
2025-08-13T12:00,31.6,70,,,
2025-08-13T13:00,32.3,69,,,
2025-08-13T14:00,32.7,68,,,
2025-08-13T15:00,32.7,68,,,
2025-08-13T16:00,32.6,67,,,
2025-08-13T17:00,32.4,68,,,
2025-08-13T18:00,32.1,68,,,
2025-08-13T19:00,30.4,80,,,
2025-08-13T20:00,29.2,86,,,
2025-08-13T21:00,29,87,,,
2025-08-13T22:00,28.7,89,,,
2025-08-13T23:00,28.3,91,,,
2025-08-14T00:00,28,92,,,
2025-08-14T01:00,27.7,94,,,
2025-08-14T02:00,27.4,95,,,
2025-08-14T03:00,27.1,95,,,
2025-08-14T04:00,27.1,95,,,
2025-08-14T05:00,26.8,96,,,
2025-08-14T06:00,26.8,98,,,
2025-08-14T07:00,28.1,91,,,
2025-08-14T08:00,29.5,84,,,
2025-08-14T09:00,30.8,79,,,
2025-08-14T10:00,31.7,77,,,
2025-08-14T11:00,32.4,75,,,
2025-08-14T12:00,32.1,76,,,
2025-08-14T13:00,30.7,78,,,
2025-08-14T14:00,31.9,73,,,
2025-08-14T15:00,32.2,72,,,
2025-08-14T16:00,32.4,71,,,
2025-08-14T17:00,32.4,70,,,
2025-08-14T18:00,31.2,76,,,
2025-08-14T19:00,30.1,83,,,
2025-08-14T20:00,29.7,85,,,
2025-08-14T21:00,29.2,88,,,
2025-08-14T22:00,29.1,88,,,
2025-08-14T23:00,28.9,87,,,
2025-08-15T00:00,28.5,87,,,
2025-08-15T01:00,28.2,87,,,
2025-08-15T02:00,25.5,96,,,
2025-08-15T03:00,24.9,97,,,
2025-08-15T04:00,24.9,96,,,
2025-08-15T05:00,24.7,96,,,
2025-08-15T06:00,24.7,96,,,
2025-08-15T07:00,25.2,93,,,
2025-08-15T08:00,26.1,89,,,
2025-08-15T09:00,25.8,91,,,
2025-08-15T10:00,27.1,84,,,
2025-08-15T11:00,28.2,80,,,
2025-08-15T12:00,28.5,79,,,
2025-08-15T13:00,27.7,84,,,
2025-08-15T14:00,27.5,87,,,
2025-08-15T15:00,28.9,81,,,
2025-08-15T16:00,28.6,82,,,
2025-08-15T17:00,27.9,80,,,
2025-08-15T18:00,27.3,88,,,
2025-08-15T19:00,26.6,88,,,
2025-08-15T20:00,26,91,,,
2025-08-15T21:00,25.5,93,,,
2025-08-15T22:00,25.4,93,,,
2025-08-15T23:00,25.3,94,,,
2025-08-16T00:00,24.9,97,,,
2025-08-16T01:00,23.7,97,,,
2025-08-16T02:00,23.7,97,,,
2025-08-16T03:00,23.6,97,,,
2025-08-16T04:00,23.5,98,,,
2025-08-16T05:00,23.4,99,,,
2025-08-16T06:00,23.5,98,,,
2025-08-16T07:00,24,95,,,
2025-08-16T08:00,24.7,93,,,
2025-08-16T09:00,24.7,93,,,
2025-08-16T10:00,25.7,89,,,
2025-08-16T11:00,27.9,79,,,
2025-08-16T12:00,28.9,76,,,
2025-08-16T13:00,30,71,,,
2025-08-16T14:00,27.2,81,,,
2025-08-16T15:00,25.8,90,,,
2025-08-16T16:00,27.1,86,,,
2025-08-16T17:00,27.9,83,,,
2025-08-16T18:00,27.1,87,,,
2025-08-16T19:00,26.2,92,,,
2025-08-16T20:00,25.8,91,,,
2025-08-16T21:00,25.6,93,,,
2025-08-16T22:00,25.5,93,,,
2025-08-16T23:00,25.4,94,,,
2025-08-17T00:00,25.2,96,,,
2025-08-17T01:00,25,97,,,
2025-08-17T02:00,24.8,98,,,
2025-08-17T03:00,24.6,97,,,
2025-08-17T04:00,24.5,96,,,
2025-08-17T05:00,24.6,94,,,
2025-08-17T06:00,24.3,96,,,
2025-08-17T07:00,25.2,95,,,
2025-08-17T08:00,27,85,,,
2025-08-17T09:00,28.5,77,,,
2025-08-17T10:00,29.1,75,,,
2025-08-17T11:00,30.9,67,,,
2025-08-17T12:00,31.2,66,,,
2025-08-17T13:00,31.6,67,,,
2025-08-17T14:00,31.9,67,,,
2025-08-17T15:00,28.9,80,,,
2025-08-17T16:00,26.7,87,,,
2025-08-17T17:00,26.7,89,,,
2025-08-17T18:00,26.5,91,,,
2025-08-17T19:00,25.9,94,,,
2025-08-17T20:00,25.3,94,,,
2025-08-17T21:00,24.6,94,,,
2025-08-17T22:00,24.5,96,,,
2025-08-17T23:00,24.8,94,,,
2025-08-18T00:00,24.7,94,,,
2025-08-18T01:00,24.7,93,,,
2025-08-18T02:00,24.1,97,,,
2025-08-18T03:00,24.2,97,,,
2025-08-18T04:00,24.2,96,,,
2025-08-18T05:00,24.1,96,,,
2025-08-18T06:00,24.2,96,,,
2025-08-18T07:00,25.2,93,,,
2025-08-18T08:00,27.4,85,,,
2025-08-18T09:00,29.2,80,,,
2025-08-18T10:00,29.1,73,,,
2025-08-18T11:00,27.8,80,,,
2025-08-18T12:00,27.4,87,,,
2025-08-18T13:00,27.8,87,,,
2025-08-18T14:00,28.1,83,,,
2025-08-18T15:00,28.6,79,,,
2025-08-18T16:00,27.9,82,,,
2025-08-18T17:00,27.8,83,,,
2025-08-18T18:00,27.3,87,,,
2025-08-18T19:00,26.5,91,,,
2025-08-18T20:00,25.3,96,,,
2025-08-18T21:00,25.2,96,,,
2025-08-18T22:00,25.1,94,,,
2025-08-18T23:00,25.2,95,,,
2025-08-19T00:00,25.3,95,,,
2025-08-19T01:00,25,95,,,
2025-08-19T02:00,24.6,98,,,
2025-08-19T03:00,24.6,97,,,
2025-08-19T04:00,24.6,98,,,
2025-08-19T05:00,24.8,98,,,
2025-08-19T06:00,25,98,,,
2025-08-19T07:00,25.2,97,,,
2025-08-19T08:00,25.7,95,,,
2025-08-19T09:00,26,95,,,
2025-08-19T10:00,26.5,91,,,
2025-08-19T11:00,27.2,87,,,
2025-08-19T12:00,27.6,86,,,
2025-08-19T13:00,27.3,87,,,
2025-08-19T14:00,27.9,83,,,
2025-08-19T15:00,28.8,79,,,
2025-08-19T16:00,29.1,79,,,
2025-08-19T17:00,28.3,85,,,
2025-08-19T18:00,27.7,88,,,
2025-08-19T19:00,27.1,89,,,
2025-08-19T20:00,26.6,90,,,
2025-08-19T21:00,26.6,90,,,
2025-08-19T22:00,26.6,91,,,
2025-08-19T23:00,26.6,91,,,
2025-08-20T00:00,26.5,92,,,
2025-08-20T01:00,26.3,92,,,
2025-08-20T02:00,26,94,,,
2025-08-20T03:00,25.9,95,,,
2025-08-20T04:00,25.9,96,,,
2025-08-20T05:00,25.9,97,,,
2025-08-20T06:00,26.3,97,,,
2025-08-20T07:00,27.5,93,,,
2025-08-20T08:00,28.8,87,,,
2025-08-20T09:00,30.2,79,,,
2025-08-20T10:00,31.2,74,,,
2025-08-20T11:00,31.8,71,,,
2025-08-20T12:00,32.4,69,,,
2025-08-20T13:00,32.5,69,,,
2025-08-20T14:00,31.7,72,,,
2025-08-20T15:00,31.4,71,,,
2025-08-20T16:00,31.1,73,,,
2025-08-20T17:00,30.5,76,,,
2025-08-20T18:00,29.8,79,,,
2025-08-20T19:00,29,82,,,
2025-08-20T20:00,27.4,84,,,
2025-08-20T21:00,27.4,85,,,
2025-08-20T22:00,27.2,87,,,
2025-08-20T23:00,27.2,89,,,
2025-08-21T00:00,27.3,91,,,
2025-08-21T01:00,27,94,,,
2025-08-21T02:00,26.8,95,,,
2025-08-21T03:00,25.7,97,,,
2025-08-21T04:00,26,97,,,
2025-08-21T05:00,26.3,96,,,
2025-08-21T06:00,26.1,97,,,
2025-08-21T07:00,26.7,94,,,
2025-08-21T08:00,26.5,93,,,
2025-08-21T09:00,27.9,89,,,
2025-08-21T10:00,29.4,82,,,
2025-08-21T11:00,30.2,81,,,
2025-08-21T12:00,27.6,86,,,
2025-08-21T13:00,28,88,,,
2025-08-21T14:00,29.4,81,,,
2025-08-21T15:00,29.9,80,,,
2025-08-21T16:00,30,79,,,
2025-08-21T17:00,29.5,83,,,
2025-08-21T18:00,29.1,84,,,
2025-08-21T19:00,28.5,86,,,
2025-08-21T20:00,27.8,89,,,
2025-08-21T21:00,27.5,89,,,
2025-08-21T22:00,27.2,92,,,
2025-08-21T23:00,27.5,92,,,
2025-08-22T00:00,27.5,92,,,
2025-08-22T01:00,27.3,92,,,
2025-08-22T02:00,27.3,92,,,
2025-08-22T03:00,27.1,92,,,
2025-08-22T04:00,27,92,,,
2025-08-22T05:00,27,92,,,
2025-08-22T06:00,26.9,91,,,
2025-08-22T07:00,27.7,87,,,
2025-08-22T08:00,28.8,83,,,
2025-08-22T09:00,29.9,79,,,
2025-08-22T10:00,30.5,77,,,
2025-08-22T11:00,31,75,,,
2025-08-22T12:00,31.2,76,,,
2025-08-22T13:00,30.4,80,,,
2025-08-22T14:00,31.3,76,,,
2025-08-22T15:00,30.6,72,,,
2025-08-22T16:00,30.5,73,,,
2025-08-22T17:00,30.1,74,,,
2025-08-22T18:00,29.3,78,,,
2025-08-22T19:00,28.6,81,,,
2025-08-22T20:00,28,82,,,
2025-08-22T21:00,27.6,85,,,
2025-08-22T22:00,27.3,88,,,
2025-08-22T23:00,27.1,90,,,
2025-08-23T00:00,26.8,92,,,
2025-08-23T01:00,26.6,93,,,
2025-08-23T02:00,26,95,,,
2025-08-23T03:00,26.1,94,,,
2025-08-23T04:00,25.7,96,,,
2025-08-23T05:00,25.4,96,,,
2025-08-23T06:00,25.5,96,,,
2025-08-23T07:00,26.5,92,,,
2025-08-23T08:00,28.1,85,,,
2025-08-23T09:00,29.1,80,,,
2025-08-23T10:00,30.4,74,,,
2025-08-23T11:00,27.8,85,,,
2025-08-23T12:00,28.8,79,,,
2025-08-23T13:00,29.9,73,,,
2025-08-23T14:00,29.9,73,,,
2025-08-23T15:00,30,73,,,
2025-08-23T16:00,30.1,73,,,
2025-08-23T17:00,30.1,73,,,
2025-08-23T18:00,29.3,82,,,
2025-08-23T19:00,28.1,84,,,
2025-08-23T20:00,27.1,91,,,
2025-08-23T21:00,26.9,92,,,
2025-08-23T22:00,26.7,93,,,
2025-08-23T23:00,26.4,95,,,
2025-08-24T00:00,26.5,96,,,
2025-08-24T01:00,26.2,96,,,
2025-08-24T02:00,25.7,97,,,
2025-08-24T03:00,25.3,98,,,
2025-08-24T04:00,25.4,99,,,
2025-08-24T05:00,25.3,98,,,
2025-08-24T06:00,25.3,98,,,
2025-08-24T07:00,26.4,95,,,
2025-08-24T08:00,28.8,87,,,
2025-08-24T09:00,30.4,78,,,
2025-08-24T10:00,31.4,72,,,
2025-08-24T11:00,32,69,,,
2025-08-24T12:00,32.1,68,,,
2025-08-24T13:00,29.6,74,,,
2025-08-24T14:00,28.2,83,,,
2025-08-24T15:00,28.4,83,,,
2025-08-24T16:00,29,81,,,
2025-08-24T17:00,28.1,84,,,
2025-08-24T18:00,27.3,85,,,
2025-08-24T19:00,26.7,87,,,
2025-08-24T20:00,26.3,90,,,
2025-08-24T21:00,26.1,92,,,
2025-08-24T22:00,25.8,91,,,
2025-08-24T23:00,25.7,91,,,
2025-08-25T00:00,26.2,89,,,
2025-08-25T01:00,26.4,86,,,
2025-08-25T02:00,26.4,84,,,
2025-08-25T03:00,26.2,83,,,
2025-08-25T04:00,25.9,83,,,
2025-08-25T05:00,25.8,83,,,
2025-08-25T06:00,24.9,90,,,
2025-08-25T07:00,25,89,,,
2025-08-25T08:00,26.9,80,,,
2025-08-25T09:00,26.6,83,,,
2025-08-25T10:00,26.3,86,,,
2025-08-25T11:00,26.9,84,,,
2025-08-25T12:00,26.3,90,,,
2025-08-25T13:00,26.3,91,,,
2025-08-25T14:00,26.4,87,,,
2025-08-25T15:00,26.2,91,,,
2025-08-25T16:00,26.6,87,,,
2025-08-25T17:00,25.8,92,,,
2025-08-25T18:00,25.1,93,,,
2025-08-25T19:00,25,94,,,
2025-08-25T20:00,25.6,93,,,
2025-08-25T21:00,25.1,93,,,
2025-08-25T22:00,25,93,,,
2025-08-25T23:00,24.4,94,,,
2025-08-26T00:00,24.1,93,,,
2025-08-26T01:00,23.7,95,,,
2025-08-26T02:00,23.8,96,,,
2025-08-26T03:00,23.8,96,,,
2025-08-26T04:00,23.9,96,,,
2025-08-26T05:00,24,96,,,
2025-08-26T06:00,24,96,,,
2025-08-26T07:00,23.9,96,,,
2025-08-26T08:00,24.7,96,,,
2025-08-26T09:00,24.7,96,,,
2025-08-26T10:00,24.8,97,,,
2025-08-26T11:00,25.3,95,,,
2025-08-26T12:00,24.9,96,,,
2025-08-26T13:00,25.8,95,,,
2025-08-26T14:00,26.8,92,,,
2025-08-26T15:00,26.3,88,,,
2025-08-26T16:00,26.3,87,,,
2025-08-26T17:00,25.6,92,,,
2025-08-26T18:00,25.8,91,,,
2025-08-26T19:00,25.4,94,,,
2025-08-26T20:00,24.6,96,,,
2025-08-26T21:00,24.3,96,,,
2025-08-26T22:00,24.3,96,,,
2025-08-26T23:00,24.1,97,,,
2025-08-27T00:00,23.9,99,,,
2025-08-27T01:00,23.9,99,,,
2025-08-27T02:00,23.7,99,,,
2025-08-27T03:00,23.7,98,,,
2025-08-27T04:00,23.6,98,,,
2025-08-27T05:00,23.6,98,,,
2025-08-27T06:00,23.6,97,,,
2025-08-27T07:00,23.8,98,,,
2025-08-27T08:00,24.2,98,,,
2025-08-27T09:00,24.5,97,,,
2025-08-27T10:00,24.9,96,,,
2025-08-27T11:00,25.2,94,,,
2025-08-27T12:00,25.9,93,,,
2025-08-27T13:00,27.1,89,,,
2025-08-27T14:00,27.4,86,,,
2025-08-27T15:00,28.2,80,,,
2025-08-27T16:00,28,80,,,
2025-08-27T17:00,27.4,83,,,
2025-08-27T18:00,26.6,89,,,
2025-08-27T19:00,26,92,,,
2025-08-27T20:00,25.4,93,,,
2025-08-27T21:00,25.3,94,,,
2025-08-27T22:00,25.2,94,,,
2025-08-27T23:00,24.9,96,,,
2025-08-28T00:00,24.5,98,,,
2025-08-28T01:00,24.3,99,,,
2025-08-28T02:00,24.1,99,,,
2025-08-28T03:00,24.1,99,,,
2025-08-28T04:00,23.9,99,,,
2025-08-28T05:00,23.7,99,,,
2025-08-28T06:00,23.9,98,,,
2025-08-28T07:00,25.2,94,,,
2025-08-28T08:00,26.7,91,,,
2025-08-28T09:00,28,87,,,
2025-08-28T10:00,29.1,79,,,
2025-08-28T11:00,29.9,71,,,
2025-08-28T12:00,30.3,69,,,
2025-08-28T13:00,30.7,69,,,
2025-08-28T14:00,30.5,70,,,
2025-08-28T15:00,30.5,64,,,
2025-08-28T16:00,27.7,81,,,
2025-08-28T17:00,27.6,82,,,
2025-08-28T18:00,27.2,88,,,
2025-08-28T19:00,26.6,90,,,
2025-08-28T20:00,27.5,85,,,
2025-08-28T21:00,27.6,84,,,
2025-08-28T22:00,26.6,89,,,
2025-08-28T23:00,26,94,,,
2025-08-29T00:00,25.6,96,,,
2025-08-29T01:00,25.2,98,,,
2025-08-29T02:00,24.9,97,,,
2025-08-29T03:00,24.6,96,,,
2025-08-29T04:00,24.5,95,,,
2025-08-29T05:00,23.9,94,,,
2025-08-29T06:00,24.1,94,,,
2025-08-29T07:00,24.8,93,,,
2025-08-29T08:00,27.4,80,,,
2025-08-29T09:00,27.5,80,,,
2025-08-29T10:00,29.3,73,,,
2025-08-29T11:00,30.5,69,,,
2025-08-29T12:00,30.9,69,,,
2025-08-29T13:00,30.2,71,,,
2025-08-29T14:00,29,78,,,
2025-08-29T15:00,27.3,79,,,
2025-08-29T16:00,26.7,86,,,
2025-08-29T17:00,27.1,85,,,
2025-08-29T18:00,26.2,93,,,
2025-08-29T19:00,26.2,93,,,
2025-08-29T20:00,26.7,92,,,
2025-08-29T21:00,26.6,92,,,
2025-08-29T22:00,26.6,88,,,
2025-08-29T23:00,26.3,87,,,
2025-08-30T00:00,25.9,89,,,
2025-08-30T01:00,25.5,91,,,
2025-08-30T02:00,25.2,94,,,
2025-08-30T03:00,25,93,,,
2025-08-30T04:00,24.5,96,,,
2025-08-30T05:00,24.4,96,,,
2025-08-30T06:00,24.5,96,,,
2025-08-30T07:00,25.3,94,,,
2025-08-30T08:00,27.9,85,,,
2025-08-30T09:00,29.3,74,,,
2025-08-30T10:00,29.3,74,,,
2025-08-30T11:00,30.1,74,,,
2025-08-30T12:00,28.5,85,,,
2025-08-30T13:00,29.9,72,,,
2025-08-30T14:00,28.6,82,,,
2025-08-30T15:00,28.3,84,,,
2025-08-30T16:00,27.5,88,,,
2025-08-30T17:00,26.1,91,,,
2025-08-30T18:00,25.2,95,,,
2025-08-30T19:00,25.7,94,,,
2025-08-30T20:00,24.9,96,,,
2025-08-30T21:00,25,94,,,
2025-08-30T22:00,24.8,94,,,
2025-08-30T23:00,25.1,93,,,
2025-08-31T00:00,25.1,95,,,
2025-08-31T01:00,24.5,97,,,
2025-08-31T02:00,24.1,99,,,
2025-08-31T03:00,24.3,98,,,
2025-08-31T04:00,24,98,,,
2025-08-31T05:00,23.8,100,,,
2025-08-31T06:00,23.5,99,,,
2025-08-31T07:00,24.4,95,,,
2025-08-31T08:00,25.3,95,,,
2025-08-31T09:00,26.4,88,,,
2025-08-31T10:00,27.9,85,,,
2025-08-31T11:00,29.9,75,,,
2025-08-31T12:00,30.6,73,,,
2025-08-31T13:00,26.6,90,,,
2025-08-31T14:00,27.2,86,,,
2025-08-31T15:00,27.6,85,,,
2025-08-31T16:00,27.5,84,,,
2025-08-31T17:00,27.2,86,,,
2025-08-31T18:00,26.6,91,,,
2025-08-31T19:00,26.1,91,,,
2025-08-31T20:00,26.3,91,,,
2025-08-31T21:00,26,92,,,
2025-08-31T22:00,25.8,93,,,
2025-08-31T23:00,25.4,96,,,
2025-09-01T00:00,25.4,97,,,
2025-09-01T01:00,25.5,98,,,
2025-09-01T02:00,25.3,99,,,
2025-09-01T03:00,24.5,99,,,
2025-09-01T04:00,24.5,98,,,
2025-09-01T05:00,24.5,98,,,
2025-09-01T06:00,24.2,99,,,
2025-09-01T07:00,24.9,94,,,
2025-09-01T08:00,25.6,93,,,
2025-09-01T09:00,26.3,89,,,
2025-09-01T10:00,28.1,82,,,
2025-09-01T11:00,29.2,78,,,
2025-09-01T12:00,29.6,77,,,
2025-09-01T13:00,30.2,73,,,
2025-09-01T14:00,30.5,72,,,
2025-09-01T15:00,30.7,69,,,
2025-09-01T16:00,30.2,71,,,
2025-09-01T17:00,29.2,77,,,
2025-09-01T18:00,28.1,85,,,
2025-09-01T19:00,27.5,88,,,
2025-09-01T20:00,26.9,90,,,
2025-09-01T21:00,26.4,93,,,
2025-09-01T22:00,26.2,93,,,
2025-09-01T23:00,26,94,,,
2025-09-02T00:00,25.8,95,,,
2025-09-02T01:00,25.6,96,,,
2025-09-02T02:00,25.5,97,,,
2025-09-02T03:00,25.2,99,,,
2025-09-02T04:00,25,100,,,
2025-09-02T05:00,25,99,,,
2025-09-02T06:00,25,99,,,
2025-09-02T07:00,25.9,94,,,
2025-09-02T08:00,28,87,,,
2025-09-02T09:00,29.3,80,,,
2025-09-02T10:00,30.2,75,,,
2025-09-02T11:00,30.8,72,,,
2025-09-02T12:00,31.2,71,,,
2025-09-02T13:00,31.3,70,,,
2025-09-02T14:00,31.5,72,,,
2025-09-02T15:00,31.2,71,,,
2025-09-02T16:00,31.1,69,,,
2025-09-02T17:00,29.6,76,,,
2025-09-02T18:00,28.6,83,,,
2025-09-02T19:00,28,87,,,
2025-09-02T20:00,27.1,89,,,
2025-09-02T21:00,26.9,89,,,
2025-09-02T22:00,26.9,89,,,
2025-09-02T23:00,26.7,90,,,
2025-09-03T00:00,26.4,93,,,
2025-09-03T01:00,26.2,95,,,
2025-09-03T02:00,25.9,96,,,
2025-09-03T03:00,25.7,97,,,
2025-09-03T04:00,25.6,97,,,
2025-09-03T05:00,25.4,98,,,
2025-09-03T06:00,25.4,99,,,
2025-09-03T07:00,26.7,95,,,
2025-09-03T08:00,29,84,,,
2025-09-03T09:00,30.2,74,,,
2025-09-03T10:00,31.1,69,,,
2025-09-03T11:00,31.6,66,,,
2025-09-03T12:00,32.1,64,,,
2025-09-03T13:00,32.6,61,,,
2025-09-03T14:00,32.1,64,,,
2025-09-03T15:00,31.9,67,,,
2025-09-03T16:00,31.6,69,,,
2025-09-03T17:00,30.1,77,,,
2025-09-03T18:00,29.3,82,,,
2025-09-03T19:00,28.8,84,,,
2025-09-03T20:00,28.4,83,,,
2025-09-03T21:00,28.1,86,,,
2025-09-03T22:00,27.6,88,,,
2025-09-03T23:00,27.2,90,,,
2025-09-04T00:00,26.8,91,,,
2025-09-04T01:00,26.6,91,,,
2025-09-04T02:00,26.3,93,,,
2025-09-04T03:00,26.1,94,,,
2025-09-04T04:00,25.8,96,,,
2025-09-04T05:00,25.5,97,,,
2025-09-04T06:00,25.5,97,,,
2025-09-04T07:00,26.7,94,,,
2025-09-04T08:00,29.1,85,,,
2025-09-04T09:00,30.6,72,,,
2025-09-04T10:00,31.6,65,,,
2025-09-04T11:00,32.1,62,,,
2025-09-04T12:00,32.6,61,,,
2025-09-04T13:00,32.8,61,,,
2025-09-04T14:00,32.8,63,,,
2025-09-04T15:00,32.6,65,,,
2025-09-04T16:00,32.3,67,,,
2025-09-04T17:00,31.2,73,,,
2025-09-04T18:00,29.9,81,,,
2025-09-04T19:00,29.2,83,,,
2025-09-04T20:00,29.5,77,,,
2025-09-04T21:00,28.7,80,,,
2025-09-04T22:00,28,84,,,
2025-09-04T23:00,27.5,88,,,
2025-09-05T00:00,27.1,90,,,
2025-09-05T01:00,26.8,92,,,
2025-09-05T02:00,26.6,93,,,
2025-09-05T03:00,26.2,95,,,
2025-09-05T04:00,26,97,,,
2025-09-05T05:00,25.8,97,,,
2025-09-05T06:00,25.7,98,,,
2025-09-05T07:00,27,94,,,
2025-09-05T08:00,29.4,84,,,
2025-09-05T09:00,30.7,72,,,
2025-09-05T10:00,31.8,65,,,
2025-09-05T11:00,32.6,62,,,
2025-09-05T12:00,33,60,,,
2025-09-05T13:00,33.1,60,,,
2025-09-05T14:00,33.3,61,,,
2025-09-05T15:00,33.1,63,,,
2025-09-05T16:00,32.7,65,,,
2025-09-05T17:00,31.9,70,,,
2025-09-05T18:00,30.6,77,,,
2025-09-05T19:00,29.8,81,,,
2025-09-05T20:00,29.4,82,,,
2025-09-05T21:00,29,85,,,
2025-09-05T22:00,28.7,86,,,
2025-09-05T23:00,28.3,86,,,
2025-09-06T00:00,27.8,88,,,
2025-09-06T01:00,27.3,90,,,
2025-09-06T02:00,26.7,93,,,
2025-09-06T03:00,26.3,95,,,
2025-09-06T04:00,26.3,95,,,
2025-09-06T05:00,26.1,97,,,
2025-09-06T06:00,26.1,97,,,
2025-09-06T07:00,27.5,92,,,
2025-09-06T08:00,29.7,82,,,
2025-09-06T09:00,30.8,78,,,
2025-09-06T10:00,31.5,75,,,
2025-09-06T11:00,32.2,71,,,
2025-09-06T12:00,32.5,66,,,
2025-09-06T13:00,32.9,63,,,
2025-09-06T14:00,32.9,62,,,
2025-09-06T15:00,32.6,64,,,
2025-09-06T16:00,30.1,77,,,
2025-09-06T17:00,28.8,85,,,
2025-09-06T18:00,28.5,86,,,
2025-09-06T19:00,28.3,87,,,
2025-09-06T20:00,29.3,84,,,
2025-09-06T21:00,28.8,85,,,
2025-09-06T22:00,28.2,85,,,
2025-09-06T23:00,27.8,87,,,
2025-09-07T00:00,27.2,90,,,
2025-09-07T01:00,27,92,,,
2025-09-07T02:00,26.9,93,,,
2025-09-07T03:00,26.4,96,,,
2025-09-07T04:00,26.1,98,,,
2025-09-07T05:00,25.7,99,,,
2025-09-07T06:00,25.8,99,,,
2025-09-07T07:00,27.2,93,,,
2025-09-07T08:00,29.8,81,,,
2025-09-07T09:00,30.8,70,,,
2025-09-07T10:00,31.3,67,,,
2025-09-07T11:00,32.3,61,,,
2025-09-07T12:00,32.9,57,,,
2025-09-07T13:00,33.3,56,,,
2025-09-07T14:00,33.4,55,,,
2025-09-07T15:00,33.4,54,,,
2025-09-07T16:00,33,56,,,
2025-09-07T17:00,32.6,60,,,
2025-09-07T18:00,30.7,71,,,
2025-09-07T19:00,29.9,72,,,
2025-09-07T20:00,30.1,71,,,
2025-09-07T21:00,29.3,73,,,
2025-09-07T22:00,29,74,,,
2025-09-07T23:00,28.5,77,,,
2025-09-08T00:00,28,80,,,
2025-09-08T01:00,27.7,81,,,
2025-09-08T02:00,27.6,81,,,
2025-09-08T03:00,27.4,82,,,
2025-09-08T04:00,26.8,85,,,
2025-09-08T05:00,26.8,85,,,
2025-09-08T06:00,26.5,88,,,
2025-09-08T07:00,27.8,84,,,
2025-09-08T08:00,29.6,79,,,
2025-09-08T09:00,31.2,72,,,
2025-09-08T10:00,32.9,64,,,
2025-09-08T11:00,33.6,59,,,
2025-09-08T12:00,33.9,58,,,
2025-09-08T13:00,34.3,57,,,
2025-09-08T14:00,34.4,57,,,
2025-09-08T15:00,34.3,57,,,
2025-09-08T16:00,34.3,56,,,
2025-09-08T17:00,33.4,62,,,
2025-09-08T18:00,31.8,70,,,
2025-09-08T19:00,31.2,73,,,
2025-09-08T20:00,30.4,77,,,
2025-09-08T21:00,29.7,80,,,
2025-09-08T22:00,29.3,80,,,
2025-09-08T23:00,29,80,,,
2025-09-09T00:00,28.6,82,,,
2025-09-09T01:00,28.3,84,,,
2025-09-09T02:00,27.9,87,,,
2025-09-09T03:00,27.5,89,,,
2025-09-09T04:00,27.4,90,,,
2025-09-09T05:00,27.1,93,,,
2025-09-09T06:00,27.1,93,,,
2025-09-09T07:00,27.7,91,,,
2025-09-09T08:00,29.5,85,,,
2025-09-09T09:00,30.2,81,,,
2025-09-09T10:00,30.7,80,,,
2025-09-09T11:00,31.6,77,,,
2025-09-09T12:00,32,75,,,
2025-09-09T13:00,30.6,77,,,
2025-09-09T14:00,31.1,75,,,
2025-09-09T15:00,31.6,73,,,
2025-09-09T16:00,27.5,87,,,
2025-09-09T17:00,27.3,88,,,
2025-09-09T18:00,27.1,90,,,
2025-09-09T19:00,26.8,93,,,
2025-09-09T20:00,26.5,95,,,
2025-09-09T21:00,26.6,94,,,
2025-09-09T22:00,26.5,95,,,
2025-09-09T23:00,26.3,97,,,
2025-09-10T00:00,26.4,95,,,
2025-09-10T01:00,26.3,95,,,
2025-09-10T02:00,26,96,,,
2025-09-10T03:00,26,96,,,
2025-09-10T04:00,25.9,97,,,
2025-09-10T05:00,25.7,98,,,
2025-09-10T06:00,25.6,98,,,
2025-09-10T07:00,26.8,93,,,
2025-09-10T08:00,27.9,87,,,
2025-09-10T09:00,28.8,83,,,
2025-09-10T10:00,29.9,80,,,
2025-09-10T11:00,30.8,76,,,
2025-09-10T12:00,31.4,73,,,
2025-09-10T13:00,29.7,81,,,
2025-09-10T14:00,30.7,79,,,
2025-09-10T15:00,31.1,77,,,
2025-09-10T16:00,31,77,,,
2025-09-10T17:00,30.2,77,,,
2025-09-10T18:00,29,86,,,
2025-09-10T19:00,28.3,88,,,
2025-09-10T20:00,27,94,,,
2025-09-10T21:00,26.8,96,,,
2025-09-10T22:00,27.1,94,,,
2025-09-10T23:00,27.1,94,,,
2025-09-11T00:00,26.5,94,,,
2025-09-11T01:00,26,95,,,
2025-09-11T02:00,25.4,97,,,
2025-09-11T03:00,25.4,95,,,
2025-09-11T04:00,25.2,96,,,
2025-09-11T05:00,25.1,96,,,
2025-09-11T06:00,25.1,96,,,
2025-09-11T07:00,25.8,92,,,
2025-09-11T08:00,26.1,93,,,
2025-09-11T09:00,27.7,86,,,
2025-09-11T10:00,29.2,82,,,
2025-09-11T11:00,30.9,75,,,
2025-09-11T12:00,29.2,80,,,
2025-09-11T13:00,26.7,89,,,
2025-09-11T14:00,27.8,88,,,
2025-09-11T15:00,29.8,78,,,
2025-09-11T16:00,30.3,77,,,
2025-09-11T17:00,30,79,,,
2025-09-11T18:00,28.4,84,,,
2025-09-11T19:00,27.8,88,,,
2025-09-11T20:00,27.3,91,,,
2025-09-11T21:00,26.9,92,,,
2025-09-11T22:00,26.2,94,,,
2025-09-11T23:00,26.1,93,,,
2025-09-12T00:00,25.8,94,,,
2025-09-12T01:00,25.5,96,,,
2025-09-12T02:00,25.3,97,,,
2025-09-12T03:00,25.1,98,,,
2025-09-12T04:00,25.1,98,,,
2025-09-12T05:00,25.1,97,,,
2025-09-12T06:00,25,98,,,
2025-09-12T07:00,25.9,94,,,
2025-09-12T08:00,27.1,88,,,
2025-09-12T09:00,28.4,81,,,
2025-09-12T10:00,29.7,78,,,
2025-09-12T11:00,30.6,77,,,
2025-09-12T12:00,31.2,75,,,
2025-09-12T13:00,31.2,75,,,
2025-09-12T14:00,28.1,86,,,
2025-09-12T15:00,29.2,82,,,
2025-09-12T16:00,30.1,79,,,
2025-09-12T17:00,26.1,90,,,
2025-09-12T18:00,25.9,93,,,
2025-09-12T19:00,26,95,,,
2025-09-12T20:00,26.1,92,,,
2025-09-12T21:00,26.1,93,,,
2025-09-12T22:00,25.9,95,,,
2025-09-12T23:00,25.8,96,,,
2025-09-13T00:00,25.9,96,,,
2025-09-13T01:00,25.7,96,,,
2025-09-13T02:00,25.5,97,,,
2025-09-13T03:00,25.4,98,,,
2025-09-13T04:00,25.2,99,,,
2025-09-13T05:00,25.1,99,,,
2025-09-13T06:00,25,99,,,
2025-09-13T07:00,26.4,96,,,
2025-09-13T08:00,28.4,88,,,
2025-09-13T09:00,29.6,78,,,
2025-09-13T10:00,30.5,74,,,
2025-09-13T11:00,31.2,69,,,
2025-09-13T12:00,31.8,66,,,
2025-09-13T13:00,32.1,64,,,
2025-09-13T14:00,32.1,64,,,
2025-09-13T15:00,32.1,65,,,
2025-09-13T16:00,31.8,65,,,
2025-09-13T17:00,30.4,74,,,
2025-09-13T18:00,29.1,80,,,
2025-09-13T19:00,28.5,83,,,
2025-09-13T20:00,28.7,82,,,
2025-09-13T21:00,28.2,80,,,
2025-09-13T22:00,27.4,83,,,
2025-09-13T23:00,26.9,87,,,
2025-09-14T00:00,26.4,91,,,
2025-09-14T01:00,25.9,94,,,
2025-09-14T02:00,25.7,94,,,
2025-09-14T03:00,25.5,96,,,
2025-09-14T04:00,25.1,98,,,
2025-09-14T05:00,25.4,97,,,
2025-09-14T06:00,25.2,97,,,
2025-09-14T07:00,26.2,94,,,
2025-09-14T08:00,28.5,84,,,
2025-09-14T09:00,29.9,74,,,
2025-09-14T10:00,30.8,70,,,
2025-09-14T11:00,31.3,68,,,
2025-09-14T12:00,29.4,77,,,
2025-09-14T13:00,30.4,73,,,
2025-09-14T14:00,31.2,67,,,
2025-09-14T15:00,30.6,71,,,
2025-09-14T16:00,30.2,74,,,
2025-09-14T17:00,29.6,76,,,
2025-09-14T18:00,28.8,81,,,
2025-09-14T19:00,27.9,86,,,
2025-09-14T20:00,27.5,87,,,
2025-09-14T21:00,27.3,89,,,
2025-09-14T22:00,27.1,91,,,
2025-09-14T23:00,27,92,,,
2025-09-15T00:00,26.7,94,,,
2025-09-15T01:00,26.4,96,,,
2025-09-15T02:00,25.5,92,,,
2025-09-15T03:00,25.3,92,,,
2025-09-15T04:00,25.1,93,,,
2025-09-15T05:00,24.7,97,,,
2025-09-15T06:00,24.6,97,,,
2025-09-15T07:00,25,95,,,
2025-09-15T08:00,28,87,,,
2025-09-15T09:00,29.1,82,,,
2025-09-15T10:00,30.2,75,,,
2025-09-15T11:00,30.4,72,,,
2025-09-15T12:00,26.8,87,,,
2025-09-15T13:00,28.3,79,,,
2025-09-15T14:00,29,77,,,
2025-09-15T15:00,29.8,72,,,
2025-09-15T16:00,29.7,72,,,
2025-09-15T17:00,29.1,74,,,
2025-09-15T18:00,27.7,82,,,
2025-09-15T19:00,26.9,88,,,
2025-09-15T20:00,27,88,,,
2025-09-15T21:00,26.8,89,,,
2025-09-15T22:00,26.4,90,,,
2025-09-15T23:00,26.1,91,,,
2025-09-16T00:00,25.4,92,,,
2025-09-16T01:00,24.8,94,,,
2025-09-16T02:00,24.7,96,,,
2025-09-16T03:00,24.4,98,,,
2025-09-16T04:00,24.3,99,,,
2025-09-16T05:00,24.2,98,,,
2025-09-16T06:00,24.2,98,,,
2025-09-16T07:00,25.1,94,,,
2025-09-16T08:00,27,88,,,
2025-09-16T09:00,28.3,81,,,
2025-09-16T10:00,29.6,76,,,
2025-09-16T11:00,30.4,70,,,
2025-09-16T12:00,30.9,68,,,
2025-09-16T13:00,31.3,67,,,
2025-09-16T14:00,31.3,67,,,
2025-09-16T15:00,31.7,65,,,
2025-09-16T16:00,31.3,66,,,
2025-09-16T17:00,30.9,69,,,
2025-09-16T18:00,29.5,76,,,
2025-09-16T19:00,28.7,79,,,
2025-09-16T20:00,28.1,79,,,
2025-09-16T21:00,27.4,83,,,
2025-09-16T22:00,27,86,,,
2025-09-16T23:00,26.8,87,,,
2025-09-17T00:00,26.5,89,,,
2025-09-17T01:00,26.1,92,,,
2025-09-17T02:00,26,93,,,
2025-09-17T03:00,25.4,96,,,
2025-09-17T04:00,24.9,97,,,
2025-09-17T05:00,24.6,97,,,
2025-09-17T06:00,24.6,98,,,
2025-09-17T07:00,25.2,94,,,
2025-09-17T08:00,28.6,80,,,
2025-09-17T09:00,29.6,74,,,
2025-09-17T10:00,30.2,72,,,
2025-09-17T11:00,31.1,69,,,
2025-09-17T12:00,31.4,68,,,
2025-09-17T13:00,31.9,66,,,
2025-09-17T14:00,25.7,93,,,
2025-09-17T15:00,26.2,89,,,
2025-09-17T16:00,27,87,,,
2025-09-17T17:00,27.1,85,,,
2025-09-17T18:00,26.4,91,,,
2025-09-17T19:00,26.4,91,,,
2025-09-17T20:00,26.7,90,,,
2025-09-17T21:00,26.8,90,,,
2025-09-17T22:00,26,93,,,
2025-09-17T23:00,25.4,94,,,
2025-09-18T00:00,25,97,,,
2025-09-18T01:00,24.8,99,,,
2025-09-18T02:00,24.3,96,,,
2025-09-18T03:00,24.2,99,,,
2025-09-18T04:00,23.8,100,,,
2025-09-18T05:00,24,98,,,
2025-09-18T06:00,23.8,99,,,
2025-09-18T07:00,23.9,98,,,
2025-09-18T08:00,25.8,92,,,
2025-09-18T09:00,27.8,84,,,
2025-09-18T10:00,29.1,78,,,
2025-09-18T11:00,30.3,71,,,
2025-09-18T12:00,29.9,72,,,
2025-09-18T13:00,29.8,73,,,
2025-09-18T14:00,27.9,82,,,
2025-09-18T15:00,28.6,79,,,
2025-09-18T16:00,28.6,80,,,
2025-09-18T17:00,28.4,81,,,
2025-09-18T18:00,27.3,89,,,
2025-09-18T19:00,26.8,92,,,
2025-09-18T20:00,26.9,90,,,
2025-09-18T21:00,26.8,90,,,
2025-09-18T22:00,26.3,94,,,
2025-09-18T23:00,26,95,,,
2025-09-19T00:00,25.9,96,,,
2025-09-19T01:00,25.7,96,,,
2025-09-19T02:00,25.1,98,,,
2025-09-19T03:00,24.7,98,,,
2025-09-19T04:00,24,99,,,
2025-09-19T05:00,24.2,98,,,
2025-09-19T06:00,24.2,98,,,
2025-09-19T07:00,25.1,96,,,
2025-09-19T08:00,27.6,87,,,
2025-09-19T09:00,28.8,80,,,
2025-09-19T10:00,29.8,73,,,
2025-09-19T11:00,30.6,69,,,
2025-09-19T12:00,31.4,65,,,
2025-09-19T13:00,31.9,63,,,
2025-09-19T14:00,32,62,,,
2025-09-19T15:00,31.5,65,,,
2025-09-19T16:00,30.1,72,,,
2025-09-19T17:00,28.5,81,,,
2025-09-19T18:00,27.6,88,,,
2025-09-19T19:00,27.5,88,,,
2025-09-19T20:00,27.1,90,,,
2025-09-19T21:00,26.9,91,,,
2025-09-19T22:00,26.6,93,,,
2025-09-19T23:00,26.5,93,,,
2025-09-20T00:00,26.5,92,,,
2025-09-20T01:00,26.1,93,,,
2025-09-20T02:00,26,93,,,
2025-09-20T03:00,26,93,,,
2025-09-20T04:00,25.9,94,,,
2025-09-20T05:00,25.3,97,,,
2025-09-20T06:00,25.2,98,,,
2025-09-20T07:00,26.7,93,,,
2025-09-20T08:00,29.2,84,,,
2025-09-20T09:00,30.6,72,,,
2025-09-20T10:00,31.8,64,,,
2025-09-20T11:00,32.6,59,,,
2025-09-20T12:00,33.1,56,,,
2025-09-20T13:00,33.5,56,,,
2025-09-20T14:00,33.6,56,,,
2025-09-20T15:00,33.4,57,,,
2025-09-20T16:00,33,59,,,
2025-09-20T17:00,32.1,66,,,
2025-09-20T18:00,30.3,73,,,
2025-09-20T19:00,29.6,77,,,
2025-09-20T20:00,30,74,,,
2025-09-20T21:00,29.6,76,,,
2025-09-20T22:00,29,79,,,
2025-09-20T23:00,28.5,81,,,
2025-09-21T00:00,28.2,83,,,
2025-09-21T01:00,27.5,86,,,
2025-09-21T02:00,27.1,89,,,
2025-09-21T03:00,26.6,93,,,
2025-09-21T04:00,26.4,94,,,
2025-09-21T05:00,26.3,95,,,
2025-09-21T06:00,26.4,94,,,
2025-09-21T07:00,27.1,88,,,
2025-09-21T08:00,30.1,80,,,
2025-09-21T09:00,31.3,73,,,
2025-09-21T10:00,32,70,,,
2025-09-21T11:00,32.6,67,,,
2025-09-21T12:00,33,64,,,
2025-09-21T13:00,33.1,64,,,
2025-09-21T14:00,31.1,71,,,
2025-09-21T15:00,30.6,75,,,
2025-09-21T16:00,30.8,74,,,
2025-09-21T17:00,28.7,81,,,
2025-09-21T18:00,27,89,,,
2025-09-21T19:00,26.5,92,,,
2025-09-21T20:00,28.1,84,,,
2025-09-21T21:00,27.6,87,,,
2025-09-21T22:00,27.2,90,,,
2025-09-21T23:00,27.1,90,,,
2025-09-22T00:00,25.8,91,,,
2025-09-22T01:00,25.6,93,,,
2025-09-22T02:00,25,97,,,
2025-09-22T03:00,24.6,98,,,
2025-09-22T04:00,24.4,98,,,
2025-09-22T05:00,24.6,96,,,
2025-09-22T06:00,24.6,97,,,
2025-09-22T07:00,25.1,94,,,
2025-09-22T08:00,27.1,84,,,
2025-09-22T09:00,27.7,81,,,
2025-09-22T10:00,27.9,79,,,
2025-09-22T11:00,28.4,76,,,
2025-09-22T12:00,29,74,,,
2025-09-22T13:00,30,70,,,
2025-09-22T14:00,30.1,71,,,
2025-09-22T15:00,30.2,71,,,
2025-09-22T16:00,27.6,85,,,
2025-09-22T17:00,27.7,85,,,
2025-09-22T18:00,27.1,90,,,
2025-09-22T19:00,26.7,92,,,
2025-09-22T20:00,27.2,87,,,
2025-09-22T21:00,26.5,90,,,
2025-09-22T22:00,25.7,94,,,
2025-09-22T23:00,25.3,95,,,
2025-09-23T00:00,25.3,95,,,
2025-09-23T01:00,25,98,,,
2025-09-23T02:00,24.9,98,,,
2025-09-23T03:00,24.8,97,,,
2025-09-23T04:00,24.5,97,,,
2025-09-23T05:00,24.3,97,,,
2025-09-23T06:00,24.3,97,,,
2025-09-23T07:00,25.2,94,,,
2025-09-23T08:00,27.6,81,,,
2025-09-23T09:00,28.8,72,,,
2025-09-23T10:00,29.8,68,,,
2025-09-23T11:00,30.5,65,,,
2025-09-23T12:00,31.1,62,,,
2025-09-23T13:00,31.8,60,,,
2025-09-23T14:00,31.9,60,,,
2025-09-23T15:00,31.7,61,,,
2025-09-23T16:00,31.4,61,,,
2025-09-23T17:00,30.7,66,,,
2025-09-23T18:00,29,73,,,
2025-09-23T19:00,28.3,81,,,
2025-09-23T20:00,27.7,84,,,
2025-09-23T21:00,27.4,87,,,
2025-09-23T22:00,27.1,89,,,
2025-09-23T23:00,26.9,89,,,
2025-09-24T00:00,26.7,89,,,
2025-09-24T01:00,26.3,89,,,
2025-09-24T02:00,25.8,90,,,
2025-09-24T03:00,25.5,91,,,
2025-09-24T04:00,25.2,92,,,
2025-09-24T05:00,25,92,,,
2025-09-24T06:00,24.9,91,,,
2025-09-24T07:00,25.8,89,,,
2025-09-24T08:00,28.6,81,,,
2025-09-24T09:00,30.1,73,,,
2025-09-24T10:00,31.1,59,,,
2025-09-24T11:00,31.9,54,,,
2025-09-24T12:00,32.7,51,,,
2025-09-24T13:00,31.9,56,,,
2025-09-24T14:00,33,52,,,
2025-09-24T15:00,33.3,51,,,
2025-09-24T16:00,32.9,55,,,
2025-09-24T17:00,31.7,62,,,
2025-09-24T18:00,30.1,66,,,
2025-09-24T19:00,30,61,,,
2025-09-24T20:00,28.7,66,,,
2025-09-24T21:00,28.2,70,,,
2025-09-24T22:00,28.1,72,,,
2025-09-24T23:00,27.6,75,,,
2025-09-25T00:00,26.9,80,,,
2025-09-25T01:00,26.8,82,,,
2025-09-25T02:00,26.3,83,,,
2025-09-25T03:00,26.4,78,,,
2025-09-25T04:00,26.5,74,,,
2025-09-25T05:00,26.2,77,,,
2025-09-25T06:00,25.1,84,,,
2025-09-25T07:00,24.2,88,,,
2025-09-25T08:00,25.4,88,,,
2025-09-25T09:00,25.4,89,,,
2025-09-25T10:00,25.3,89,,,
2025-09-25T11:00,25.2,90,,,
2025-09-25T12:00,26.4,83,,,
2025-09-25T13:00,26.2,85,,,
2025-09-25T14:00,27.4,79,,,
2025-09-25T15:00,27.9,74,,,
2025-09-25T16:00,27.4,72,,,
2025-09-25T17:00,26.5,79,,,
2025-09-25T18:00,26,82,,,
2025-09-25T19:00,25.7,84,,,
2025-09-25T20:00,25.1,86,,,
2025-09-25T21:00,25.1,88,,,
2025-09-25T22:00,25,90,,,
2025-09-25T23:00,24.9,90,,,
2025-09-26T00:00,24.7,90,,,
2025-09-26T01:00,24.2,92,,,
2025-09-26T02:00,24.1,91,,,
2025-09-26T03:00,24,91,,,
2025-09-26T04:00,24,91,,,
2025-09-26T05:00,23.8,92,,,
2025-09-26T06:00,23.9,93,,,
2025-09-26T07:00,24.5,91,,,
2025-09-26T08:00,25.5,87,,,
2025-09-26T09:00,26.2,83,,,
2025-09-26T10:00,26.9,81,,,
2025-09-26T11:00,28,79,,,
2025-09-26T12:00,29.2,75,,,
2025-09-26T13:00,28,80,,,
2025-09-26T14:00,26.9,84,,,
2025-09-26T15:00,26.7,85,,,
2025-09-26T16:00,26.6,88,,,
2025-09-26T17:00,26.5,90,,,
2025-09-26T18:00,25.7,93,,,
2025-09-26T19:00,25.3,96,,,
2025-09-26T20:00,25,96,,,
2025-09-26T21:00,25.3,96,,,
2025-09-26T22:00,25.2,96,,,
2025-09-26T23:00,24.5,98,,,
2025-09-27T00:00,24.1,98,,,
2025-09-27T01:00,23.8,98,,,
2025-09-27T02:00,24,96,,,
2025-09-27T03:00,24,96,,,
2025-09-27T04:00,24,96,,,
2025-09-27T05:00,24,95,,,
2025-09-27T06:00,24.1,95,,,
2025-09-27T07:00,24.4,94,,,
2025-09-27T08:00,27.4,86,,,
2025-09-27T09:00,28.9,79,,,
2025-09-27T10:00,30.3,71,,,
2025-09-27T11:00,30.5,69,,,
2025-09-27T12:00,31.3,69,,,
2025-09-27T13:00,31.5,69,,,
2025-09-27T14:00,31.2,69,,,
2025-09-27T15:00,29.7,76,,,
2025-09-27T16:00,28.5,80,,,
2025-09-27T17:00,28.2,82,,,
2025-09-27T18:00,27,91,,,
2025-09-27T19:00,26.4,91,,,
2025-09-27T20:00,27.4,84,,,
2025-09-27T21:00,26.8,87,,,
2025-09-27T22:00,26.3,91,,,
2025-09-27T23:00,26.1,92,,,
2025-09-28T00:00,26.2,91,,,
2025-09-28T01:00,25.8,92,,,
2025-09-28T02:00,25.6,92,,,
2025-09-28T03:00,25.5,93,,,
2025-09-28T04:00,24.8,95,,,
2025-09-28T05:00,24.7,95,,,
2025-09-28T06:00,24.6,95,,,
2025-09-28T07:00,25.1,94,,,
2025-09-28T08:00,25.4,93,,,
2025-09-28T09:00,28.2,85,,,
2025-09-28T10:00,30.1,74,,,
2025-09-28T11:00,29.4,77,,,
2025-09-28T12:00,29.9,73,,,
2025-09-28T13:00,26.8,91,,,
2025-09-28T14:00,27.1,85,,,
2025-09-28T15:00,28,85,,,
2025-09-28T16:00,28,83,,,
2025-09-28T17:00,28.1,78,,,
2025-09-28T18:00,27.2,78,,,
2025-09-28T19:00,26.4,82,,,
2025-09-28T20:00,24.6,92,,,
2025-09-28T21:00,24.6,92,,,
2025-09-28T22:00,24.6,92,,,
2025-09-28T23:00,24.6,93,,,
2025-09-29T00:00,24.6,94,,,
2025-09-29T01:00,24.5,94,,,
2025-09-29T02:00,24.6,92,,,
2025-09-29T03:00,24.5,92,,,
2025-09-29T04:00,24.4,93,,,
2025-09-29T05:00,24.3,93,,,
2025-09-29T06:00,24.4,92,,,
2025-09-29T07:00,24.2,93,,,
2025-09-29T08:00,24.8,93,,,
2025-09-29T09:00,24.2,94,,,
2025-09-29T10:00,24.7,93,,,
2025-09-29T11:00,25.2,94,,,
2025-09-29T12:00,25.4,93,,,
2025-09-29T13:00,25.2,94,,,
2025-09-29T14:00,25.2,95,,,
2025-09-29T15:00,24.5,95,,,
2025-09-29T16:00,24.5,96,,,
2025-09-29T17:00,24.4,97,,,
2025-09-29T18:00,24.7,96,,,
2025-09-29T19:00,24.3,96,,,
2025-09-29T20:00,25.1,95,,,
2025-09-29T21:00,25.1,96,,,
2025-09-29T22:00,24.7,97,,,
2025-09-29T23:00,24.8,96,,,
2025-09-30T00:00,24.2,96,,,
2025-09-30T01:00,23.9,98,,,
2025-09-30T02:00,24,97,,,
2025-09-30T03:00,23.9,97,,,
2025-09-30T04:00,23.7,98,,,
2025-09-30T05:00,23.8,98,,,
2025-09-30T06:00,23.9,98,,,
2025-09-30T07:00,24,96,,,
2025-09-30T08:00,24.8,96,,,
2025-09-30T09:00,25.6,93,,,
2025-09-30T10:00,27,86,,,
2025-09-30T11:00,25.8,93,,,
2025-09-30T12:00,26.4,90,,,
2025-09-30T13:00,26.5,92,,,
2025-09-30T14:00,27.1,89,,,
2025-09-30T15:00,27.4,88,,,
2025-09-30T16:00,27.3,83,,,
2025-09-30T17:00,26.2,91,,,
2025-09-30T18:00,25.8,93,,,
2025-09-30T19:00,25.7,94,,,
2025-09-30T20:00,25.1,96,,,
2025-09-30T21:00,25.1,95,,,
2025-09-30T22:00,24.6,98,,,
2025-09-30T23:00,24.3,98,,,
2025-10-01T00:00,24.2,97,,,
2025-10-01T01:00,24,98,,,
2025-10-01T02:00,23.8,98,,,
2025-10-01T03:00,24,97,,,
2025-10-01T04:00,23.9,98,,,
2025-10-01T05:00,23.9,98,,,
2025-10-01T06:00,24,98,,,
2025-10-01T07:00,24.7,96,,,
2025-10-01T08:00,26.2,91,,,
2025-10-01T09:00,27.6,86,,,
2025-10-01T10:00,28.7,82,,,
2025-10-01T11:00,29.8,76,,,
2025-10-01T12:00,29.9,75,,,
2025-10-01T13:00,27.6,83,,,
2025-10-01T14:00,28.1,83,,,
2025-10-01T15:00,28.4,81,,,
2025-10-01T16:00,28.9,78,,,
2025-10-01T17:00,28.5,81,,,
2025-10-01T18:00,27.2,87,,,
2025-10-01T19:00,26.8,91,,,
2025-10-01T20:00,26.7,90,,,
2025-10-01T21:00,26.6,91,,,
2025-10-01T22:00,26.3,93,,,
2025-10-01T23:00,25.9,94,,,
2025-10-02T00:00,25.5,95,,,
2025-10-02T01:00,25.6,97,,,
2025-10-02T02:00,25.1,98,,,
2025-10-02T03:00,24.8,99,,,
2025-10-02T04:00,24.7,99,,,
2025-10-02T05:00,24.5,99,,,
2025-10-02T06:00,24.6,99,,,
2025-10-02T07:00,25.7,96,,,
2025-10-02T08:00,27.7,88,,,
2025-10-02T09:00,29.2,75,,,
2025-10-02T10:00,30,68,,,
2025-10-02T11:00,31,64,,,
2025-10-02T12:00,31.6,62,,,
2025-10-02T13:00,31.7,60,,,
2025-10-02T14:00,32.1,58,,,
2025-10-02T15:00,31.8,60,,,
2025-10-02T16:00,30.9,65,,,
2025-10-02T17:00,30.1,71,,,
2025-10-02T18:00,28.7,75,,,
2025-10-02T19:00,28.3,77,,,
2025-10-02T20:00,27.8,80,,,
2025-10-02T21:00,27.2,82,,,
2025-10-02T22:00,26.6,84,,,
2025-10-02T23:00,25.8,87,,,
2025-10-03T00:00,25.4,90,,,
2025-10-03T01:00,25.3,93,,,
2025-10-03T02:00,25,94,,,
2025-10-03T03:00,24.7,96,,,
2025-10-03T04:00,24.6,96,,,
2025-10-03T05:00,24.4,97,,,
2025-10-03T06:00,24.3,97,,,
2025-10-03T07:00,25.5,95,,,
2025-10-03T08:00,27.6,87,,,
2025-10-03T09:00,29.1,77,,,
2025-10-03T10:00,30.1,69,,,
2025-10-03T11:00,31,63,,,
2025-10-03T12:00,31.6,59,,,
2025-10-03T13:00,31.8,59,,,
2025-10-03T14:00,31.9,59,,,
2025-10-03T15:00,32,58,,,
2025-10-03T16:00,31.4,62,,,
2025-10-03T17:00,30.2,68,,,
2025-10-03T18:00,28.7,74,,,
2025-10-03T19:00,28,80,,,
2025-10-03T20:00,27.6,82,,,
2025-10-03T21:00,26.9,86,,,
2025-10-03T22:00,26.2,91,,,
2025-10-03T23:00,25.7,94,,,
2025-10-04T00:00,25.4,96,,,
2025-10-04T01:00,26,98,,,
2025-10-04T02:00,25.8,98,,,
2025-10-04T03:00,25.5,98,,,
2025-10-04T04:00,25.4,98,,,
2025-10-04T05:00,25.3,99,,,
2025-10-04T06:00,25.3,99,,,
2025-10-04T07:00,25.6,95,,,
2025-10-04T08:00,27.3,89,,,
2025-10-04T09:00,28.9,82,,,
2025-10-04T10:00,30,78,,,
2025-10-04T11:00,30.7,74,,,
2025-10-04T12:00,31.1,70,,,
2025-10-04T13:00,31.5,65,,,
2025-10-04T14:00,30.8,68,,,
2025-10-04T15:00,30.7,70,,,
2025-10-04T16:00,30.5,71,,,
2025-10-04T17:00,29.8,76,,,
2025-10-04T18:00,28.1,84,,,
2025-10-04T19:00,27.9,86,,,
2025-10-04T20:00,27.4,88,,,
2025-10-04T21:00,26.9,91,,,
2025-10-04T22:00,26.4,93,,,
2025-10-04T23:00,25.9,95,,,
2025-10-05T00:00,25.6,96,,,
2025-10-05T01:00,25.5,96,,,
2025-10-05T02:00,25.4,97,,,
2025-10-05T03:00,25,98,,,
2025-10-05T04:00,25,99,,,
2025-10-05T05:00,24.9,99,,,
2025-10-05T06:00,24.7,99,,,
2025-10-05T07:00,26.5,95,,,
2025-10-05T08:00,28.2,88,,,
2025-10-05T09:00,29.9,79,,,
2025-10-05T10:00,31.1,74,,,
2025-10-05T11:00,31.8,71,,,
2025-10-05T12:00,32.5,66,,,
2025-10-05T13:00,33,61,,,
2025-10-05T14:00,32.6,60,,,
2025-10-05T15:00,31,69,,,
2025-10-05T16:00,30.7,74,,,
2025-10-05T17:00,30.3,78,,,
2025-10-05T18:00,29.4,81,,,
2025-10-05T19:00,28.4,86,,,
2025-10-05T20:00,29,83,,,
2025-10-05T21:00,28.9,84,,,
2025-10-05T22:00,27.8,87,,,
2025-10-05T23:00,27.9,86,,,
2025-10-06T00:00,26.9,88,,,
2025-10-06T01:00,28.7,77,,,
2025-10-06T02:00,29.1,72,,,
2025-10-06T03:00,26.1,83,,,
2025-10-06T04:00,26.4,87,,,
2025-10-06T05:00,26.8,85,,,
2025-10-06T06:00,26.2,83,,,
2025-10-06T07:00,26.2,91,,,
2025-10-06T08:00,25.7,92,,,
2025-10-06T09:00,25.7,92,,,
2025-10-06T10:00,25.5,92,,,
2025-10-06T11:00,25.6,93,,,
2025-10-06T12:00,26.1,91,,,
2025-10-06T13:00,25.4,91,,,
2025-10-06T14:00,25.4,90,,,
2025-10-06T15:00,25.7,91,,,
2025-10-06T16:00,25.5,92,,,
2025-10-06T17:00,24.8,93,,,
2025-10-06T18:00,24.5,95,,,
2025-10-06T19:00,24.1,95,,,
2025-10-06T20:00,23.8,96,,,
2025-10-06T21:00,23.9,96,,,
2025-10-06T22:00,24.1,96,,,
2025-10-06T23:00,24,98,,,
2025-10-07T00:00,23.8,98,,,
2025-10-07T01:00,24.1,97,,,
2025-10-07T02:00,24,98,,,
2025-10-07T03:00,23.7,99,,,
2025-10-07T04:00,23.8,97,,,
2025-10-07T05:00,23.7,98,,,
2025-10-07T06:00,23.7,98,,,
2025-10-07T07:00,23.6,97,,,
2025-10-07T08:00,23.3,99,,,
2025-10-07T09:00,23.4,99,,,
2025-10-07T10:00,23.3,99,,,
2025-10-07T11:00,23.5,99,,,
2025-10-07T12:00,25,94,,,
2025-10-07T13:00,25.8,93,,,
2025-10-07T14:00,26.6,89,,,
2025-10-07T15:00,26.8,90,,,
2025-10-07T16:00,25.9,92,,,
2025-10-07T17:00,25.5,95,,,
2025-10-07T18:00,25.4,96,,,
2025-10-07T19:00,25.2,96,,,
2025-10-07T20:00,24.7,96,,,
2025-10-07T21:00,24.1,98,,,
2025-10-07T22:00,23.2,100,,,
2025-10-07T23:00,23.2,98,,,
2025-10-08T00:00,23.2,97,,,
2025-10-08T01:00,23.7,99,,,
2025-10-08T02:00,23.8,98,,,
2025-10-08T03:00,23.5,99,,,
2025-10-08T04:00,23.4,99,,,
2025-10-08T05:00,23.3,98,,,
2025-10-08T06:00,23.2,97,,,
2025-10-08T07:00,24.4,96,,,
2025-10-08T08:00,25.8,87,,,
2025-10-08T09:00,27.4,80,,,
2025-10-08T10:00,28.3,77,,,
2025-10-08T11:00,29,74,,,
2025-10-08T12:00,29.2,73,,,
2025-10-08T13:00,29.2,73,,,
2025-10-08T14:00,29.6,70,,,
2025-10-08T15:00,29.7,70,,,
2025-10-08T16:00,29.5,70,,,
2025-10-08T17:00,28.6,78,,,
2025-10-08T18:00,27.1,83,,,
2025-10-08T19:00,26.8,81,,,
2025-10-08T20:00,26.6,83,,,
2025-10-08T21:00,26.2,84,,,
2025-10-08T22:00,25.7,86,,,
2025-10-08T23:00,25.2,89,,,
2025-10-09T00:00,24.6,93,,,
2025-10-09T01:00,24.6,98,,,
2025-10-09T02:00,24.2,100,,,
2025-10-09T03:00,23.9,100,,,
2025-10-09T04:00,23.6,100,,,
2025-10-09T05:00,23.5,100,,,
2025-10-09T06:00,23.6,100,,,
2025-10-09T07:00,24.5,99,,,
2025-10-09T08:00,26.5,89,,,
2025-10-09T09:00,28.3,80,,,
2025-10-09T10:00,29.2,73,,,
2025-10-09T11:00,30,68,,,
2025-10-09T12:00,30.6,65,,,
2025-10-09T13:00,30.8,62,,,
2025-10-09T14:00,31,61,,,
2025-10-09T15:00,30.9,61,,,
2025-10-09T16:00,30.5,62,,,
2025-10-09T17:00,29.2,71,,,
2025-10-09T18:00,27.8,77,,,
2025-10-09T19:00,27.4,83,,,
2025-10-09T20:00,27,85,,,
2025-10-09T21:00,26.6,86,,,
2025-10-09T22:00,25.9,90,,,
2025-10-09T23:00,25.2,93,,,
2025-10-10T00:00,24.9,95,,,
2025-10-10T01:00,25.1,97,,,
2025-10-10T02:00,25.1,98,,,
2025-10-10T03:00,24.9,99,,,
2025-10-10T04:00,24.4,99,,,
2025-10-10T05:00,24.1,100,,,
2025-10-10T06:00,24.2,99,,,
2025-10-10T07:00,25.2,95,,,
2025-10-10T08:00,26.7,90,,,
2025-10-10T09:00,28,84,,,
2025-10-10T10:00,29.1,77,,,
2025-10-10T11:00,29.9,70,,,
2025-10-10T12:00,30.6,66,,,
2025-10-10T13:00,30.9,64,,,
2025-10-10T14:00,31.4,60,,,
2025-10-10T15:00,31.4,60,,,
2025-10-10T16:00,31.1,61,,,
2025-10-10T17:00,29.8,71,,,
2025-10-10T18:00,28.1,77,,,
2025-10-10T19:00,27.7,80,,,
2025-10-10T20:00,27.6,79,,,
2025-10-10T21:00,27.2,81,,,
2025-10-10T22:00,26.7,85,,,
2025-10-10T23:00,26.3,88,,,
2025-10-11T00:00,25.7,92,,,
2025-10-11T01:00,25.6,95,,,
2025-10-11T02:00,25.4,95,,,
2025-10-11T03:00,25.4,96,,,
2025-10-11T04:00,25.1,97,,,
2025-10-11T05:00,24.9,90,,,
2025-10-11T06:00,24.2,95,,,
2025-10-11T07:00,25.1,94,,,
2025-10-11T08:00,26.3,87,,,
2025-10-11T09:00,27.4,83,,,
2025-10-11T10:00,28.3,80,,,
2025-10-11T11:00,29.5,73,,,
2025-10-11T12:00,29.6,70,,,
2025-10-11T13:00,25.6,89,,,
2025-10-11T14:00,26.8,86,,,
2025-10-11T15:00,27.6,83,,,
2025-10-11T16:00,27.7,82,,,
2025-10-11T17:00,27.4,83,,,
2025-10-11T18:00,26.5,89,,,
2025-10-11T19:00,26.1,92,,,
2025-10-11T20:00,25.9,94,,,
2025-10-11T21:00,26,93,,,
2025-10-11T22:00,25.9,94,,,
2025-10-11T23:00,25.7,94,,,
2025-10-12T00:00,25.5,94,,,
2025-10-12T01:00,25.8,96,,,
2025-10-12T02:00,25.4,98,,,
2025-10-12T03:00,24.9,99,,,
2025-10-12T04:00,24.6,100,,,
2025-10-12T05:00,24.4,100,,,
2025-10-12T06:00,24.5,100,,,
2025-10-12T07:00,25.6,96,,,
2025-10-12T08:00,27.4,88,,,
2025-10-12T09:00,28.9,75,,,
2025-10-12T10:00,29.9,69,,,
2025-10-12T11:00,30.5,65,,,
2025-10-12T12:00,30.6,64,,,
2025-10-12T13:00,30.7,63,,,
2025-10-12T14:00,30.9,63,,,
2025-10-12T15:00,30.9,64,,,
2025-10-12T16:00,30.6,66,,,
2025-10-12T17:00,29.6,74,,,
2025-10-12T18:00,28.4,79,,,
2025-10-12T19:00,27.7,86,,,
2025-10-12T20:00,27.5,85,,,
2025-10-12T21:00,27,87,,,
2025-10-12T22:00,26.6,89,,,
2025-10-12T23:00,26.2,92,,,
2025-10-13T00:00,26,93,,,
2025-10-13T01:00,25.7,94,,,
2025-10-13T02:00,25.3,98,,,
2025-10-13T03:00,25.3,95,,,
2025-10-13T04:00,24.9,96,,,
2025-10-13T05:00,24.6,98,,,
2025-10-13T06:00,24.7,98,,,
2025-10-13T07:00,26.4,93,,,
2025-10-13T08:00,27,83,,,
2025-10-13T09:00,28,84,,,
2025-10-13T10:00,30,74,,,
2025-10-13T11:00,30.2,70,,,
2025-10-13T12:00,26.7,86,,,
2025-10-13T13:00,26.9,83,,,
2025-10-13T14:00,27.4,83,,,
2025-10-13T15:00,27.8,82,,,
2025-10-13T16:00,27.4,83,,,
2025-10-13T17:00,27.1,85,,,
2025-10-13T18:00,26.4,90,,,
2025-10-13T19:00,25.7,96,,,
2025-10-13T20:00,25.5,96,,,
2025-10-13T21:00,25.7,95,,,
2025-10-13T22:00,25.6,94,,,
2025-10-13T23:00,25.2,95,,,
2025-10-14T00:00,24.6,95,,,
2025-10-14T01:00,24.5,98,,,
2025-10-14T02:00,24,99,,,
2025-10-14T03:00,23.8,98,,,
2025-10-14T04:00,23.9,99,,,
2025-10-14T05:00,24,98,,,
2025-10-14T06:00,23.7,98,,,
2025-10-14T07:00,24.3,95,,,
2025-10-14T08:00,24.6,96,,,
2025-10-14T09:00,24.6,94,,,
2025-10-14T10:00,25.4,90,,,
2025-10-14T11:00,26.2,84,,,
2025-10-14T12:00,26.9,84,,,
2025-10-14T13:00,27.2,81,,,
2025-10-14T14:00,28.4,76,,,
2025-10-14T15:00,26.6,87,,,
2025-10-14T16:00,25.5,90,,,
2025-10-14T17:00,25.4,90,,,
2025-10-14T18:00,24.9,94,,,
2025-10-14T19:00,25.3,96,,,
2025-10-14T20:00,25.2,97,,,
2025-10-14T21:00,25.1,97,,,
2025-10-14T22:00,24.9,95,,,
2025-10-14T23:00,24.8,95,,,
2025-10-15T00:00,24.4,94,,,
2025-10-15T01:00,24.1,95,,,
2025-10-15T02:00,23.9,96,,,
2025-10-15T03:00,24.1,95,,,
2025-10-15T04:00,23.9,98,,,
2025-10-15T05:00,23.6,98,,,
2025-10-15T06:00,23.9,97,,,
2025-10-15T07:00,24.3,97,,,
2025-10-15T08:00,25.2,92,,,
2025-10-15T09:00,26.2,88,,,
2025-10-15T10:00,28,79,,,
2025-10-15T11:00,28.5,75,,,
2025-10-15T12:00,28.6,74,,,
2025-10-15T13:00,29,73,,,
2025-10-15T14:00,26,88,,,
2025-10-15T15:00,26.8,82,,,
2025-10-15T16:00,27.3,80,,,
2025-10-15T17:00,26.7,84,,,
2025-10-15T18:00,25.8,89,,,
2025-10-15T19:00,25.5,93,,,
2025-10-15T20:00,25.5,93,,,
2025-10-15T21:00,25.3,94,,,
2025-10-15T22:00,25,94,,,
2025-10-15T23:00,24.5,96,,,
2025-10-16T00:00,24.4,96,,,
2025-10-16T01:00,24.9,94,,,
2025-10-16T02:00,24.6,96,,,
2025-10-16T03:00,24,97,,,
2025-10-16T04:00,23.2,95,,,
2025-10-16T05:00,22.4,98,,,
2025-10-16T06:00,22.2,98,,,
2025-10-16T07:00,24.2,96,,,
2025-10-16T08:00,25.6,87,,,
2025-10-16T09:00,27.2,81,,,
2025-10-16T10:00,28.6,73,,,
2025-10-16T11:00,29.9,69,,,
2025-10-16T12:00,30.6,66,,,
2025-10-16T13:00,29.6,70,,,
2025-10-16T14:00,27.4,78,,,
2025-10-16T15:00,28.6,75,,,
2025-10-16T16:00,28.8,75,,,
2025-10-16T17:00,28.3,84,,,
2025-10-16T18:00,27.2,84,,,
2025-10-16T19:00,25.4,96,,,
2025-10-16T20:00,25.4,98,,,
2025-10-16T21:00,25.1,98,,,
2025-10-16T22:00,24.8,96,,,
2025-10-16T23:00,24.4,96,,,
2025-10-17T00:00,24.2,95,,,
2025-10-17T01:00,24.4,97,,,
2025-10-17T02:00,24.3,98,,,
2025-10-17T03:00,24.2,99,,,
2025-10-17T04:00,24,99,,,
2025-10-17T05:00,23.9,99,,,
2025-10-17T06:00,23.8,98,,,
2025-10-17T07:00,24.8,96,,,
2025-10-17T08:00,26.4,90,,,
2025-10-17T09:00,28,82,,,
2025-10-17T10:00,29.4,72,,,
2025-10-17T11:00,30.3,64,,,
2025-10-17T12:00,31,60,,,
2025-10-17T13:00,31.2,57,,,
2025-10-17T14:00,31.4,55,,,
2025-10-17T15:00,31.1,56,,,
2025-10-17T16:00,30.7,60,,,
2025-10-17T17:00,29.1,69,,,
2025-10-17T18:00,27.7,74,,,
2025-10-17T19:00,27.6,79,,,
2025-10-17T20:00,27.7,77,,,
2025-10-17T21:00,26.8,81,,,
2025-10-17T22:00,26.2,86,,,
2025-10-17T23:00,25.5,89,,,
2025-10-18T00:00,25.2,91,,,
2025-10-18T01:00,25.4,90,,,
2025-10-18T02:00,25.1,91,,,
2025-10-18T03:00,24.3,96,,,
2025-10-18T04:00,24.1,96,,,
2025-10-18T05:00,24,96,,,
2025-10-18T06:00,23.7,95,,,
2025-10-18T07:00,24.8,94,,,
2025-10-18T08:00,26.9,86,,,
2025-10-18T09:00,28.6,76,,,
2025-10-18T10:00,29.4,69,,,
2025-10-18T11:00,30.2,64,,,
2025-10-18T12:00,30.7,62,,,
2025-10-18T13:00,31.3,58,,,
2025-10-18T14:00,31.2,57,,,
2025-10-18T15:00,31.1,59,,,
2025-10-18T16:00,30.6,61,,,
2025-10-18T17:00,29.3,71,,,
2025-10-18T18:00,27.6,78,,,
2025-10-18T19:00,27.1,80,,,
2025-10-18T20:00,27,81,,,
2025-10-18T21:00,26.5,85,,,
2025-10-18T22:00,26.3,86,,,
2025-10-18T23:00,26.1,87,,,
2025-10-19T00:00,25.5,90,,,
2025-10-19T01:00,25.4,97,,,
2025-10-19T02:00,25.2,98,,,
2025-10-19T03:00,24.2,98,,,
2025-10-19T04:00,24.1,94,,,
2025-10-19T05:00,23.8,94,,,
2025-10-19T06:00,23.7,92,,,
2025-10-19T07:00,25.5,91,,,
2025-10-19T08:00,26.8,85,,,
2025-10-19T09:00,28.1,77,,,
2025-10-19T10:00,29.5,73,,,
2025-10-19T11:00,30.2,71,,,
2025-10-19T12:00,30.8,64,,,
2025-10-19T13:00,27.1,80,,,
2025-10-19T14:00,28,75,,,
2025-10-19T15:00,28,77,,,
2025-10-19T16:00,28.5,75,,,
2025-10-19T17:00,27.8,79,,,
2025-10-19T18:00,25.7,88,,,
2025-10-19T19:00,25.8,90,,,
2025-10-19T20:00,25.4,89,,,
2025-10-19T21:00,24.7,92,,,
2025-10-19T22:00,24.8,92,,,
2025-10-19T23:00,24.8,91,,,
2025-10-20T00:00,24.4,93,,,
2025-10-20T01:00,23.5,97,,,
2025-10-20T02:00,23.8,95,,,
2025-10-20T03:00,23.8,94,,,
2025-10-20T04:00,23.6,94,,,
2025-10-20T05:00,23.6,90,,,
2025-10-20T06:00,23.3,83,,,
2025-10-20T07:00,24.7,76,,,
2025-10-20T08:00,25.9,65,,,
2025-10-20T09:00,26.4,61,,,
2025-10-20T10:00,27.2,60,,,
2025-10-20T11:00,28,59,,,
2025-10-20T12:00,28.8,56,,,
2025-10-20T13:00,29.1,56,,,
2025-10-20T14:00,29.5,55,,,
2025-10-20T15:00,29.7,52,,,
2025-10-20T16:00,28.9,57,,,
2025-10-20T17:00,27.2,61,,,
2025-10-20T18:00,26.1,64,,,
2025-10-20T19:00,25.4,69,,,
2025-10-20T20:00,25.3,68,,,
2025-10-20T21:00,24.8,68,,,
2025-10-20T22:00,24.1,70,,,
2025-10-20T23:00,23.7,71,,,
2025-10-21T00:00,23.3,71,,,
2025-10-21T01:00,23.3,71,,,
2025-10-21T02:00,23.1,67,,,
2025-10-21T03:00,22.5,67,,,
2025-10-21T04:00,22.1,66,,,
2025-10-21T05:00,21.7,65,,,
2025-10-21T06:00,21.4,67,,,
2025-10-21T07:00,22.5,68,,,
2025-10-21T08:00,23.9,62,,,
2025-10-21T09:00,24.6,56,,,
2025-10-21T10:00,25.3,55,,,
2025-10-21T11:00,26.1,53,,,
2025-10-21T12:00,26.8,51,,,
2025-10-21T13:00,27,52,,,
2025-10-21T14:00,27.1,51,,,
2025-10-21T15:00,27.8,51,,,
2025-10-21T16:00,26.8,54,,,
2025-10-21T17:00,25.3,57,,,
2025-10-21T18:00,24.5,56,,,
2025-10-21T19:00,24.5,56,,,
2025-10-21T20:00,24.2,56,,,
2025-10-21T21:00,23.6,58,,,
2025-10-21T22:00,23.1,60,,,
2025-10-21T23:00,22.7,60,,,
2025-10-22T00:00,22.1,60,,,
2025-10-22T01:00,21.7,62,,,
2025-10-22T02:00,21.8,60,,,
2025-10-22T03:00,21.7,58,,,
2025-10-22T04:00,21.6,57,,,
2025-10-22T05:00,21,57,,,
2025-10-22T06:00,20.6,57,,,
2025-10-22T07:00,20.6,59,,,
2025-10-22T08:00,21.2,57,,,
2025-10-22T09:00,22.1,52,,,
2025-10-22T10:00,22.5,54,,,
2025-10-22T11:00,22.9,53,,,
2025-10-22T12:00,24.1,51,,,
2025-10-22T13:00,24.4,51,,,
2025-10-22T14:00,24.1,52,,,
2025-10-22T15:00,24.1,52,,,
2025-10-22T16:00,24.2,53,,,
2025-10-22T17:00,23.1,56,,,
2025-10-22T18:00,22.8,55,,,
2025-10-22T19:00,22.6,58,,,
2025-10-22T20:00,22.6,56,,,
2025-10-22T21:00,22.4,57,,,
2025-10-22T22:00,22,58,,,
2025-10-22T23:00,21.8,58,,,
2025-10-23T00:00,21.5,57,,,
2025-10-23T01:00,21.1,58,,,
2025-10-23T02:00,20.7,60,,,
2025-10-23T03:00,19.7,64,,,
2025-10-23T04:00,19.1,67,,,
2025-10-23T05:00,18.9,65,,,
2025-10-23T06:00,19.3,60,,,
2025-10-23T07:00,19.2,66,,,
2025-10-23T08:00,19.2,63,,,
2025-10-23T09:00,19.1,65,,,
2025-10-23T10:00,18.9,65,,,
2025-10-23T11:00,19.5,65,,,
2025-10-23T12:00,19.8,65,,,
2025-10-23T13:00,19.9,67,,,
2025-10-23T14:00,20.3,64,,,
2025-10-23T15:00,20,65,,,
2025-10-23T16:00,19.8,68,,,
2025-10-23T17:00,19.6,69,,,
2025-10-23T18:00,19.5,70,,,
2025-10-23T19:00,20.1,69,,,
2025-10-23T20:00,20,66,,,
2025-10-23T21:00,19.7,66,,,
2025-10-23T22:00,19.7,67,,,
2025-10-23T23:00,19.4,71,,,
2025-10-24T00:00,19.4,72,,,
2025-10-24T01:00,19.5,77,,,
2025-10-24T02:00,19.3,79,,,
2025-10-24T03:00,18.7,84,,,
2025-10-24T04:00,18.5,85,,,
2025-10-24T05:00,18.5,85,,,
2025-10-24T06:00,18.8,82,,,
2025-10-24T07:00,19,82,,,
2025-10-24T08:00,19.9,76,,,
2025-10-24T09:00,20.5,73,,,
2025-10-24T10:00,20.9,67,,,
2025-10-24T11:00,21.4,66,,,
2025-10-24T12:00,21.5,68,,,
2025-10-24T13:00,21.5,67,,,
2025-10-24T14:00,21.4,68,,,
2025-10-24T15:00,21.6,65,,,
2025-10-24T16:00,21.4,68,,,
2025-10-24T17:00,20.8,71,,,
2025-10-24T18:00,20.2,76,,,
2025-10-24T19:00,20.1,80,,,
2025-10-24T20:00,20.1,81,,,
2025-10-24T21:00,19.7,86,,,
2025-10-24T22:00,19.2,92,,,
2025-10-24T23:00,19.5,91,,,
2025-10-25T00:00,19.7,88,,,
2025-10-25T01:00,19.9,82,,,
2025-10-25T02:00,20.1,77,,,
2025-10-25T03:00,20.2,75,,,
2025-10-25T04:00,20.2,74,,,
2025-10-25T05:00,20.2,73,,,
2025-10-25T06:00,20.2,72,,,
2025-10-25T07:00,20.5,74,,,
2025-10-25T08:00,21.6,71,,,
2025-10-25T09:00,22.4,65,,,
2025-10-25T10:00,22.7,64,,,
2025-10-25T11:00,23.4,63,,,
2025-10-25T12:00,24.2,62,,,
2025-10-25T13:00,24.6,62,,,
2025-10-25T14:00,25.1,61,,,
2025-10-25T15:00,25.5,60,,,
2025-10-25T16:00,25.4,61,,,
2025-10-25T17:00,23.9,72,,,
2025-10-25T18:00,22.4,77,,,
2025-10-25T19:00,21.9,80,,,
2025-10-25T20:00,21.9,80,,,
2025-10-25T21:00,22.2,79,,,
2025-10-25T22:00,22,81,,,
2025-10-25T23:00,21.8,80,,,
2025-10-26T00:00,21.2,81,,,
2025-10-26T01:00,20.7,86,,,
2025-10-26T02:00,21.1,82,,,
2025-10-26T03:00,21.6,79,,,
2025-10-26T04:00,21.7,78,,,
2025-10-26T05:00,21.6,78,,,
2025-10-26T06:00,21.6,75,,,
2025-10-26T07:00,22.1,73,,,
2025-10-26T08:00,22.8,71,,,
2025-10-26T09:00,23.6,66,,,
2025-10-26T10:00,24.7,63,,,
2025-10-26T11:00,25.5,61,,,
2025-10-26T12:00,26.3,61,,,
2025-10-26T13:00,27,60,,,
2025-10-26T14:00,27.6,59,,,
2025-10-26T15:00,27.7,58,,,
2025-10-26T16:00,27.4,58,,,
2025-10-26T17:00,26.3,74,,,
2025-10-26T18:00,24.6,76,,,
2025-10-26T19:00,24.2,73,,,
2025-10-26T20:00,24.6,68,,,
2025-10-26T21:00,24.2,68,,,
2025-10-26T22:00,23.9,67,,,
2025-10-26T23:00,23.4,68,,,
2025-10-27T00:00,23,69,,,
2025-10-27T01:00,22.6,70,,,
2025-10-27T02:00,22,73,,,
2025-10-27T03:00,21.6,74,,,
2025-10-27T04:00,21.1,74,,,
2025-10-27T05:00,20.9,72,,,
2025-10-27T06:00,20.9,69,,,
2025-10-27T07:00,21.2,68,,,
2025-10-27T08:00,21.8,67,,,
2025-10-27T09:00,22.3,63,,,
2025-10-27T10:00,23.4,59,,,
2025-10-27T11:00,23.8,60,,,
2025-10-27T12:00,25,59,,,
2025-10-27T13:00,26.5,57,,,
2025-10-27T14:00,27,55,,,
2025-10-27T15:00,27,55,,,
2025-10-27T16:00,26.6,60,,,
2025-10-27T17:00,25.7,71,,,
2025-10-27T18:00,24.5,71,,,
2025-10-27T19:00,23.6,74,,,
2025-10-27T20:00,23.5,75,,,
2025-10-27T21:00,23.6,75,,,
2025-10-27T22:00,23.6,72,,,
2025-10-27T23:00,23,72,,,
2025-10-28T00:00,21.6,77,,,
2025-10-28T01:00,22.2,78,,,
2025-10-28T02:00,22,78,,,
2025-10-28T03:00,21.9,76,,,
2025-10-28T04:00,22.2,72,,,
2025-10-28T05:00,22.1,71,,,
2025-10-28T06:00,22,70,,,
2025-10-28T07:00,22.2,72,,,
2025-10-28T08:00,23.2,71,,,
2025-10-28T09:00,24.3,60,,,
2025-10-28T10:00,24.7,57,,,
2025-10-28T11:00,25.5,55,,,
2025-10-28T12:00,25.6,57,,,
2025-10-28T13:00,26.1,55,,,
2025-10-28T14:00,26.9,51,,,
2025-10-28T15:00,27,50,,,
2025-10-28T16:00,26.2,57,,,
2025-10-28T17:00,25,63,,,
2025-10-28T18:00,23.4,69,,,
2025-10-28T19:00,23.4,68,,,
2025-10-28T20:00,23.8,63,,,
2025-10-28T21:00,23,67,,,
2025-10-28T22:00,22.8,66,,,
2025-10-28T23:00,21.7,70,,,
2025-10-29T00:00,21.7,69,,,
2025-10-29T01:00,21.3,74,,,
2025-10-29T02:00,21.7,71,,,
2025-10-29T03:00,21.2,75,,,
2025-10-29T04:00,20.6,78,,,
2025-10-29T05:00,20,80,,,
2025-10-29T06:00,19.9,79,,,
2025-10-29T07:00,20.6,81,,,
2025-10-29T08:00,22.8,72,,,
2025-10-29T09:00,24.1,64,,,
2025-10-29T10:00,24.6,63,,,
2025-10-29T11:00,25.6,59,,,
2025-10-29T12:00,26.3,57,,,
2025-10-29T13:00,26.9,54,,,
2025-10-29T14:00,27.2,54,,,
2025-10-29T15:00,27.1,54,,,
2025-10-29T16:00,27,55,,,
2025-10-29T17:00,25.9,68,,,
2025-10-29T18:00,24.4,71,,,
2025-10-29T19:00,25.1,74,,,
2025-10-29T20:00,24.8,73,,,
2025-10-29T21:00,24.5,76,,,
2025-10-29T22:00,24.2,76,,,
2025-10-29T23:00,24.1,76,,,
2025-10-30T00:00,24.1,78,,,
2025-10-30T01:00,23.5,80,,,
2025-10-30T02:00,23.5,80,,,
2025-10-30T03:00,23.2,82,,,
2025-10-30T04:00,23,85,,,
2025-10-30T05:00,22.8,87,,,
2025-10-30T06:00,22.7,87,,,
2025-10-30T07:00,22.6,90,,,
2025-10-30T08:00,23.2,86,,,
2025-10-30T09:00,24.1,82,,,
2025-10-30T10:00,24.3,79,,,
2025-10-30T11:00,25.1,75,,,
2025-10-30T12:00,24.9,77,,,
2025-10-30T13:00,24.9,78,,,
2025-10-30T14:00,25.8,75,,,
2025-10-30T15:00,26,73,,,
2025-10-30T16:00,25,80,,,
2025-10-30T17:00,24.2,85,,,
2025-10-30T18:00,23.6,88,,,
2025-10-30T19:00,24,87,,,
2025-10-30T20:00,23.9,87,,,
2025-10-30T21:00,23.6,88,,,
2025-10-30T22:00,23.3,88,,,
2025-10-30T23:00,22.8,90,,,
2025-10-31T00:00,22.3,94,,,
2025-10-31T01:00,22.7,93,,,
2025-10-31T02:00,22.6,94,,,
2025-10-31T03:00,22.6,95,,,
2025-10-31T04:00,22.6,95,,,
2025-10-31T05:00,22.6,93,,,
2025-10-31T06:00,22.5,91,,,
2025-10-31T07:00,22.4,90,,,
2025-10-31T08:00,23.8,81,,,
2025-10-31T09:00,24.6,75,,,
2025-10-31T10:00,24.9,73,,,
2025-10-31T11:00,25.2,72,,,
2025-10-31T12:00,25.2,74,,,
2025-10-31T13:00,24.8,76,,,
2025-10-31T14:00,24.7,78,,,
2025-10-31T15:00,24.3,80,,,
2025-10-31T16:00,24.2,81,,,
2025-10-31T17:00,23.9,84,,,
2025-10-31T18:00,23.5,85,,,
2025-10-31T19:00,23.3,90,,,
2025-10-31T20:00,23.1,87,,,
2025-10-31T21:00,23,88,,,
2025-10-31T22:00,22.6,89,,,
2025-10-31T23:00,22.2,91,,,
2025-11-01T00:00,21.9,90,,,
2025-11-01T01:00,22.4,89,,,
2025-11-01T02:00,22.2,88,,,
2025-11-01T03:00,21.8,88,,,
2025-11-01T04:00,21.6,88,,,
2025-11-01T05:00,21.5,87,,,
2025-11-01T06:00,21.2,86,,,
2025-11-01T07:00,20.5,91,,,
2025-11-01T08:00,20.7,87,,,
2025-11-01T09:00,21,85,,,
2025-11-01T10:00,21.5,83,,,
2025-11-01T11:00,21.4,82,,,
2025-11-01T12:00,21.7,77,,,
2025-11-01T13:00,20.2,83,,,
2025-11-01T14:00,20.4,83,,,
2025-11-01T15:00,20.4,83,,,
2025-11-01T16:00,20.3,83,,,
2025-11-01T17:00,20.1,84,,,
2025-11-01T18:00,20,83,,,
2025-11-01T19:00,21,82,,,
2025-11-01T20:00,21.1,80,,,
2025-11-01T21:00,20.9,78,,,
2025-11-01T22:00,20.6,79,,,
2025-11-01T23:00,20.4,79,,,
2025-11-02T00:00,20.2,78,,,
2025-11-02T01:00,20.2,82,,,
2025-11-02T02:00,20,82,,,
2025-11-02T03:00,19.8,81,,,
2025-11-02T04:00,19.5,84,,,
2025-11-02T05:00,19.2,87,,,
2025-11-02T06:00,19.2,87,,,
2025-11-02T07:00,19.3,88,,,
2025-11-02T08:00,19.7,86,,,
2025-11-02T09:00,19.8,85,,,
2025-11-02T10:00,20.2,84,,,
2025-11-02T11:00,21,80,,,
2025-11-02T12:00,21.3,80,,,
2025-11-02T13:00,20.8,81,,,
2025-11-02T14:00,20.9,83,,,
2025-11-02T15:00,20.8,85,,,
2025-11-02T16:00,20.9,85,,,
2025-11-02T17:00,20.7,83,,,
2025-11-02T18:00,20.7,81,,,
2025-11-02T19:00,20.8,83,,,
2025-11-02T20:00,20.7,79,,,
2025-11-02T21:00,20.5,77,,,
2025-11-02T22:00,20.4,75,,,
2025-11-02T23:00,20.1,77,,,
2025-11-03T00:00,19.8,79,,,
2025-11-03T01:00,20.1,84,,,
2025-11-03T02:00,20.1,82,,,
2025-11-03T03:00,20,80,,,
2025-11-03T04:00,19.9,78,,,
2025-11-03T05:00,19.9,76,,,
2025-11-03T06:00,19.7,74,,,
2025-11-03T07:00,19.3,75,,,
2025-11-03T08:00,19.3,75,,,
2025-11-03T09:00,19.4,75,,,
2025-11-03T10:00,19.3,78,,,
2025-11-03T11:00,19.6,75,,,
2025-11-03T12:00,19.8,74,,,
2025-11-03T13:00,19.8,76,,,
2025-11-03T14:00,20,76,,,
2025-11-03T15:00,19.8,76,,,
2025-11-03T16:00,20,75,,,
2025-11-03T17:00,19.8,77,,,
2025-11-03T18:00,20,75,,,
2025-11-03T19:00,18.8,86,,,
2025-11-03T20:00,18.8,84,,,
2025-11-03T21:00,18.7,84,,,
2025-11-03T22:00,18.5,85,,,
2025-11-03T23:00,18.3,86,,,
2025-11-04T00:00,18.2,86,,,
2025-11-04T01:00,17.9,90,,,
2025-11-04T02:00,18,88,,,
2025-11-04T03:00,17.9,88,,,
2025-11-04T04:00,17.9,87,,,
2025-11-04T05:00,18,86,,,
2025-11-04T06:00,18.2,83,,,
2025-11-04T07:00,18.1,85,,,
2025-11-04T08:00,18.6,79,,,
2025-11-04T09:00,19.2,74,,,
2025-11-04T10:00,19.4,72,,,
2025-11-04T11:00,20.4,67,,,
2025-11-04T12:00,20.2,68,,,
2025-11-04T13:00,20.1,72,,,
2025-11-04T14:00,20.5,70,,,
2025-11-04T15:00,20.5,71,,,
2025-11-04T16:00,20.4,73,,,
2025-11-04T17:00,20.2,74,,,
2025-11-04T18:00,19.8,77,,,
2025-11-04T19:00,20,81,,,
2025-11-04T20:00,20.4,79,,,
2025-11-04T21:00,20.2,79,,,
2025-11-04T22:00,20.1,77,,,
2025-11-04T23:00,19.8,78,,,
2025-11-05T00:00,19.6,79,,,
2025-11-05T01:00,19.5,84,,,
2025-11-05T02:00,19.5,85,,,
2025-11-05T03:00,19.4,83,,,
2025-11-05T04:00,19.4,81,,,
2025-11-05T05:00,19.1,84,,,
2025-11-05T06:00,19,84,,,
2025-11-05T07:00,19.3,79,,,
2025-11-05T08:00,19.8,77,,,
2025-11-05T09:00,20.5,74,,,
2025-11-05T10:00,21,72,,,
2025-11-05T11:00,21.6,70,,,
2025-11-05T12:00,22.1,69,,,
2025-11-05T13:00,22.4,69,,,
2025-11-05T14:00,22.8,69,,,
2025-11-05T15:00,22.8,69,,,
2025-11-05T16:00,22.8,70,,,
2025-11-05T17:00,22.1,80,,,
2025-11-05T18:00,21.5,80,,,
2025-11-05T19:00,21.3,83,,,
2025-11-05T20:00,21.3,82,,,
2025-11-05T21:00,21.1,83,,,
2025-11-05T22:00,21,85,,,
2025-11-05T23:00,21,85,,,
2025-11-06T00:00,20.5,90,,,
2025-11-06T01:00,20.8,90,,,
2025-11-06T02:00,20.2,92,,,
2025-11-06T03:00,19.8,95,,,
2025-11-06T04:00,19.4,96,,,
2025-11-06T05:00,19.2,96,,,
2025-11-06T06:00,19.1,97,,,
2025-11-06T07:00,20.1,93,,,
2025-11-06T08:00,21.3,88,,,
2025-11-06T09:00,22.4,82,,,
2025-11-06T10:00,23.4,78,,,
2025-11-06T11:00,24.1,76,,,
2025-11-06T12:00,24.4,75,,,
2025-11-06T13:00,24.5,73,,,
2025-11-06T14:00,24.6,73,,,
2025-11-06T15:00,25,72,,,
2025-11-06T16:00,25.2,71,,,
2025-11-06T17:00,24.1,81,,,
2025-11-06T18:00,22.5,85,,,
2025-11-06T19:00,22.5,87,,,
2025-11-06T20:00,22.3,87,,,
2025-11-06T21:00,21.4,91,,,
2025-11-06T22:00,21,93,,,
2025-11-06T23:00,20.6,95,,,
2025-11-07T00:00,20.5,95,,,
2025-11-07T01:00,20.7,96,,,
2025-11-07T02:00,21.6,93,,,
2025-11-07T03:00,21.8,93,,,
2025-11-07T04:00,21.8,92,,,
2025-11-07T05:00,21.8,92,,,
2025-11-07T06:00,21.7,93,,,
2025-11-07T07:00,21.6,93,,,
2025-11-07T08:00,22.6,90,,,
2025-11-07T09:00,23.8,84,,,
2025-11-07T10:00,24.2,82,,,
2025-11-07T11:00,24.5,82,,,
2025-11-07T12:00,24.4,87,,,
2025-11-07T13:00,24.4,87,,,
2025-11-07T14:00,24.8,88,,,
2025-11-07T15:00,25.3,85,,,
2025-11-07T16:00,25.3,85,,,
2025-11-07T17:00,24.9,87,,,
2025-11-07T18:00,24.5,91,,,
2025-11-07T19:00,23.9,90,,,
2025-11-07T20:00,23.8,89,,,
2025-11-07T21:00,23.5,89,,,
2025-11-07T22:00,23.3,89,,,
2025-11-07T23:00,22.8,95,,,
2025-11-08T00:00,22.7,94,,,
2025-11-08T01:00,22.7,94,,,
2025-11-08T02:00,22.8,94,,,
2025-11-08T03:00,22.7,95,,,
2025-11-08T04:00,22.3,98,,,
2025-11-08T05:00,22.3,98,,,
2025-11-08T06:00,22.2,98,,,
2025-11-08T07:00,23,97,,,
2025-11-08T08:00,24.2,93,,,
2025-11-08T09:00,25.1,89,,,
2025-11-08T10:00,26,88,,,
2025-11-08T11:00,27.6,82,,,
2025-11-08T12:00,26.1,87,,,
2025-11-08T13:00,26.2,87,,,
2025-11-08T14:00,28.7,76,,,
2025-11-08T15:00,27.9,75,,,
2025-11-08T16:00,27.4,79,,,
2025-11-08T17:00,26.5,82,,,
2025-11-08T18:00,25.7,87,,,
2025-11-08T19:00,24.8,91,,,
2025-11-08T20:00,24.9,91,,,
2025-11-08T21:00,24.6,95,,,
2025-11-08T22:00,24.4,97,,,
2025-11-08T23:00,23.9,98,,,
2025-11-09T00:00,23.6,98,,,
2025-11-09T01:00,23.8,98,,,
2025-11-09T02:00,23.6,98,,,
2025-11-09T03:00,23.1,98,,,
2025-11-09T04:00,23.1,98,,,
2025-11-09T05:00,22.7,99,,,
2025-11-09T06:00,22.7,98,,,
2025-11-09T07:00,23.4,98,,,
2025-11-09T08:00,24.1,97,,,
2025-11-09T09:00,24.8,94,,,
2025-11-09T10:00,25.3,91,,,
2025-11-09T11:00,26.5,86,,,
2025-11-09T12:00,26.5,84,,,
2025-11-09T13:00,25.5,87,,,
2025-11-09T14:00,27.5,77,,,
2025-11-09T15:00,27.1,79,,,
2025-11-09T16:00,26.5,86,,,
2025-11-09T17:00,26.2,85,,,
2025-11-09T18:00,25.4,86,,,
2025-11-09T19:00,24.6,94,,,
2025-11-09T20:00,24.5,95,,,
2025-11-09T21:00,24,96,,,
2025-11-09T22:00,23.8,98,,,
2025-11-09T23:00,23.3,98,,,
2025-11-10T00:00,23.2,98,,,
2025-11-10T01:00,23.5,100,,,
2025-11-10T02:00,23.6,95,,,
2025-11-10T03:00,23.5,96,,,
2025-11-10T04:00,23.4,97,,,
2025-11-10T05:00,22.9,96,,,
2025-11-10T06:00,22.2,94,,,
2025-11-10T07:00,22.6,92,,,
2025-11-10T08:00,23.8,85,,,
2025-11-10T09:00,24.2,82,,,
2025-11-10T10:00,24.7,80,,,
2025-11-10T11:00,25.8,74,,,
2025-11-10T12:00,27.6,67,,,
2025-11-10T13:00,27.5,68,,,
2025-11-10T14:00,27.6,67,,,
2025-11-10T15:00,27.7,66,,,
2025-11-10T16:00,27.2,68,,,
2025-11-10T17:00,26.2,71,,,
2025-11-10T18:00,25.4,71,,,
2025-11-10T19:00,23.4,80,,,
2025-11-10T20:00,23.9,77,,,
2025-11-10T21:00,23.4,75,,,
2025-11-10T22:00,23,77,,,
2025-11-10T23:00,22.9,77,,,
2025-11-11T00:00,22.5,79,,,
2025-11-11T01:00,22.3,83,,,
2025-11-11T02:00,22.4,81,,,
2025-11-11T03:00,22.4,78,,,
2025-11-11T04:00,22.2,77,,,
2025-11-11T05:00,21.8,78,,,
2025-11-11T06:00,21.7,77,,,
2025-11-11T07:00,21.6,80,,,
2025-11-11T08:00,21.7,78,,,
2025-11-11T09:00,21.9,75,,,
2025-11-11T10:00,22,76,,,
2025-11-11T11:00,22.5,75,,,
2025-11-11T12:00,23.1,72,,,
2025-11-11T13:00,23.9,68,,,
2025-11-11T14:00,24.2,66,,,
2025-11-11T15:00,24.6,63,,,
2025-11-11T16:00,24.4,63,,,
2025-11-11T17:00,23.8,74,,,
2025-11-11T18:00,23.1,74,,,
2025-11-11T19:00,22.7,78,,,
2025-11-11T20:00,22.5,79,,,
2025-11-11T21:00,22.6,76,,,
2025-11-11T22:00,22.6,74,,,
2025-11-11T23:00,22.6,71,,,
2025-11-12T00:00,22.2,71,,,
2025-11-12T01:00,22,71,,,
2025-11-12T02:00,21.8,70,,,
2025-11-12T03:00,21.5,69,,,
2025-11-12T04:00,21.2,67,,,
2025-11-12T05:00,20.7,66,,,
2025-11-12T06:00,20.6,65,,,
2025-11-12T07:00,20.3,71,,,
2025-11-12T08:00,21.4,63,,,
2025-11-12T09:00,21.5,60,,,
2025-11-12T10:00,22.4,57,,,
2025-11-12T11:00,23,56,,,
2025-11-12T12:00,23.2,56,,,
2025-11-12T13:00,24.5,54,,,
2025-11-12T14:00,24.8,54,,,
2025-11-12T15:00,24.7,55,,,
2025-11-12T16:00,24.5,58,,,
2025-11-12T17:00,23.2,69,,,
2025-11-12T18:00,22.3,69,,,
2025-11-12T19:00,23.4,67,,,
2025-11-12T20:00,22.7,70,,,
2025-11-12T21:00,22.1,77,,,
2025-11-12T22:00,21.2,81,,,
2025-11-12T23:00,20.8,83,,,
2025-11-13T00:00,20.8,81,,,
2025-11-13T01:00,20.2,81,,,
2025-11-13T02:00,20.2,76,,,
2025-11-13T03:00,20.4,72,,,
2025-11-13T04:00,20.5,70,,,
2025-11-13T05:00,20.6,68,,,
2025-11-13T06:00,20.1,70,,,
2025-11-13T07:00,20.6,70,,,
2025-11-13T08:00,21.8,65,,,
2025-11-13T09:00,22.8,53,,,
2025-11-13T10:00,23.7,49,,,
2025-11-13T11:00,24.6,47,,,
2025-11-13T12:00,25.1,50,,,
2025-11-13T13:00,25.6,50,,,
2025-11-13T14:00,26.2,47,,,
2025-11-13T15:00,26.2,46,,,
2025-11-13T16:00,25.7,52,,,
2025-11-13T17:00,23.7,62,,,
2025-11-13T18:00,22.5,64,,,
2025-11-13T19:00,21.6,70,,,
2025-11-13T20:00,21.6,68,,,
2025-11-13T21:00,20.8,72,,,
2025-11-13T22:00,20.1,78,,,
2025-11-13T23:00,19.3,80,,,
2025-11-14T00:00,18.5,83,,,
2025-11-14T01:00,18.3,86,,,
2025-11-14T02:00,17.4,88,,,
2025-11-14T03:00,17,87,,,
2025-11-14T04:00,16.8,87,,,
2025-11-14T05:00,16.5,86,,,
2025-11-14T06:00,16.1,87,,,
2025-11-14T07:00,17.5,84,,,
2025-11-14T08:00,19.5,77,,,
2025-11-14T09:00,21.7,65,,,
2025-11-14T10:00,23.6,51,,,
2025-11-14T11:00,24.7,42,,,
2025-11-14T12:00,25.3,41,,,
2025-11-14T13:00,25.7,40,,,
2025-11-14T14:00,25.9,41,,,
2025-11-14T15:00,25.7,42,,,
2025-11-14T16:00,24.9,50,,,
2025-11-14T17:00,22.9,60,,,
2025-11-14T18:00,22,59,,,
2025-11-14T19:00,21.8,60,,,
2025-11-14T20:00,21.1,62,,,
2025-11-14T21:00,20.6,67,,,
2025-11-14T22:00,18.8,76,,,
2025-11-14T23:00,17.8,84,,,
2025-11-15T00:00,17,89,,,
2025-11-15T01:00,17.1,92,,,
2025-11-15T02:00,16.5,93,,,
2025-11-15T03:00,16.3,94,,,
2025-11-15T04:00,16,92,,,
2025-11-15T05:00,15.9,88,,,
2025-11-15T06:00,16,85,,,
2025-11-15T07:00,17.7,78,,,
2025-11-15T08:00,20.1,73,,,
2025-11-15T09:00,22.2,63,,,
2025-11-15T10:00,23.7,59,,,
2025-11-15T11:00,24.8,57,,,
2025-11-15T12:00,25.8,56,,,
2025-11-15T13:00,26.3,55,,,
2025-11-15T14:00,27,52,,,
2025-11-15T15:00,27,51,,,
2025-11-15T16:00,26.5,56,,,
2025-11-15T17:00,24.3,68,,,
2025-11-15T18:00,22.7,72,,,
2025-11-15T19:00,22.2,78,,,
2025-11-15T20:00,21.3,83,,,
2025-11-15T21:00,20.5,84,,,
2025-11-15T22:00,20,85,,,
2025-11-15T23:00,19.5,87,,,
2025-11-16T00:00,19.2,90,,,
2025-11-16T01:00,19.8,90,,,
2025-11-16T02:00,19.5,90,,,
2025-11-16T03:00,20.4,86,,,
2025-11-16T04:00,20.6,84,,,
2025-11-16T05:00,20.8,81,,,
2025-11-16T06:00,20.8,80,,,
2025-11-16T07:00,20.6,83,,,
2025-11-16T08:00,21.2,81,,,
2025-11-16T09:00,21.8,82,,,
2025-11-16T10:00,22.3,80,,,
2025-11-16T11:00,23.3,75,,,
2025-11-16T12:00,24.4,68,,,
2025-11-16T13:00,24.7,65,,,
2025-11-16T14:00,25.2,63,,,
2025-11-16T15:00,25.6,62,,,
2025-11-16T16:00,25.3,65,,,
2025-11-16T17:00,23.7,76,,,
2025-11-16T18:00,22.3,80,,,
2025-11-16T19:00,22.2,83,,,
2025-11-16T20:00,22.7,81,,,
2025-11-16T21:00,22.4,83,,,
2025-11-16T22:00,21.7,87,,,
2025-11-16T23:00,21.8,87,,,
2025-11-17T00:00,21.4,88,,,
2025-11-17T01:00,21.4,92,,,
2025-11-17T02:00,21.4,92,,,
2025-11-17T03:00,21.5,91,,,
2025-11-17T04:00,21.3,92,,,
2025-11-17T05:00,21.2,91,,,
2025-11-17T06:00,21,91,,,
2025-11-17T07:00,20.8,92,,,
2025-11-17T08:00,21.9,87,,,
2025-11-17T09:00,22.6,84,,,
2025-11-17T10:00,23.4,80,,,
2025-11-17T11:00,24.4,75,,,
2025-11-17T12:00,25.1,71,,,
2025-11-17T13:00,24.6,72,,,
2025-11-17T14:00,25,71,,,
2025-11-17T15:00,25.2,69,,,
2025-11-17T16:00,24.8,73,,,
2025-11-17T17:00,23.8,78,,,
2025-11-17T18:00,23.1,82,,,
2025-11-17T19:00,22.3,93,,,
2025-11-17T20:00,22.5,92,,,
2025-11-17T21:00,22.1,91,,,
2025-11-17T22:00,21.8,92,,,
2025-11-17T23:00,21.5,93,,,
2025-11-18T00:00,21.3,94,,,
2025-11-18T01:00,21.7,93,,,
2025-11-18T02:00,21.6,94,,,
2025-11-18T03:00,21.3,94,,,
2025-11-18T04:00,21,94,,,
2025-11-18T05:00,20.7,94,,,
2025-11-18T06:00,20.6,93,,,
2025-11-18T07:00,20.9,94,,,
2025-11-18T08:00,20.4,92,,,
2025-11-18T09:00,19.9,87,,,
2025-11-18T10:00,19,81,,,
2025-11-18T11:00,17.6,82,,,
2025-11-18T12:00,16.7,84,,,
2025-11-18T13:00,17.5,85,,,
2025-11-18T14:00,16.9,84,,,
2025-11-18T15:00,15.8,89,,,
2025-11-18T16:00,15.6,91,,,
2025-11-18T17:00,15.3,90,,,
2025-11-18T18:00,14.4,90,,,
2025-11-18T19:00,14.4,87,,,
2025-11-18T20:00,14,89,,,
2025-11-18T21:00,13.7,90,,,
2025-11-18T22:00,13.6,89,,,
2025-11-18T23:00,13.4,90,,,
2025-11-19T00:00,13.2,90,,,
2025-11-19T01:00,13.4,87,,,
2025-11-19T02:00,13.3,84,,,
2025-11-19T03:00,13.2,83,,,
2025-11-19T04:00,13.1,80,,,
2025-11-19T05:00,13.1,74,,,
2025-11-19T06:00,13.1,70,,,
2025-11-19T07:00,13.1,70,,,
2025-11-19T08:00,13.2,71,,,
2025-11-19T09:00,14.4,62,,,
2025-11-19T10:00,15.5,55,,,
2025-11-19T11:00,15.9,57,,,
2025-11-19T12:00,17,54,,,
2025-11-19T13:00,15.1,70,,,
2025-11-19T14:00,15.8,62,,,
2025-11-19T15:00,16.4,60,,,
2025-11-19T16:00,16.1,64,,,
2025-11-19T17:00,15,75,,,
2025-11-19T18:00,14.8,77,,,
2025-11-19T19:00,15.5,73,,,
2025-11-19T20:00,15.7,73,,,
2025-11-19T21:00,15.5,75,,,
2025-11-19T22:00,14.7,76,,,
2025-11-19T23:00,13.9,76,,,
2025-11-20T00:00,13.5,76,,,
2025-11-20T01:00,14.1,77,,,
2025-11-20T02:00,14.2,78,,,
2025-11-20T03:00,14.1,76,,,
2025-11-20T04:00,13.9,73,,,
2025-11-20T05:00,13.6,71,,,
2025-11-20T06:00,13.5,70,,,
2025-11-20T07:00,14.1,74,,,
2025-11-20T08:00,16.2,66,,,
2025-11-20T09:00,17.6,50,,,
2025-11-20T10:00,18.7,49,,,
2025-11-20T11:00,19.6,50,,,
2025-11-20T12:00,20.5,51,,,
2025-11-20T13:00,21,48,,,
2025-11-20T14:00,21.6,45,,,
2025-11-20T15:00,21.6,45,,,
2025-11-20T16:00,21,49,,,
2025-11-20T17:00,19,61,,,
2025-11-20T18:00,17.9,62,,,
2025-11-20T19:00,17.1,68,,,
2025-11-20T20:00,16.5,74,,,
2025-11-20T21:00,15.8,77,,,
2025-11-20T22:00,15.6,74,,,
2025-11-20T23:00,15.8,62,,,
2025-11-21T00:00,15.1,64,,,
2025-11-21T01:00,15.2,68,,,
2025-11-21T02:00,15.5,66,,,
2025-11-21T03:00,15.5,65,,,
2025-11-21T04:00,15.9,62,,,
2025-11-21T05:00,16,60,,,
2025-11-21T06:00,15.8,61,,,
2025-11-21T07:00,15.7,70,,,
2025-11-21T08:00,18.1,64,,,
2025-11-21T09:00,20.2,48,,,
2025-11-21T10:00,21.2,42,,,
2025-11-21T11:00,21.9,43,,,
2025-11-21T12:00,22.5,45,,,
2025-11-21T13:00,23,42,,,
2025-11-21T14:00,23.3,41,,,
2025-11-21T15:00,23.1,42,,,
2025-11-21T16:00,22.5,48,,,
2025-11-21T17:00,19.8,61,,,
2025-11-21T18:00,18,67,,,
2025-11-21T19:00,17.7,69,,,
2025-11-21T20:00,17.1,72,,,
2025-11-21T21:00,16.5,71,,,
2025-11-21T22:00,16.1,69,,,
2025-11-21T23:00,15.4,71,,,
2025-11-22T00:00,14.8,72,,,
2025-11-22T01:00,14.7,76,,,
2025-11-22T02:00,14.9,74,,,
2025-11-22T03:00,14.4,76,,,
2025-11-22T04:00,14.2,77,,,
2025-11-22T05:00,14.2,76,,,
2025-11-22T06:00,14.3,73,,,
2025-11-22T07:00,15.1,76,,,
2025-11-22T08:00,17.7,69,,,
2025-11-22T09:00,20.2,57,,,
2025-11-22T10:00,21.6,47,,,
2025-11-22T11:00,22.7,43,,,
2025-11-22T12:00,23.4,41,,,
2025-11-22T13:00,23.6,39,,,
2025-11-22T14:00,24,38,,,
2025-11-22T15:00,23.9,39,,,
2025-11-22T16:00,23.3,46,,,
2025-11-22T17:00,21.3,56,,,
2025-11-22T18:00,19.8,58,,,
2025-11-22T19:00,20.8,59,,,
2025-11-22T20:00,20.2,60,,,
2025-11-22T21:00,19.7,63,,,
2025-11-22T22:00,19.6,64,,,
2025-11-22T23:00,19.2,69,,,
2025-11-23T00:00,18.7,68,,,
2025-11-23T01:00,18.5,74,,,
2025-11-23T02:00,18.5,74,,,
2025-11-23T03:00,18.4,74,,,
2025-11-23T04:00,17.9,76,,,
2025-11-23T05:00,17.9,76,,,
2025-11-23T06:00,17.9,76,,,
2025-11-23T07:00,17.6,80,,,
2025-11-23T08:00,19,76,,,
2025-11-23T09:00,21.1,65,,,
2025-11-23T10:00,22.5,57,,,
2025-11-23T11:00,23.5,52,,,
2025-11-23T12:00,24.3,48,,,
2025-11-23T13:00,24.7,44,,,
2025-11-23T14:00,25.1,44,,,
2025-11-23T15:00,25,44,,,
2025-11-23T16:00,24.3,50,,,
2025-11-23T17:00,22.4,61,,,
2025-11-23T18:00,20.5,65,,,
2025-11-23T19:00,19.6,71,,,
2025-11-23T20:00,19.1,77,,,
2025-11-23T21:00,18.2,81,,,
2025-11-23T22:00,18.2,80,,,
2025-11-23T23:00,16.9,87,,,
2025-11-24T00:00,17,84,,,
2025-11-24T01:00,16.8,87,,,
2025-11-24T02:00,15.8,92,,,
2025-11-24T03:00,15.8,92,,,
2025-11-24T04:00,15.9,89,,,
2025-11-24T05:00,15.8,86,,,
2025-11-24T06:00,15.8,82,,,
2025-11-24T07:00,16.2,84,,,
2025-11-24T08:00,18.6,77,,,
2025-11-24T09:00,21,65,,,
2025-11-24T10:00,22.7,55,,,
2025-11-24T11:00,23.9,47,,,
2025-11-24T12:00,24.6,50,,,
2025-11-24T13:00,25.1,50,,,
2025-11-24T14:00,25.7,45,,,
2025-11-24T15:00,25.7,44,,,
2025-11-24T16:00,24.8,50,,,
2025-11-24T17:00,21.9,63,,,
2025-11-24T18:00,20,71,,,
2025-11-24T19:00,19.9,75,,,
2025-11-24T20:00,20.3,63,,,
2025-11-24T21:00,19,66,,,
2025-11-24T22:00,18.6,67,,,
2025-11-24T23:00,18.3,68,,,
2025-11-25T00:00,18.3,68,,,
2025-11-25T01:00,18.6,66,,,
2025-11-25T02:00,18.9,61,,,
2025-11-25T03:00,18.7,58,,,
2025-11-25T04:00,18.2,57,,,
2025-11-25T05:00,17.7,57,,,
2025-11-25T06:00,17.2,56,,,
2025-11-25T07:00,18,58,,,
2025-11-25T08:00,19.8,55,,,
2025-11-25T09:00,20.9,45,,,
2025-11-25T10:00,21.6,42,,,
2025-11-25T11:00,22.1,45,,,
2025-11-25T12:00,23,43,,,
2025-11-25T13:00,23.6,41,,,
2025-11-25T14:00,24,40,,,
2025-11-25T15:00,23.7,40,,,
2025-11-25T16:00,22.9,46,,,
2025-11-25T17:00,20.1,60,,,
2025-11-25T18:00,18.6,65,,,
2025-11-25T19:00,17.8,70,,,
2025-11-25T20:00,17.2,73,,,
2025-11-25T21:00,16.7,69,,,
2025-11-25T22:00,16.5,67,,,
2025-11-25T23:00,15.3,74,,,
2025-11-26T00:00,14.4,78,,,
2025-11-26T01:00,14.2,81,,,
2025-11-26T02:00,13.6,80,,,
2025-11-26T03:00,13.7,76,,,
2025-11-26T04:00,13.7,73,,,
2025-11-26T05:00,13.7,71,,,
2025-11-26T06:00,13.6,69,,,
2025-11-26T07:00,14.1,71,,,
2025-11-26T08:00,16.3,66,,,
2025-11-26T09:00,18.5,56,,,
2025-11-26T10:00,20,49,,,
2025-11-26T11:00,21.3,45,,,
2025-11-26T12:00,22.3,45,,,
2025-11-26T13:00,23,41,,,
2025-11-26T14:00,23.4,40,,,
2025-11-26T15:00,23.2,41,,,
2025-11-26T16:00,22.5,48,,,
2025-11-26T17:00,20.5,57,,,
2025-11-26T18:00,19.3,59,,,
2025-11-26T19:00,18.4,62,,,
2025-11-26T20:00,16.7,72,,,
2025-11-26T21:00,16.1,69,,,
2025-11-26T22:00,16.4,63,,,
2025-11-26T23:00,15.5,67,,,
2025-11-27T00:00,15,68,,,
2025-11-27T01:00,14.9,70,,,
2025-11-27T02:00,15.2,66,,,
2025-11-27T03:00,15.2,66,,,
2025-11-27T04:00,14.6,69,,,
2025-11-27T05:00,14.1,72,,,
2025-11-27T06:00,13.9,72,,,
2025-11-27T07:00,14.2,77,,,
2025-11-27T08:00,16.6,71,,,
2025-11-27T09:00,19.3,60,,,
2025-11-27T10:00,21.3,45,,,
2025-11-27T11:00,22.3,39,,,
2025-11-27T12:00,23,38,,,
2025-11-27T13:00,23.7,32,,,
2025-11-27T14:00,24.2,30,,,
2025-11-27T15:00,24,32,,,
2025-11-27T16:00,22.9,36,,,
2025-11-27T17:00,19.3,49,,,
2025-11-27T18:00,17.7,49,,,
2025-11-27T19:00,17.7,47,,,
2025-11-27T20:00,18.5,44,,,
2025-11-27T21:00,16.8,52,,,
2025-11-27T22:00,15.4,59,,,
2025-11-27T23:00,14.2,65,,,
2025-11-28T00:00,13.4,71,,,
2025-11-28T01:00,13.2,76,,,
2025-11-28T02:00,12.7,77,,,
2025-11-28T03:00,13.2,71,,,
2025-11-28T04:00,12.9,71,,,
2025-11-28T05:00,12.2,77,,,
2025-11-28T06:00,11,85,,,
2025-11-28T07:00,12.5,82,,,
2025-11-28T08:00,14.7,77,,,
2025-11-28T09:00,17.4,68,,,
2025-11-28T10:00,20,57,,,
2025-11-28T11:00,22,44,,,
2025-11-28T12:00,23.1,37,,,
2025-11-28T13:00,23.7,32,,,
2025-11-28T14:00,24.1,31,,,
2025-11-28T15:00,23.8,32,,,
2025-11-28T16:00,22.7,44,,,
2025-11-28T17:00,19.6,58,,,
2025-11-28T18:00,17,70,,,
2025-11-28T19:00,17,69,,,
2025-11-28T20:00,17.1,61,,,
2025-11-28T21:00,16.6,59,,,
2025-11-28T22:00,15.8,63,,,
2025-11-28T23:00,13.6,80,,,
2025-11-29T00:00,13.3,82,,,
2025-11-29T01:00,13.5,85,,,
2025-11-29T02:00,13,87,,,
2025-11-29T03:00,12.3,90,,,
2025-11-29T04:00,11.3,96,,,
2025-11-29T05:00,10.6,98,,,
2025-11-29T06:00,10.4,97,,,
2025-11-29T07:00,11.1,97,,,
2025-11-29T08:00,14,85,,,
2025-11-29T09:00,17,73,,,
2025-11-29T10:00,19.1,66,,,
2025-11-29T11:00,20.7,61,,,
2025-11-29T12:00,21.8,56,,,
2025-11-29T13:00,22.5,49,,,
2025-11-29T14:00,23.2,48,,,
2025-11-29T15:00,23.2,48,,,
2025-11-29T16:00,22.5,51,,,
2025-11-29T17:00,19.5,64,,,
2025-11-29T18:00,17.9,67,,,
2025-11-29T19:00,17.7,67,,,
2025-11-29T20:00,17.4,69,,,
2025-11-29T21:00,16,79,,,
2025-11-29T22:00,15.3,81,,,
2025-11-29T23:00,14.1,85,,,
2025-11-30T00:00,13.9,84,,,
2025-11-30T01:00,14.1,85,,,
2025-11-30T02:00,14.9,84,,,
2025-11-30T03:00,15.3,84,,,
2025-11-30T04:00,15.1,85,,,
2025-11-30T05:00,15.2,85,,,
2025-11-30T06:00,15.1,85,,,
2025-11-30T07:00,14.4,91,,,
2025-11-30T08:00,16.2,83,,,
2025-11-30T09:00,18.5,74,,,
2025-11-30T10:00,20.3,68,,,
2025-11-30T11:00,21.7,64,,,
2025-11-30T12:00,22.8,58,,,
2025-11-30T13:00,23.3,52,,,
2025-11-30T14:00,24.4,50,,,
2025-11-30T15:00,24.7,49,,,
2025-11-30T16:00,24.4,52,,,
2025-11-30T17:00,22.3,63,,,
2025-11-30T18:00,20.5,68,,,
2025-11-30T19:00,19.8,72,,,
2025-11-30T20:00,18.6,78,,,
2025-11-30T21:00,18.4,87,,,
2025-11-30T22:00,18.3,94,,,
2025-11-30T23:00,17.6,97,,,
2025-12-01T00:00,17.5,98,,,
2025-12-01T01:00,18.2,98,,,
2025-12-01T02:00,18.5,98,,,
2025-12-01T03:00,18.5,97,,,
2025-12-01T04:00,18.3,92,,,
2025-12-01T05:00,18.2,89,,,
2025-12-01T06:00,18.2,90,,,
2025-12-01T07:00,17.8,93,,,
2025-12-01T08:00,18,92,,,
2025-12-01T09:00,18.4,89,,,
2025-12-01T10:00,19.4,85,,,
2025-12-01T11:00,20.3,80,,,
2025-12-01T12:00,21.7,74,,,
2025-12-01T13:00,23.3,69,,,
2025-12-01T14:00,24.2,67,,,
2025-12-01T15:00,24.4,66,,,
2025-12-01T16:00,23.6,68,,,
2025-12-01T17:00,21.5,81,,,
2025-12-01T18:00,20.1,83,,,
2025-12-01T19:00,20.7,84,,,
2025-12-01T20:00,20.8,85,,,
2025-12-01T21:00,20.4,89,,,
2025-12-01T22:00,19.8,93,,,
2025-12-01T23:00,19.4,95,,,
2025-12-02T00:00,19,96,,,
2025-12-02T01:00,19.8,95,,,
2025-12-02T02:00,20.2,95,,,
2025-12-02T03:00,20.1,95,,,
2025-12-02T04:00,20,97,,,
2025-12-02T05:00,20,97,,,
2025-12-02T06:00,20.1,96,,,
2025-12-02T07:00,20.3,97,,,
2025-12-02T08:00,21.1,94,,,
2025-12-02T09:00,22,91,,,
2025-12-02T10:00,24.4,76,,,
2025-12-02T11:00,26,65,,,
2025-12-02T12:00,25.9,66,,,
2025-12-02T13:00,26.4,64,,,
2025-12-02T14:00,26.8,62,,,
2025-12-02T15:00,26.8,61,,,
2025-12-02T16:00,26.4,62,,,
2025-12-02T17:00,24.5,74,,,
2025-12-02T18:00,22.8,80,,,
2025-12-02T19:00,22.7,81,,,
2025-12-02T20:00,21.6,88,,,
2025-12-02T21:00,21.4,94,,,
2025-12-02T22:00,21,96,,,
2025-12-02T23:00,20.5,97,,,
2025-12-03T00:00,20,99,,,
2025-12-03T01:00,20.8,99,,,
2025-12-03T02:00,20.8,97,,,
2025-12-03T03:00,20.8,98,,,
2025-12-03T04:00,20.6,98,,,
2025-12-03T05:00,20.2,98,,,
2025-12-03T06:00,20,98,,,
2025-12-03T07:00,20.2,97,,,
2025-12-03T08:00,21,92,,,
2025-12-03T09:00,22.1,85,,,
2025-12-03T10:00,23.1,75,,,
2025-12-03T11:00,24,62,,,
2025-12-03T12:00,24.3,56,,,
2025-12-03T13:00,24,58,,,
2025-12-03T14:00,23.6,57,,,
2025-12-03T15:00,22.8,59,,,
2025-12-03T16:00,22,60,,,
2025-12-03T17:00,21,63,,,
2025-12-03T18:00,20.5,64,,,
2025-12-03T19:00,20.6,68,,,
2025-12-03T20:00,20.5,66,,,
2025-12-03T21:00,20.1,65,,,
2025-12-03T22:00,19.8,65,,,
2025-12-03T23:00,19.5,65,,,
2025-12-04T00:00,19.4,66,,,
2025-12-04T01:00,19.3,74,,,
2025-12-04T02:00,19.4,72,,,
2025-12-04T03:00,19.2,72,,,
2025-12-04T04:00,18.8,72,,,
2025-12-04T05:00,18.2,75,,,
2025-12-04T06:00,18.1,74,,,
2025-12-04T07:00,17.8,77,,,
2025-12-04T08:00,18.5,73,,,
2025-12-04T09:00,19,71,,,
2025-12-04T10:00,19.6,69,,,
2025-12-04T11:00,20.8,64,,,
2025-12-04T12:00,22.3,59,,,
2025-12-04T13:00,22.4,60,,,
2025-12-04T14:00,23.4,58,,,
2025-12-04T15:00,23.7,58,,,
2025-12-04T16:00,23.7,58,,,
2025-12-04T17:00,22.7,65,,,
2025-12-04T18:00,21.6,69,,,
2025-12-04T19:00,21.4,73,,,
2025-12-04T20:00,21.3,74,,,
2025-12-04T21:00,19.8,79,,,
2025-12-04T22:00,18.8,83,,,
2025-12-04T23:00,18.4,85,,,
2025-12-05T00:00,19,84,,,
2025-12-05T01:00,19.3,83,,,
2025-12-05T02:00,19.4,83,,,
2025-12-05T03:00,19.3,85,,,
2025-12-05T04:00,19.3,85,,,
2025-12-05T05:00,19.3,83,,,
2025-12-05T06:00,19.2,81,,,
2025-12-05T07:00,18.5,85,,,
2025-12-05T08:00,18.9,83,,,
2025-12-05T09:00,19.2,82,,,
2025-12-05T10:00,19.1,81,,,
2025-12-05T11:00,19.3,82,,,
2025-12-05T12:00,19.7,80,,,
2025-12-05T13:00,20.2,76,,,
2025-12-05T14:00,20.7,74,,,
2025-12-05T15:00,21.3,70,,,
2025-12-05T16:00,21.1,70,,,
2025-12-05T17:00,20.6,72,,,
2025-12-05T18:00,20.2,73,,,
2025-12-05T19:00,19.7,76,,,
2025-12-05T20:00,19.8,75,,,
2025-12-05T21:00,19.4,74,,,
2025-12-05T22:00,18.9,75,,,
2025-12-05T23:00,18.4,77,,,
2025-12-06T00:00,18.3,77,,,
2025-12-06T01:00,17.9,81,,,
2025-12-06T02:00,18,81,,,
2025-12-06T03:00,18.2,80,,,
2025-12-06T04:00,17.8,82,,,
2025-12-06T05:00,17.7,81,,,
2025-12-06T06:00,17.6,80,,,
2025-12-06T07:00,17.3,84,,,
2025-12-06T08:00,18.2,79,,,
2025-12-06T09:00,19.4,75,,,
2025-12-06T10:00,20.9,69,,,
2025-12-06T11:00,22.3,65,,,
2025-12-06T12:00,23.8,59,,,
2025-12-06T13:00,23.1,61,,,
2025-12-06T14:00,23.6,59,,,
2025-12-06T15:00,23.4,59,,,
2025-12-06T16:00,23.1,62,,,
2025-12-06T17:00,22.1,67,,,
2025-12-06T18:00,20.5,75,,,
2025-12-06T19:00,21.1,75,,,
2025-12-06T20:00,20.2,79,,,
2025-12-06T21:00,19.5,84,,,
2025-12-06T22:00,18.9,87,,,
2025-12-06T23:00,18.2,92,,,
2025-12-07T00:00,18.4,92,,,
2025-12-07T01:00,18.5,94,,,
2025-12-07T02:00,18.7,94,,,
2025-12-07T03:00,18.8,94,,,
2025-12-07T04:00,18.7,95,,,
2025-12-07T05:00,18.8,95,,,
2025-12-07T06:00,18.7,97,,,
2025-12-07T07:00,19.4,94,,,
2025-12-07T08:00,20.5,89,,,
2025-12-07T09:00,21.2,84,,,
2025-12-07T10:00,22.4,78,,,
2025-12-07T11:00,24.2,71,,,
2025-12-07T12:00,25,66,,,
2025-12-07T13:00,25,65,,,
2025-12-07T14:00,25.5,62,,,
2025-12-07T15:00,25.3,60,,,
2025-12-07T16:00,25,60,,,
2025-12-07T17:00,23.5,71,,,
2025-12-07T18:00,22.1,76,,,
2025-12-07T19:00,21,84,,,
2025-12-07T20:00,20.6,86,,,
2025-12-07T21:00,20.1,88,,,
2025-12-07T22:00,19.8,89,,,
2025-12-07T23:00,19.7,92,,,
2025-12-08T00:00,19.3,95,,,
2025-12-08T01:00,19.4,92,,,
2025-12-08T02:00,19.6,92,,,
2025-12-08T03:00,18.9,92,,,
2025-12-08T04:00,18.8,92,,,
2025-12-08T05:00,19.1,90,,,
2025-12-08T06:00,18.6,87,,,
2025-12-08T07:00,18.7,82,,,
2025-12-08T08:00,19.7,76,,,
2025-12-08T09:00,20.8,67,,,
2025-12-08T10:00,22.1,62,,,
2025-12-08T11:00,23.3,59,,,
2025-12-08T12:00,24.4,55,,,
2025-12-08T13:00,25.3,52,,,
2025-12-08T14:00,25.7,50,,,
2025-12-08T15:00,25.6,48,,,
2025-12-08T16:00,25.3,50,,,
2025-12-08T17:00,23.1,64,,,
2025-12-08T18:00,21.3,70,,,
2025-12-08T19:00,21.4,70,,,
2025-12-08T20:00,20.2,76,,,
2025-12-08T21:00,19.3,84,,,
2025-12-08T22:00,19,87,,,
2025-12-08T23:00,19.3,86,,,
2025-12-09T00:00,17.9,92,,,
2025-12-09T01:00,17.9,94,,,
2025-12-09T02:00,17.5,95,,,
2025-12-09T03:00,17.1,95,,,
2025-12-09T04:00,16.6,93,,,
2025-12-09T05:00,16.3,92,,,
2025-12-09T06:00,15.8,93,,,
2025-12-09T07:00,16.5,92,,,
2025-12-09T08:00,18.3,85,,,
2025-12-09T09:00,20.3,76,,,
2025-12-09T10:00,22.4,68,,,
2025-12-09T11:00,23.8,62,,,
2025-12-09T12:00,24.5,59,,,
2025-12-09T13:00,23.9,58,,,
2025-12-09T14:00,24.5,55,,,
2025-12-09T15:00,24.6,52,,,
2025-12-09T16:00,24.6,51,,,
2025-12-09T17:00,22.7,65,,,
2025-12-09T18:00,21.4,67,,,
2025-12-09T19:00,21.4,70,,,
2025-12-09T20:00,20.5,74,,,
2025-12-09T21:00,20.4,76,,,
2025-12-09T22:00,20.5,77,,,
2025-12-09T23:00,20.4,78,,,
2025-12-10T00:00,18.7,87,,,
2025-12-10T01:00,18.5,91,,,
2025-12-10T02:00,17.8,94,,,
2025-12-10T03:00,17.1,97,,,
2025-12-10T04:00,16.7,97,,,
2025-12-10T05:00,16.2,98,,,
2025-12-10T06:00,15.8,98,,,
2025-12-10T07:00,16.3,99,,,
2025-12-10T08:00,19.1,86,,,
2025-12-10T09:00,21.6,72,,,
2025-12-10T10:00,23.2,65,,,
2025-12-10T11:00,24.4,61,,,
2025-12-10T12:00,25.4,56,,,
2025-12-10T13:00,25.6,53,,,
2025-12-10T14:00,26.4,49,,,
2025-12-10T15:00,26.2,49,,,
2025-12-10T16:00,25.9,51,,,
2025-12-10T17:00,24.5,63,,,
2025-12-10T18:00,23.1,65,,,
2025-12-10T19:00,22.5,67,,,
2025-12-10T20:00,21,74,,,
2025-12-10T21:00,21.1,77,,,
2025-12-10T22:00,20.6,81,,,
2025-12-10T23:00,20.5,82,,,
2025-12-11T00:00,20.2,86,,,
2025-12-11T01:00,20.3,87,,,
2025-12-11T02:00,20.2,88,,,
2025-12-11T03:00,19.7,90,,,
2025-12-11T04:00,19.7,91,,,
2025-12-11T05:00,19.7,92,,,
2025-12-11T06:00,19.7,91,,,
2025-12-11T07:00,19.6,93,,,
2025-12-11T08:00,20.6,83,,,
2025-12-11T09:00,21.2,77,,,
2025-12-11T10:00,22.2,71,,,
2025-12-11T11:00,22.6,68,,,
2025-12-11T12:00,23.1,66,,,
2025-12-11T13:00,22.8,66,,,
2025-12-11T14:00,23.2,64,,,
2025-12-11T15:00,23.4,62,,,
2025-12-11T16:00,23.3,62,,,
2025-12-11T17:00,22.4,69,,,
2025-12-11T18:00,21.7,73,,,
2025-12-11T19:00,20.9,85,,,
2025-12-11T20:00,21.1,85,,,
2025-12-11T21:00,21.1,85,,,
2025-12-11T22:00,21.1,83,,,
2025-12-11T23:00,20.7,85,,,
2025-12-12T00:00,20.1,86,,,
2025-12-12T01:00,20.5,88,,,
2025-12-12T02:00,20.6,86,,,
2025-12-12T03:00,20.5,87,,,
2025-12-12T04:00,20.3,89,,,
2025-12-12T05:00,20.2,89,,,
2025-12-12T06:00,19.9,90,,,
2025-12-12T07:00,19.6,91,,,
2025-12-12T08:00,20.5,85,,,
2025-12-12T09:00,21.5,80,,,
2025-12-12T10:00,22.6,76,,,
2025-12-12T11:00,23.3,73,,,
2025-12-12T12:00,24.2,71,,,
2025-12-12T13:00,23.3,73,,,
2025-12-12T14:00,23.9,71,,,
2025-12-12T15:00,24.2,71,,,
2025-12-12T16:00,24,72,,,
2025-12-12T17:00,23.6,75,,,
2025-12-12T18:00,22.6,81,,,
2025-12-12T19:00,22.7,83,,,
2025-12-12T20:00,22.1,88,,,
2025-12-12T21:00,21.6,92,,,
2025-12-12T22:00,21.2,95,,,
2025-12-12T23:00,20.9,96,,,
2025-12-13T00:00,20.6,98,,,
2025-12-13T01:00,21.2,98,,,
2025-12-13T02:00,20.8,98,,,
2025-12-13T03:00,21.2,92,,,
2025-12-13T04:00,21.3,94,,,
2025-12-13T05:00,20.7,99,,,
2025-12-13T06:00,20.5,100,,,
2025-12-13T07:00,21,98,,,
2025-12-13T08:00,21,99,,,
2025-12-13T09:00,21.4,97,,,
2025-12-13T10:00,21.6,97,,,
2025-12-13T11:00,21.5,96,,,
2025-12-13T12:00,22.2,94,,,
2025-12-13T13:00,22.9,84,,,
2025-12-13T14:00,22.4,65,,,
2025-12-13T15:00,22,69,,,
2025-12-13T16:00,21.3,69,,,
2025-12-13T17:00,20.5,67,,,
2025-12-13T18:00,19.7,67,,,
2025-12-13T19:00,19.1,73,,,
2025-12-13T20:00,19,69,,,
2025-12-13T21:00,18.7,67,,,
2025-12-13T22:00,18.4,65,,,
2025-12-13T23:00,18,65,,,
2025-12-14T00:00,17.8,65,,,
2025-12-14T01:00,18.1,67,,,
2025-12-14T02:00,17.9,65,,,
2025-12-14T03:00,17.6,64,,,
2025-12-14T04:00,17.1,63,,,
2025-12-14T05:00,16.8,62,,,
2025-12-14T06:00,16.6,60,,,
2025-12-14T07:00,16.6,64,,,
2025-12-14T08:00,16.8,57,,,
2025-12-14T09:00,17.2,51,,,
2025-12-14T10:00,18,50,,,
2025-12-14T11:00,18.7,51,,,
2025-12-14T12:00,19.4,51,,,
2025-12-14T13:00,20.2,51,,,
2025-12-14T14:00,21,48,,,
2025-12-14T15:00,21.1,47,,,
2025-12-14T16:00,20.7,48,,,
2025-12-14T17:00,19,64,,,
2025-12-14T18:00,17.3,68,,,
2025-12-14T19:00,18,63,,,
2025-12-14T20:00,17,67,,,
2025-12-14T21:00,16,75,,,
2025-12-14T22:00,15.7,79,,,
2025-12-14T23:00,14.8,85,,,
2025-12-15T00:00,14.7,86,,,
2025-12-15T01:00,15.2,86,,,
2025-12-15T02:00,15.6,84,,,
2025-12-15T03:00,15.5,86,,,
2025-12-15T04:00,15,90,,,
2025-12-15T05:00,14,94,,,
2025-12-15T06:00,13.5,95,,,
2025-12-15T07:00,14,91,,,
2025-12-15T08:00,16,81,,,
2025-12-15T09:00,18.2,67,,,
2025-12-15T10:00,19.7,58,,,
2025-12-15T11:00,20.9,53,,,
2025-12-15T12:00,21.5,52,,,
2025-12-15T13:00,21.8,52,,,
2025-12-15T14:00,22.3,53,,,
2025-12-15T15:00,22.1,54,,,
2025-12-15T16:00,21.6,57,,,
2025-12-15T17:00,20.4,65,,,
2025-12-15T18:00,19,71,,,
2025-12-15T19:00,18.6,75,,,
2025-12-15T20:00,18,78,,,
2025-12-15T21:00,17.8,80,,,
2025-12-15T22:00,17.2,84,,,
2025-12-15T23:00,16.7,87,,,
2025-12-16T00:00,16.1,91,,,
2025-12-16T01:00,16,93,,,
2025-12-16T02:00,15.8,94,,,
2025-12-16T03:00,15.7,94,,,
2025-12-16T04:00,16.1,93,,,
2025-12-16T05:00,16.6,90,,,
2025-12-16T06:00,16.8,89,,,
2025-12-16T07:00,16.9,87,,,
2025-12-16T08:00,17.8,82,,,
2025-12-16T09:00,18.6,78,,,
2025-12-16T10:00,19.8,72,,,
2025-12-16T11:00,20.5,70,,,
2025-12-16T12:00,21.2,68,,,
2025-12-16T13:00,20.9,70,,,
2025-12-16T14:00,21.6,69,,,
2025-12-16T15:00,21.8,68,,,
2025-12-16T16:00,21.7,68,,,
2025-12-16T17:00,20.9,78,,,
2025-12-16T18:00,19.9,79,,,
2025-12-16T19:00,20,83,,,
2025-12-16T20:00,20.2,82,,,
2025-12-16T21:00,20,83,,,
2025-12-16T22:00,19.8,84,,,
2025-12-16T23:00,19.5,87,,,
2025-12-17T00:00,19.3,87,,,
2025-12-17T01:00,19.1,89,,,
2025-12-17T02:00,19.2,87,,,
2025-12-17T03:00,19.2,86,,,
2025-12-17T04:00,18.9,88,,,
2025-12-17T05:00,18.8,88,,,
2025-12-17T06:00,18.7,89,,,
2025-12-17T07:00,18.4,92,,,
2025-12-17T08:00,19.6,88,,,
2025-12-17T09:00,20.6,83,,,
2025-12-17T10:00,22,75,,,
2025-12-17T11:00,22.3,72,,,
2025-12-17T12:00,22.8,71,,,
2025-12-17T13:00,23.7,67,,,
2025-12-17T14:00,23.5,66,,,
2025-12-17T15:00,24,62,,,
2025-12-17T16:00,23.8,62,,,
2025-12-17T17:00,22.2,69,,,
2025-12-17T18:00,20.3,77,,,
2025-12-17T19:00,19.9,86,,,
2025-12-17T20:00,19.6,91,,,
2025-12-17T21:00,19,92,,,
2025-12-17T22:00,18.3,94,,,
2025-12-17T23:00,17.9,92,,,
2025-12-18T00:00,17.6,89,,,
2025-12-18T01:00,17.8,92,,,
2025-12-18T02:00,17.2,93,,,
2025-12-18T03:00,17.3,92,,,
2025-12-18T04:00,17.1,91,,,
2025-12-18T05:00,17.4,88,,,
2025-12-18T06:00,17.4,87,,,
2025-12-18T07:00,17.1,87,,,
2025-12-18T08:00,19,80,,,
2025-12-18T09:00,20.7,68,,,
2025-12-18T10:00,22,64,,,
2025-12-18T11:00,23.3,60,,,
2025-12-18T12:00,24.3,57,,,
2025-12-18T13:00,24.2,57,,,
2025-12-18T14:00,24.7,54,,,
2025-12-18T15:00,24.7,51,,,
2025-12-18T16:00,24.2,54,,,
2025-12-18T17:00,22.3,69,,,
2025-12-18T18:00,20.9,71,,,
2025-12-18T19:00,20.3,74,,,
2025-12-18T20:00,20.5,75,,,
2025-12-18T21:00,19.4,78,,,
2025-12-18T22:00,18.4,83,,,
2025-12-18T23:00,17.7,88,,,
2025-12-19T00:00,16.9,92,,,
2025-12-19T01:00,16.9,94,,,
2025-12-19T02:00,16.6,94,,,
2025-12-19T03:00,16.4,94,,,
2025-12-19T04:00,16,97,,,
2025-12-19T05:00,15.2,99,,,
2025-12-19T06:00,15,100,,,
2025-12-19T07:00,15.6,99,,,
2025-12-19T08:00,17,97,,,
2025-12-19T09:00,19.3,88,,,
2025-12-19T10:00,21.6,76,,,
2025-12-19T11:00,23.4,66,,,
2025-12-19T12:00,24.2,61,,,
2025-12-19T13:00,24.5,58,,,
2025-12-19T14:00,25.2,55,,,
2025-12-19T15:00,25.3,54,,,
2025-12-19T16:00,25,56,,,
2025-12-19T17:00,22.9,66,,,
2025-12-19T18:00,21.6,71,,,
2025-12-19T19:00,20.7,87,,,
2025-12-19T20:00,20.3,92,,,
2025-12-19T21:00,19.8,96,,,
2025-12-19T22:00,19.4,98,,,
2025-12-19T23:00,19.2,98,,,
2025-12-20T00:00,19.6,98,,,
2025-12-20T01:00,19.7,98,,,
2025-12-20T02:00,20,96,,,
2025-12-20T03:00,20.2,95,,,
2025-12-20T04:00,19.8,97,,,
2025-12-20T05:00,19.6,98,,,
2025-12-20T06:00,19.5,98,,,
2025-12-20T07:00,19.8,97,,,
2025-12-20T08:00,20.8,91,,,
2025-12-20T09:00,21.8,84,,,
2025-12-20T10:00,22.9,77,,,
2025-12-20T11:00,23.8,75,,,
2025-12-20T12:00,24.4,72,,,
2025-12-20T13:00,24.2,69,,,
2025-12-20T14:00,25.3,63,,,
2025-12-20T15:00,25.3,62,,,
2025-12-20T16:00,25.1,62,,,
2025-12-20T17:00,23.6,71,,,
2025-12-20T18:00,22,78,,,
2025-12-20T19:00,20.9,87,,,
2025-12-20T20:00,20.5,90,,,
2025-12-20T21:00,20,95,,,
2025-12-20T22:00,20,94,,,
2025-12-20T23:00,19.7,95,,,
2025-12-21T00:00,19.6,95,,,
2025-12-21T01:00,19.1,98,,,
2025-12-21T02:00,19.3,97,,,
2025-12-21T03:00,19,98,,,
2025-12-21T04:00,18.6,97,,,
2025-12-21T05:00,18.3,97,,,
2025-12-21T06:00,18.4,96,,,
2025-12-21T07:00,19,95,,,
2025-12-21T08:00,20,91,,,
2025-12-21T09:00,21.5,81,,,
2025-12-21T10:00,22.8,76,,,
2025-12-21T11:00,23.9,70,,,
2025-12-21T12:00,24.9,64,,,
2025-12-21T13:00,25.2,63,,,
2025-12-21T14:00,25.6,61,,,
2025-12-21T15:00,25.4,60,,,
2025-12-21T16:00,25.2,61,,,
2025-12-21T17:00,23.7,72,,,
2025-12-21T18:00,22.2,76,,,
2025-12-21T19:00,21.2,87,,,
2025-12-21T20:00,20.9,88,,,
2025-12-21T21:00,19.9,91,,,
2025-12-21T22:00,19.4,92,,,
2025-12-21T23:00,19.4,90,,,
2025-12-22T00:00,18.6,94,,,
2025-12-22T01:00,19.1,94,,,
2025-12-22T02:00,19,94,,,
2025-12-22T03:00,19,95,,,
2025-12-22T04:00,18.7,97,,,
2025-12-22T05:00,18.7,97,,,
2025-12-22T06:00,18.2,98,,,
2025-12-22T07:00,18.5,97,,,
2025-12-22T08:00,19.9,93,,,
2025-12-22T09:00,21.7,83,,,
2025-12-22T10:00,23.3,72,,,
2025-12-22T11:00,24.5,66,,,
2025-12-22T12:00,25.2,63,,,
2025-12-22T13:00,25.1,64,,,
2025-12-22T14:00,25.6,61,,,
2025-12-22T15:00,24.3,68,,,
2025-12-22T16:00,24.2,70,,,
2025-12-22T17:00,23.3,74,,,
2025-12-22T18:00,22.1,80,,,
2025-12-22T19:00,21,89,,,
2025-12-22T20:00,20.6,93,,,
2025-12-22T21:00,20.2,95,,,
2025-12-22T22:00,20,96,,,
2025-12-22T23:00,19.9,97,,,
2025-12-23T00:00,19.9,97,,,
2025-12-23T01:00,20.5,98,,,
2025-12-23T02:00,20.6,96,,,
2025-12-23T03:00,20.4,95,,,
2025-12-23T04:00,20.5,94,,,
2025-12-23T05:00,20.5,94,,,
2025-12-23T06:00,20.5,94,,,
2025-12-23T07:00,20.5,95,,,
2025-12-23T08:00,21.1,92,,,
2025-12-23T09:00,22.6,84,,,
2025-12-23T10:00,23.8,77,,,
2025-12-23T11:00,25.1,73,,,
2025-12-23T12:00,25.7,70,,,
2025-12-23T13:00,26.1,68,,,
2025-12-23T14:00,26.6,65,,,
2025-12-23T15:00,25.5,67,,,
2025-12-23T16:00,25.1,70,,,
2025-12-23T17:00,24.2,74,,,
2025-12-23T18:00,23.2,77,,,
2025-12-23T19:00,22.2,82,,,
2025-12-23T20:00,21.7,85,,,
2025-12-23T21:00,21,93,,,
2025-12-23T22:00,20.7,97,,,
2025-12-23T23:00,20.8,98,,,
2025-12-24T00:00,20.9,98,,,
2025-12-24T01:00,20.8,98,,,
2025-12-24T02:00,20.9,97,,,
2025-12-24T03:00,20.8,97,,,
2025-12-24T04:00,20.8,98,,,
2025-12-24T05:00,20.7,98,,,
2025-12-24T06:00,20.7,98,,,
2025-12-24T07:00,20.2,97,,,
2025-12-24T08:00,21.4,94,,,
2025-12-24T09:00,22.6,86,,,
2025-12-24T10:00,24,78,,,
2025-12-24T11:00,25.6,71,,,
2025-12-24T12:00,26.6,67,,,
2025-12-24T13:00,26.4,67,,,
2025-12-24T14:00,27.2,63,,,
2025-12-24T15:00,27.1,62,,,
2025-12-24T16:00,25.3,69,,,
2025-12-24T17:00,23,81,,,
2025-12-24T18:00,21.7,88,,,
2025-12-24T19:00,21.9,90,,,
2025-12-24T20:00,21.3,91,,,
2025-12-24T21:00,20.2,90,,,
2025-12-24T22:00,19.1,85,,,
2025-12-24T23:00,18.6,80,,,
2025-12-25T00:00,18.1,75,,,
2025-12-25T01:00,18.8,72,,,
2025-12-25T02:00,18.3,68,,,
2025-12-25T03:00,17.4,73,,,
2025-12-25T04:00,16.6,80,,,
2025-12-25T05:00,15.5,79,,,
2025-12-25T06:00,15.1,74,,,
2025-12-25T07:00,15.3,75,,,
2025-12-25T08:00,15.8,70,,,
2025-12-25T09:00,16.5,59,,,
2025-12-25T10:00,16.6,57,,,
2025-12-25T11:00,17,53,,,
2025-12-25T12:00,17.7,51,,,
2025-12-25T13:00,18.8,49,,,
2025-12-25T14:00,19.4,47,,,
2025-12-25T15:00,19.4,46,,,
2025-12-25T16:00,19.3,47,,,
2025-12-25T17:00,18.8,50,,,
2025-12-25T18:00,18.1,54,,,
2025-12-25T19:00,17.6,59,,,
2025-12-25T20:00,17.5,52,,,
2025-12-25T21:00,16.9,51,,,
2025-12-25T22:00,16.6,50,,,
2025-12-25T23:00,16.2,49,,,
2025-12-26T00:00,15.6,51,,,
2025-12-26T01:00,15.7,54,,,
2025-12-26T02:00,15.4,55,,,
2025-12-26T03:00,14.8,56,,,
2025-12-26T04:00,13.9,57,,,
2025-12-26T05:00,13.2,59,,,
2025-12-26T06:00,12.7,62,,,
2025-12-26T07:00,12.8,64,,,
2025-12-26T08:00,14.6,58,,,
2025-12-26T09:00,16.1,43,,,
2025-12-26T10:00,17.1,41,,,
2025-12-26T11:00,18.2,39,,,
2025-12-26T12:00,19,39,,,
2025-12-26T13:00,19.2,39,,,
2025-12-26T14:00,19.9,39,,,
2025-12-26T15:00,19.9,39,,,
2025-12-26T16:00,19.4,41,,,
2025-12-26T17:00,17.9,57,,,
2025-12-26T18:00,16.5,58,,,
2025-12-26T19:00,15.9,63,,,
2025-12-26T20:00,15.5,65,,,
2025-12-26T21:00,14.4,68,,,
2025-12-26T22:00,13.8,71,,,
2025-12-26T23:00,13.3,75,,,
2025-12-27T00:00,12.8,79,,,
2025-12-27T01:00,13.1,80,,,
2025-12-27T02:00,12.6,81,,,
2025-12-27T03:00,12.2,84,,,
2025-12-27T04:00,12.4,83,,,
2025-12-27T05:00,12.3,82,,,
2025-12-27T06:00,12.1,78,,,
2025-12-27T07:00,13.2,74,,,
2025-12-27T08:00,14,66,,,
2025-12-27T09:00,15.5,57,,,
2025-12-27T10:00,17.4,51,,,
2025-12-27T11:00,18.9,46,,,
2025-12-27T12:00,19.8,45,,,
2025-12-27T13:00,19,47,,,
2025-12-27T14:00,19.6,47,,,
2025-12-27T15:00,20,46,,,
2025-12-27T16:00,19.9,47,,,
2025-12-27T17:00,18.4,62,,,
2025-12-27T18:00,16.3,68,,,
2025-12-27T19:00,16.6,71,,,
2025-12-27T20:00,15.6,75,,,
2025-12-27T21:00,15.1,75,,,
2025-12-27T22:00,14.5,77,,,
2025-12-27T23:00,14.3,78,,,
2025-12-28T00:00,13.8,82,,,
2025-12-28T01:00,13.5,84,,,
2025-12-28T02:00,13.3,85,,,
2025-12-28T03:00,13.1,85,,,
2025-12-28T04:00,13.2,84,,,
2025-12-28T05:00,13.8,80,,,
2025-12-28T06:00,14.3,77,,,
2025-12-28T07:00,14.8,79,,,
2025-12-28T08:00,15.8,74,,,
2025-12-28T09:00,17.2,66,,,
2025-12-28T10:00,18.6,60,,,
2025-12-28T11:00,19.6,58,,,
2025-12-28T12:00,20.6,54,,,
2025-12-28T13:00,20.6,54,,,
2025-12-28T14:00,21.4,53,,,
2025-12-28T15:00,21.2,53,,,
2025-12-28T16:00,21.1,53,,,
2025-12-28T17:00,20.3,68,,,
2025-12-28T18:00,18.6,69,,,
2025-12-28T19:00,18.4,72,,,
2025-12-28T20:00,18.3,73,,,
2025-12-28T21:00,18.2,75,,,
2025-12-28T22:00,18,75,,,
2025-12-28T23:00,18,74,,,
2025-12-29T00:00,17.5,78,,,
2025-12-29T01:00,17.1,83,,,
2025-12-29T02:00,17.4,83,,,
2025-12-29T03:00,17.4,84,,,
2025-12-29T04:00,17.4,85,,,
2025-12-29T05:00,17.2,87,,,
2025-12-29T06:00,16.8,89,,,
2025-12-29T07:00,16.8,91,,,
2025-12-29T08:00,18.1,85,,,
2025-12-29T09:00,20.1,75,,,
2025-12-29T10:00,21.6,66,,,
2025-12-29T11:00,21.8,65,,,
2025-12-29T12:00,22.3,64,,,
2025-12-29T13:00,22.6,63,,,
2025-12-29T14:00,23.1,61,,,
2025-12-29T15:00,23.4,60,,,
2025-12-29T16:00,23.4,59,,,
2025-12-29T17:00,21.7,68,,,
2025-12-29T18:00,20.3,74,,,
2025-12-29T19:00,19.5,79,,,
2025-12-29T20:00,19.5,79,,,
2025-12-29T21:00,19.3,81,,,
2025-12-29T22:00,19.1,83,,,
2025-12-29T23:00,19,85,,,
2025-12-30T00:00,18.9,86,,,
2025-12-30T01:00,18.7,88,,,
2025-12-30T02:00,18.8,88,,,
2025-12-30T03:00,18.6,90,,,
2025-12-30T04:00,18.4,91,,,
2025-12-30T05:00,18.2,91,,,
2025-12-30T06:00,17.5,94,,,
2025-12-30T07:00,17.5,94,,,
2025-12-30T08:00,18.7,91,,,
2025-12-30T09:00,19.7,87,,,
2025-12-30T10:00,21.7,73,,,
2025-12-30T11:00,22.8,67,,,
2025-12-30T12:00,23.5,64,,,
2025-12-30T13:00,23.6,63,,,
2025-12-30T14:00,23.9,61,,,
2025-12-30T15:00,23.8,62,,,
2025-12-30T16:00,23.2,64,,,
2025-12-30T17:00,22.3,68,,,
2025-12-30T18:00,21.5,70,,,
2025-12-30T19:00,20.8,77,,,
2025-12-30T20:00,20.5,80,,,
2025-12-30T21:00,19.5,87,,,
2025-12-30T22:00,18.8,91,,,
2025-12-30T23:00,18.5,94,,,
2025-12-31T00:00,18.2,95,,,
2025-12-31T01:00,18.3,97,,,
2025-12-31T02:00,18.4,97,,,
2025-12-31T03:00,18.2,97,,,
2025-12-31T04:00,18.4,97,,,
2025-12-31T05:00,17.9,98,,,
2025-12-31T06:00,17.6,98,,,
2025-12-31T07:00,17.6,98,,,
2025-12-31T08:00,19,92,,,
2025-12-31T09:00,20.9,84,,,
2025-12-31T10:00,22.2,77,,,
2025-12-31T11:00,23.1,73,,,
2025-12-31T12:00,23.6,71,,,
2025-12-31T13:00,23.7,67,,,
2025-12-31T14:00,24.3,66,,,
2025-12-31T15:00,24.3,67,,,
2025-12-31T16:00,23.8,68,,,
2025-12-31T17:00,22.6,73,,,
2025-12-31T18:00,21.4,78,,,
2025-12-31T19:00,20.7,81,,,
2025-12-31T20:00,20.6,83,,,
2025-12-31T21:00,19.9,88,,,
2025-12-31T22:00,19.4,92,,,
2025-12-31T23:00,18.9,95,,,
2026-01-01T00:00,18.7,96,,,
2026-01-01T01:00,18.8,97,,,
2026-01-01T02:00,18.7,96,,,
2026-01-01T03:00,18.5,97,,,
2026-01-01T04:00,18.3,99,,,
2026-01-01T05:00,18.2,99,,,
2026-01-01T06:00,18.4,98,,,
2026-01-01T07:00,18.3,97,,,
2026-01-01T08:00,18.2,96,,,
2026-01-01T09:00,19.3,92,,,
2026-01-01T10:00,20.8,87,,,
2026-01-01T11:00,22.2,79,,,
2026-01-01T12:00,20.8,84,,,
2026-01-01T13:00,21.7,79,,,
2026-01-01T14:00,23.3,71,,,
2026-01-01T15:00,23.3,70,,,
2026-01-01T16:00,21,79,,,
2026-01-01T17:00,19.8,84,,,
2026-01-01T18:00,18.6,84,,,
2026-01-01T19:00,19,90,,,
2026-01-01T20:00,19.1,87,,,
2026-01-01T21:00,18.1,80,,,
2026-01-01T22:00,17.2,77,,,
2026-01-01T23:00,16.5,75,,,
2026-01-02T00:00,16.1,75,,,
2026-01-02T01:00,16.7,79,,,
2026-01-02T02:00,16.7,80,,,
2026-01-02T03:00,16.3,81,,,
2026-01-02T04:00,15.8,82,,,
2026-01-02T05:00,15.5,82,,,
2026-01-02T06:00,15.2,80,,,
2026-01-02T07:00,15.3,83,,,
2026-01-02T08:00,15.7,77,,,
2026-01-02T09:00,16,74,,,
2026-01-02T10:00,16.7,70,,,
2026-01-02T11:00,16.6,69,,,
2026-01-02T12:00,16.7,67,,,
2026-01-02T13:00,16.1,69,,,
2026-01-02T14:00,16.9,65,,,
2026-01-02T15:00,17.2,62,,,
2026-01-02T16:00,17,62,,,
2026-01-02T17:00,16.6,63,,,
2026-01-02T18:00,16.1,64,,,
2026-01-02T19:00,14.8,72,,,
2026-01-02T20:00,14.8,70,,,
2026-01-02T21:00,14.7,69,,,
2026-01-02T22:00,14.5,70,,,
2026-01-02T23:00,14.4,69,,,
2026-01-03T00:00,14.2,70,,,
2026-01-03T01:00,13.9,75,,,
2026-01-03T02:00,13.9,75,,,
2026-01-03T03:00,13.8,75,,,
2026-01-03T04:00,13.7,74,,,
2026-01-03T05:00,13.7,74,,,
2026-01-03T06:00,13.7,73,,,
2026-01-03T07:00,13.9,74,,,
2026-01-03T08:00,14.3,71,,,
2026-01-03T09:00,15.2,67,,,
2026-01-03T10:00,16.8,61,,,
2026-01-03T11:00,18.3,57,,,
2026-01-03T12:00,19.1,56,,,
2026-01-03T13:00,18.1,62,,,
2026-01-03T14:00,18.5,61,,,
2026-01-03T15:00,18.5,61,,,
2026-01-03T16:00,18.5,63,,,
2026-01-03T17:00,18.1,68,,,
2026-01-03T18:00,17.6,70,,,
2026-01-03T19:00,17.1,77,,,
2026-01-03T20:00,16.9,76,,,
2026-01-03T21:00,16.4,77,,,
2026-01-03T22:00,16.1,78,,,
2026-01-03T23:00,15.8,79,,,
2026-01-04T00:00,15.5,80,,,
2026-01-04T01:00,15.2,83,,,
2026-01-04T02:00,15.4,81,,,
2026-01-04T03:00,15.4,82,,,
2026-01-04T04:00,14.2,88,,,
2026-01-04T05:00,13.9,91,,,
2026-01-04T06:00,14.8,84,,,
2026-01-04T07:00,14.4,87,,,
2026-01-04T08:00,15.5,81,,,
2026-01-04T09:00,16.2,79,,,
2026-01-04T10:00,17,78,,,
2026-01-04T11:00,18,77,,,
2026-01-04T12:00,20.3,70,,,
2026-01-04T13:00,21.5,66,,,
2026-01-04T14:00,22.6,62,,,
2026-01-04T15:00,22.2,62,,,
2026-01-04T16:00,21.6,67,,,
2026-01-04T17:00,19.9,80,,,
2026-01-04T18:00,18.8,86,,,
2026-01-04T19:00,17.9,94,,,
2026-01-04T20:00,17.5,95,,,
2026-01-04T21:00,17.1,95,,,
2026-01-04T22:00,16.7,95,,,
2026-01-04T23:00,16.7,93,,,
2026-01-05T00:00,16.8,92,,,
2026-01-05T01:00,16.8,94,,,
2026-01-05T02:00,17,94,,,
2026-01-05T03:00,16.8,95,,,
2026-01-05T04:00,16.7,94,,,
2026-01-05T05:00,16.6,95,,,
2026-01-05T06:00,16.1,93,,,
2026-01-05T07:00,16,89,,,
2026-01-05T08:00,15.9,84,,,
2026-01-05T09:00,16,78,,,
2026-01-05T10:00,16.2,72,,,
2026-01-05T11:00,16.4,67,,,
2026-01-05T12:00,16.8,63,,,
2026-01-05T13:00,15.5,66,,,
2026-01-05T14:00,15.9,64,,,
2026-01-05T15:00,15.9,64,,,
2026-01-05T16:00,15.7,64,,,
2026-01-05T17:00,15.5,66,,,
2026-01-05T18:00,15.2,66,,,
2026-01-05T19:00,14.7,73,,,
2026-01-05T20:00,14.7,72,,,
2026-01-05T21:00,14.6,72,,,
2026-01-05T22:00,14.6,71,,,
2026-01-05T23:00,14.4,70,,,
2026-01-06T00:00,14.3,71,,,
2026-01-06T01:00,14.3,73,,,
2026-01-06T02:00,14.1,74,,,
2026-01-06T03:00,13.9,74,,,
2026-01-06T04:00,13.5,74,,,
2026-01-06T05:00,13.3,74,,,
2026-01-06T06:00,13.3,73,,,
2026-01-06T07:00,12.9,81,,,
2026-01-06T08:00,13,79,,,
2026-01-06T09:00,13.2,74,,,
2026-01-06T10:00,14.2,61,,,
2026-01-06T11:00,14.9,57,,,
2026-01-06T12:00,14.5,58,,,
2026-01-06T13:00,14.3,60,,,
2026-01-06T14:00,14.5,56,,,
2026-01-06T15:00,14.6,55,,,
2026-01-06T16:00,14.8,55,,,
2026-01-06T17:00,14.6,58,,,
2026-01-06T18:00,14.2,61,,,
2026-01-06T19:00,13.9,68,,,
2026-01-06T20:00,13.6,71,,,
2026-01-06T21:00,13.8,71,,,
2026-01-06T22:00,13.6,72,,,
2026-01-06T23:00,13.4,74,,,
2026-01-07T00:00,12.5,83,,,
2026-01-07T01:00,11.9,92,,,
2026-01-07T02:00,11.3,95,,,
2026-01-07T03:00,11.1,96,,,
2026-01-07T04:00,10.8,94,,,
2026-01-07T05:00,10.4,92,,,
2026-01-07T06:00,9.9,91,,,
2026-01-07T07:00,11.2,79,,,
2026-01-07T08:00,13.7,71,,,
2026-01-07T09:00,15.5,49,,,
2026-01-07T10:00,16.5,44,,,
2026-01-07T11:00,17.6,39,,,
2026-01-07T12:00,18.5,38,,,
2026-01-07T13:00,18.7,41,,,
2026-01-07T14:00,19.3,41,,,
2026-01-07T15:00,19.3,42,,,
2026-01-07T16:00,19,42,,,
2026-01-07T17:00,17.8,56,,,
2026-01-07T18:00,15.9,56,,,
2026-01-07T19:00,14.5,66,,,
2026-01-07T20:00,14.5,66,,,
2026-01-07T21:00,13.6,72,,,
2026-01-07T22:00,12.8,77,,,
2026-01-07T23:00,11.7,80,,,
2026-01-08T00:00,11,84,,,
2026-01-08T01:00,10.8,87,,,
2026-01-08T02:00,10,89,,,
2026-01-08T03:00,10.2,82,,,
2026-01-08T04:00,10,79,,,
2026-01-08T05:00,10,78,,,
2026-01-08T06:00,10,77,,,
2026-01-08T07:00,10.3,79,,,
2026-01-08T08:00,12.3,72,,,
2026-01-08T09:00,14.9,63,,,
2026-01-08T10:00,17.2,50,,,
2026-01-08T11:00,18.6,40,,,
2026-01-08T12:00,19.5,36,,,
2026-01-08T13:00,19.7,36,,,
2026-01-08T14:00,20.2,38,,,
2026-01-08T15:00,20.1,41,,,
2026-01-08T16:00,19.7,43,,,
2026-01-08T17:00,18.3,56,,,
2026-01-08T18:00,16.1,56,,,
2026-01-08T19:00,15.1,61,,,
2026-01-08T20:00,15.2,61,,,
2026-01-08T21:00,14.9,62,,,
2026-01-08T22:00,13.7,72,,,
2026-01-08T23:00,12.3,81,,,
2026-01-09T00:00,11.2,85,,,
2026-01-09T01:00,11.1,84,,,
2026-01-09T02:00,10.5,85,,,
2026-01-09T03:00,10.6,84,,,
2026-01-09T04:00,10.1,88,,,
2026-01-09T05:00,9.3,93,,,
2026-01-09T06:00,8.9,94,,,
2026-01-09T07:00,9.4,98,,,
2026-01-09T08:00,11.9,84,,,
2026-01-09T09:00,14.9,69,,,
2026-01-09T10:00,17.1,59,,,
2026-01-09T11:00,18.7,51,,,
2026-01-09T12:00,19.8,46,,,
2026-01-09T13:00,20,44,,,
2026-01-09T14:00,20.9,42,,,
2026-01-09T15:00,20.9,42,,,
2026-01-09T16:00,20.6,43,,,
2026-01-09T17:00,19,58,,,
2026-01-09T18:00,17.1,58,,,
2026-01-09T19:00,16.6,60,,,
2026-01-09T20:00,15,68,,,
2026-01-09T21:00,14.3,69,,,
2026-01-09T22:00,13.3,77,,,
2026-01-09T23:00,12.5,84,,,
2026-01-10T00:00,11.7,89,,,
2026-01-10T01:00,11.9,91,,,
2026-01-10T02:00,11.4,92,,,
2026-01-10T03:00,10.3,96,,,
2026-01-10T04:00,9.9,97,,,
2026-01-10T05:00,9.6,98,,,
2026-01-10T06:00,9.4,97,,,
2026-01-10T07:00,9.8,97,,,
2026-01-10T08:00,12,86,,,
2026-01-10T09:00,15.2,73,,,
2026-01-10T10:00,17.6,65,,,
2026-01-10T11:00,19.3,54,,,
2026-01-10T12:00,20.5,46,,,
2026-01-10T13:00,21,44,,,
2026-01-10T14:00,21.9,41,,,
2026-01-10T15:00,22,41,,,
2026-01-10T16:00,21.7,42,,,
2026-01-10T17:00,20.5,56,,,
2026-01-10T18:00,17.8,57,,,
2026-01-10T19:00,16.1,68,,,
2026-01-10T20:00,16,71,,,
2026-01-10T21:00,15,78,,,
2026-01-10T22:00,14.2,83,,,
2026-01-10T23:00,13.8,84,,,
2026-01-11T00:00,13.4,87,,,
2026-01-11T01:00,13.2,90,,,
2026-01-11T02:00,12.7,91,,,
2026-01-11T03:00,11.9,94,,,
2026-01-11T04:00,12.9,90,,,
2026-01-11T05:00,13.1,85,,,
2026-01-11T06:00,12.2,82,,,
2026-01-11T07:00,12.1,85,,,
2026-01-11T08:00,14.3,77,,,
2026-01-11T09:00,17.1,60,,,
2026-01-11T10:00,19.1,49,,,
2026-01-11T11:00,20.6,43,,,
2026-01-11T12:00,21.7,41,,,
2026-01-11T13:00,22.1,38,,,
2026-01-11T14:00,22.9,36,,,
2026-01-11T15:00,22.9,37,,,
2026-01-11T16:00,22.4,38,,,
2026-01-11T17:00,20.5,52,,,
2026-01-11T18:00,18.6,55,,,
2026-01-11T19:00,17.5,61,,,
2026-01-11T20:00,16.5,66,,,
2026-01-11T21:00,15.4,70,,,
2026-01-11T22:00,14.4,78,,,
2026-01-11T23:00,14,83,,,
2026-01-12T00:00,13.7,86,,,
2026-01-12T01:00,13.4,90,,,
2026-01-12T02:00,12.7,93,,,
2026-01-12T03:00,12.2,95,,,
2026-01-12T04:00,11.9,96,,,
2026-01-12T05:00,11.9,97,,,
2026-01-12T06:00,11.9,98,,,
2026-01-12T07:00,11.9,98,,,
2026-01-12T08:00,14,90,,,
2026-01-12T09:00,16.6,80,,,
2026-01-12T10:00,19.1,70,,,
2026-01-12T11:00,20.8,62,,,
2026-01-12T12:00,21.5,56,,,
2026-01-12T13:00,22.1,52,,,
2026-01-12T14:00,23.1,49,,,
2026-01-12T15:00,22.8,49,,,
2026-01-12T16:00,22.8,48,,,
2026-01-12T17:00,21.6,63,,,
2026-01-12T18:00,20.6,60,,,
2026-01-12T19:00,18.5,72,,,
2026-01-12T20:00,17.8,77,,,
2026-01-12T21:00,17.5,77,,,
2026-01-12T22:00,17.1,77,,,
2026-01-12T23:00,16.5,81,,,
2026-01-13T00:00,15.9,83,,,
2026-01-13T01:00,14.8,92,,,
2026-01-13T02:00,14.5,93,,,
2026-01-13T03:00,13.8,96,,,
2026-01-13T04:00,13.2,97,,,
2026-01-13T05:00,12.6,98,,,
2026-01-13T06:00,12.4,98,,,
2026-01-13T07:00,12.6,100,,,
2026-01-13T08:00,14.1,95,,,
2026-01-13T09:00,17,80,,,
2026-01-13T10:00,19.6,66,,,
2026-01-13T11:00,21.4,56,,,
2026-01-13T12:00,22.7,50,,,
2026-01-13T13:00,23.2,46,,,
2026-01-13T14:00,24.2,44,,,
2026-01-13T15:00,24.1,44,,,
2026-01-13T16:00,23.6,45,,,
2026-01-13T17:00,22,59,,,
2026-01-13T18:00,19.4,62,,,
2026-01-13T19:00,18.7,63,,,
2026-01-13T20:00,18.4,63,,,
2026-01-13T21:00,17.7,70,,,
2026-01-13T22:00,16.4,79,,,
2026-01-13T23:00,15.7,83,,,
2026-01-14T00:00,15.3,86,,,
2026-01-14T01:00,15,90,,,
2026-01-14T02:00,14.6,94,,,
2026-01-14T03:00,14.3,96,,,
2026-01-14T04:00,14,97,,,
2026-01-14T05:00,13.7,98,,,
2026-01-14T06:00,13.5,98,,,
2026-01-14T07:00,13.9,98,,,
2026-01-14T08:00,15.9,91,,,
2026-01-14T09:00,18.3,83,,,
2026-01-14T10:00,20.9,70,,,
2026-01-14T11:00,22.3,62,,,
2026-01-14T12:00,23.9,54,,,
2026-01-14T13:00,23.8,55,,,
2026-01-14T14:00,24.2,54,,,
2026-01-14T15:00,24.3,54,,,
2026-01-14T16:00,24.1,55,,,
2026-01-14T17:00,23.3,58,,,
2026-01-14T18:00,21.3,67,,,
2026-01-14T19:00,20.1,74,,,
2026-01-14T20:00,19.5,76,,,
2026-01-14T21:00,18.5,82,,,
2026-01-14T22:00,17.8,85,,,
2026-01-14T23:00,16.9,90,,,
2026-01-15T00:00,16.4,93,,,
2026-01-15T01:00,16.7,94,,,
2026-01-15T02:00,17.1,92,,,
2026-01-15T03:00,17.3,92,,,
2026-01-15T04:00,17.3,93,,,
2026-01-15T05:00,17.3,92,,,
2026-01-15T06:00,17.5,91,,,
2026-01-15T07:00,17.3,91,,,
2026-01-15T08:00,17.8,90,,,
2026-01-15T09:00,18.4,89,,,
2026-01-15T10:00,20.5,80,,,
2026-01-15T11:00,22.6,70,,,
2026-01-15T12:00,22.6,70,,,
2026-01-15T13:00,22.1,70,,,
2026-01-15T14:00,22.7,66,,,
2026-01-15T15:00,22.1,70,,,
2026-01-15T16:00,21.8,73,,,
2026-01-15T17:00,21.4,75,,,
2026-01-15T18:00,20.8,79,,,
2026-01-15T19:00,20.2,82,,,
2026-01-15T20:00,20.3,82,,,
2026-01-15T21:00,18.9,89,,,
2026-01-15T22:00,18.3,92,,,
2026-01-15T23:00,17.9,94,,,
2026-01-16T00:00,17.4,96,,,
2026-01-16T01:00,17.4,98,,,
2026-01-16T02:00,17.5,99,,,
2026-01-16T03:00,17.7,100,,,
2026-01-16T04:00,17.8,100,,,
2026-01-16T05:00,17.9,100,,,
2026-01-16T06:00,18,100,,,
2026-01-16T07:00,18.1,99,,,
2026-01-16T08:00,19.2,94,,,
2026-01-16T09:00,20,90,,,
2026-01-16T10:00,21.3,84,,,
2026-01-16T11:00,23,73,,,
2026-01-16T12:00,24.2,67,,,
2026-01-16T13:00,24.4,65,,,
2026-01-16T14:00,25.3,61,,,
2026-01-16T15:00,26,59,,,
2026-01-16T16:00,25.6,59,,,
2026-01-16T17:00,24.9,62,,,
2026-01-16T18:00,22.9,70,,,
2026-01-16T19:00,21.9,78,,,
2026-01-16T20:00,21.4,79,,,
2026-01-16T21:00,20.4,85,,,
2026-01-16T22:00,19.5,92,,,
2026-01-16T23:00,19,96,,,
2026-01-17T00:00,18.8,97,,,
2026-01-17T01:00,19.5,99,,,
2026-01-17T02:00,19.5,99,,,
2026-01-17T03:00,19.6,98,,,
2026-01-17T04:00,19.5,98,,,
2026-01-17T05:00,19.4,97,,,
2026-01-17T06:00,19.3,97,,,
2026-01-17T07:00,19,99,,,
2026-01-17T08:00,19.5,98,,,
2026-01-17T09:00,19.7,98,,,
2026-01-17T10:00,19.8,97,,,
2026-01-17T11:00,20.6,90,,,
2026-01-17T12:00,20.8,83,,,
2026-01-17T13:00,21.1,85,,,
2026-01-17T14:00,22.7,76,,,
2026-01-17T15:00,22.9,76,,,
2026-01-17T16:00,22.4,77,,,
2026-01-17T17:00,21.6,80,,,
2026-01-17T18:00,20.4,87,,,
2026-01-17T19:00,19.9,92,,,
2026-01-17T20:00,19.5,92,,,
2026-01-17T21:00,19,93,,,
2026-01-17T22:00,18.5,94,,,
2026-01-17T23:00,18,95,,,
2026-01-18T00:00,17.9,95,,,
2026-01-18T01:00,18.3,96,,,
2026-01-18T02:00,18.4,96,,,
2026-01-18T03:00,18.6,96,,,
2026-01-18T04:00,18.4,98,,,
2026-01-18T05:00,18.4,98,,,
2026-01-18T06:00,18.4,98,,,
2026-01-18T07:00,17.9,98,,,
2026-01-18T08:00,18.4,96,,,
2026-01-18T09:00,19.4,92,,,
2026-01-18T10:00,20.9,86,,,
2026-01-18T11:00,22.5,79,,,
2026-01-18T12:00,24.3,70,,,
2026-01-18T13:00,25.5,62,,,
2026-01-18T14:00,26.4,58,,,
2026-01-18T15:00,26.4,58,,,
2026-01-18T16:00,24.7,67,,,
2026-01-18T17:00,23.5,73,,,
2026-01-18T18:00,21.9,77,,,
2026-01-18T19:00,21,80,,,
2026-01-18T20:00,20.3,84,,,
2026-01-18T21:00,19.6,90,,,
2026-01-18T22:00,19,95,,,
2026-01-18T23:00,18.8,97,,,
2026-01-19T00:00,18.7,97,,,
2026-01-19T01:00,19.4,98,,,
2026-01-19T02:00,19.2,98,,,
2026-01-19T03:00,19.1,98,,,
2026-01-19T04:00,19.1,98,,,
2026-01-19T05:00,19.2,98,,,
2026-01-19T06:00,19.1,98,,,
2026-01-19T07:00,18.5,99,,,
2026-01-19T08:00,19.2,96,,,
2026-01-19T09:00,20.3,92,,,
2026-01-19T10:00,21.5,84,,,
2026-01-19T11:00,23.3,74,,,
2026-01-19T12:00,25.1,65,,,
2026-01-19T13:00,24.6,65,,,
2026-01-19T14:00,26.3,58,,,
2026-01-19T15:00,26.4,57,,,
2026-01-19T16:00,25.7,59,,,
2026-01-19T17:00,24.4,66,,,
2026-01-19T18:00,22.9,71,,,
2026-01-19T19:00,22.3,77,,,
2026-01-19T20:00,21.5,83,,,
2026-01-19T21:00,20.5,90,,,
2026-01-19T22:00,19.9,95,,,
2026-01-19T23:00,19.6,97,,,
2026-01-20T00:00,19.4,98,,,
2026-01-20T01:00,20.4,98,,,
2026-01-20T02:00,20.5,98,,,
2026-01-20T03:00,20.5,98,,,
2026-01-20T04:00,20.4,98,,,
2026-01-20T05:00,20.3,99,,,
2026-01-20T06:00,20.5,95,,,
2026-01-20T07:00,20.2,98,,,
2026-01-20T08:00,20.9,92,,,
2026-01-20T09:00,22.2,80,,,
2026-01-20T10:00,23.4,76,,,
2026-01-20T11:00,24.1,72,,,
2026-01-20T12:00,25.2,67,,,
2026-01-20T13:00,24.7,65,,,
2026-01-20T14:00,25.7,63,,,
2026-01-20T15:00,25,66,,,
2026-01-20T16:00,24.4,67,,,
2026-01-20T17:00,23.3,73,,,
2026-01-20T18:00,21.6,83,,,
2026-01-20T19:00,21.1,89,,,
2026-01-20T20:00,20.6,91,,,
2026-01-20T21:00,20.1,93,,,
2026-01-20T22:00,19.6,95,,,
2026-01-20T23:00,19.3,97,,,
2026-01-21T00:00,19,96,,,
2026-01-21T01:00,19.3,96,,,
2026-01-21T02:00,20,92,,,
2026-01-21T03:00,19.4,95,,,
2026-01-21T04:00,19.1,92,,,
2026-01-21T05:00,18.2,97,,,
2026-01-21T06:00,16.8,94,,,
2026-01-21T07:00,16.7,75,,,
2026-01-21T08:00,17,68,,,
2026-01-21T09:00,16.9,66,,,
2026-01-21T10:00,17.1,66,,,
2026-01-21T11:00,17.1,65,,,
2026-01-21T12:00,17.2,64,,,
2026-01-21T13:00,16.4,66,,,
2026-01-21T14:00,17.1,60,,,
2026-01-21T15:00,15.8,62,,,
2026-01-21T16:00,15.4,63,,,
2026-01-21T17:00,14.7,65,,,
2026-01-21T18:00,14.2,66,,,
2026-01-21T19:00,14.2,70,,,
2026-01-21T20:00,13.8,71,,,
2026-01-21T21:00,13.5,70,,,
2026-01-21T22:00,13.3,70,,,
2026-01-21T23:00,12.7,72,,,
2026-01-22T00:00,12,79,,,
2026-01-22T01:00,11.7,85,,,
2026-01-22T02:00,11.4,86,,,
2026-01-22T03:00,11.2,85,,,
2026-01-22T04:00,10.8,86,,,
2026-01-22T05:00,10.3,87,,,
2026-01-22T06:00,9.8,86,,,
2026-01-22T07:00,10,82,,,
2026-01-22T08:00,9.8,79,,,
2026-01-22T09:00,9.7,76,,,
2026-01-22T10:00,10.2,73,,,
2026-01-22T11:00,10.4,75,,,
2026-01-22T12:00,10.6,75,,,
2026-01-22T13:00,10.9,73,,,
2026-01-22T14:00,11.4,70,,,
2026-01-22T15:00,12,66,,,
2026-01-22T16:00,12.3,64,,,
2026-01-22T17:00,12.2,64,,,
2026-01-22T18:00,12.2,65,,,
2026-01-22T19:00,11.5,70,,,
2026-01-22T20:00,11.4,70,,,
2026-01-22T21:00,11.1,70,,,
2026-01-22T22:00,10.7,71,,,
2026-01-22T23:00,10.5,72,,,
2026-01-23T00:00,10.5,72,,,
2026-01-23T01:00,10.1,75,,,
2026-01-23T02:00,10.1,75,,,
2026-01-23T03:00,10.1,74,,,
2026-01-23T04:00,10.1,72,,,
2026-01-23T05:00,10.1,71,,,
2026-01-23T06:00,10,72,,,
2026-01-23T07:00,10,74,,,
2026-01-23T08:00,10.3,73,,,
2026-01-23T09:00,10.9,71,,,
2026-01-23T10:00,11.8,68,,,
2026-01-23T11:00,12.5,66,,,
2026-01-23T12:00,14.1,62,,,
2026-01-23T13:00,13.7,65,,,
2026-01-23T14:00,15.3,61,,,
2026-01-23T15:00,16.2,60,,,
2026-01-23T16:00,16.1,61,,,
2026-01-23T17:00,15.6,63,,,
2026-01-23T18:00,14.6,72,,,
2026-01-23T19:00,13,77,,,
2026-01-23T20:00,12.3,79,,,
2026-01-23T21:00,12.9,76,,,
2026-01-23T22:00,13.1,76,,,
2026-01-23T23:00,13.2,76,,,
2026-01-24T00:00,13.3,76,,,
2026-01-24T01:00,12.3,81,,,
2026-01-24T02:00,12.2,81,,,
2026-01-24T03:00,12.1,81,,,
2026-01-24T04:00,12.2,79,,,
2026-01-24T05:00,12.1,79,,,
2026-01-24T06:00,12,80,,,
2026-01-24T07:00,11.9,82,,,
2026-01-24T08:00,12.1,81,,,
2026-01-24T09:00,12.7,78,,,
2026-01-24T10:00,13.5,75,,,
2026-01-24T11:00,13.9,74,,,
2026-01-24T12:00,14.2,73,,,
2026-01-24T13:00,13.7,76,,,
2026-01-24T14:00,15.2,72,,,
2026-01-24T15:00,15.5,71,,,
2026-01-24T16:00,16.3,70,,,
2026-01-24T17:00,16.1,72,,,
2026-01-24T18:00,15.6,76,,,
2026-01-24T19:00,14.8,82,,,
2026-01-24T20:00,14.7,82,,,
2026-01-24T21:00,14.5,84,,,
2026-01-24T22:00,14.5,84,,,
2026-01-24T23:00,14.5,85,,,
2026-01-25T00:00,14.6,86,,,
2026-01-25T01:00,14,89,,,
2026-01-25T02:00,14,90,,,
2026-01-25T03:00,14,92,,,
2026-01-25T04:00,14.1,93,,,
2026-01-25T05:00,14.2,93,,,
2026-01-25T06:00,14.2,94,,,
2026-01-25T07:00,14.3,94,,,
2026-01-25T08:00,14.9,92,,,
2026-01-25T09:00,15.9,88,,,
2026-01-25T10:00,17,85,,,
2026-01-25T11:00,19.3,77,,,
2026-01-25T12:00,19.7,76,,,
2026-01-25T13:00,20.2,74,,,
2026-01-25T14:00,21.1,72,,,
2026-01-25T15:00,22.7,66,,,
2026-01-25T16:00,23,66,,,
2026-01-25T17:00,22.5,68,,,
2026-01-25T18:00,20.5,77,,,
2026-01-25T19:00,18.9,82,,,
2026-01-25T20:00,18.3,88,,,
2026-01-25T21:00,17.6,93,,,
2026-01-25T22:00,16.9,95,,,
2026-01-25T23:00,16.1,97,,,
2026-01-26T00:00,16.7,97,,,
2026-01-26T01:00,16.7,98,,,
2026-01-26T02:00,17,97,,,
2026-01-26T03:00,17.1,98,,,
2026-01-26T04:00,17,99,,,
2026-01-26T05:00,17.1,99,,,
2026-01-26T06:00,17.1,99,,,
2026-01-26T07:00,17,99,,,
2026-01-26T08:00,17.4,99,,,
2026-01-26T09:00,17.9,97,,,
2026-01-26T10:00,18.1,97,,,
2026-01-26T11:00,18.6,94,,,
2026-01-26T12:00,19.2,92,,,
2026-01-26T13:00,20.5,82,,,
2026-01-26T14:00,21.9,76,,,
2026-01-26T15:00,22.5,72,,,
2026-01-26T16:00,22.5,72,,,
2026-01-26T17:00,21.5,78,,,
2026-01-26T18:00,20.2,86,,,
2026-01-26T19:00,19.6,88,,,
2026-01-26T20:00,19.2,92,,,
2026-01-26T21:00,18.5,95,,,
2026-01-26T22:00,17.7,97,,,
2026-01-26T23:00,17.2,98,,,
2026-01-27T00:00,16.9,100,,,
2026-01-27T01:00,17.6,100,,,
2026-01-27T02:00,17.1,100,,,
2026-01-27T03:00,17.4,100,,,
2026-01-27T04:00,17.8,100,,,
2026-01-27T05:00,17.7,100,,,
2026-01-27T06:00,17.6,100,,,
2026-01-27T07:00,16.9,97,,,
2026-01-27T08:00,17.5,96,,,
2026-01-27T09:00,18.9,90,,,
2026-01-27T10:00,20.8,77,,,
2026-01-27T11:00,22.2,68,,,
2026-01-27T12:00,23.4,62,,,
2026-01-27T13:00,23.5,60,,,
2026-01-27T14:00,23.8,59,,,
2026-01-27T15:00,24,58,,,
2026-01-27T16:00,23.9,58,,,
2026-01-27T17:00,23.1,63,,,
2026-01-27T18:00,20.4,74,,,
2026-01-27T19:00,20.5,76,,,
2026-01-27T20:00,20.4,76,,,
2026-01-27T21:00,19.2,79,,,
2026-01-27T22:00,17.8,86,,,
2026-01-27T23:00,16.8,90,,,
2026-01-28T00:00,16.6,91,,,
2026-01-28T01:00,16.9,93,,,
2026-01-28T02:00,16.5,94,,,
2026-01-28T03:00,16.5,95,,,
2026-01-28T04:00,15.9,94,,,
2026-01-28T05:00,15.3,93,,,
2026-01-28T06:00,15.4,90,,,
2026-01-28T07:00,15.3,87,,,
2026-01-28T08:00,16.8,79,,,
2026-01-28T09:00,18.7,73,,,
2026-01-28T10:00,20.5,69,,,
2026-01-28T11:00,22.6,63,,,
2026-01-28T12:00,23.6,58,,,
2026-01-28T13:00,23.5,57,,,
2026-01-28T14:00,24,54,,,
2026-01-28T15:00,24.4,52,,,
2026-01-28T16:00,24.1,52,,,
2026-01-28T17:00,22.9,58,,,
2026-01-28T18:00,20.7,66,,,
2026-01-28T19:00,19.3,74,,,
2026-01-28T20:00,18.4,76,,,
2026-01-28T21:00,17.5,80,,,
2026-01-28T22:00,16.5,86,,,
2026-01-28T23:00,15.6,92,,,
2026-01-29T00:00,15.4,94,,,
2026-01-29T01:00,15.7,97,,,
2026-01-29T02:00,15.9,98,,,
2026-01-29T03:00,16.3,97,,,
2026-01-29T04:00,16.7,97,,,
2026-01-29T05:00,17,97,,,
2026-01-29T06:00,17.4,96,,,
2026-01-29T07:00,17,97,,,
2026-01-29T08:00,17.9,93,,,
2026-01-29T09:00,18.5,91,,,
2026-01-29T10:00,19.9,85,,,
2026-01-29T11:00,21.5,76,,,
2026-01-29T12:00,23.5,66,,,
2026-01-29T13:00,23.8,63,,,
2026-01-29T14:00,24.9,58,,,
2026-01-29T15:00,24.5,61,,,
2026-01-29T16:00,24.9,60,,,
2026-01-29T17:00,24,63,,,
2026-01-29T18:00,22.2,69,,,
2026-01-29T19:00,20.9,82,,,
2026-01-29T20:00,20.2,87,,,
2026-01-29T21:00,19.6,92,,,
2026-01-29T22:00,19.3,95,,,
2026-01-29T23:00,19.2,96,,,
2026-01-30T00:00,18.9,97,,,
2026-01-30T01:00,18.6,97,,,
2026-01-30T02:00,18.3,98,,,
2026-01-30T03:00,18.1,98,,,
2026-01-30T04:00,18.6,98,,,
2026-01-30T05:00,18.7,98,,,
2026-01-30T06:00,18.9,98,,,
2026-01-30T07:00,19.5,98,,,
2026-01-30T08:00,19.9,97,,,
2026-01-30T09:00,20.7,93,,,
2026-01-30T10:00,22.4,82,,,
2026-01-30T11:00,24,73,,,
2026-01-30T12:00,24.8,68,,,
2026-01-30T13:00,24.6,68,,,
2026-01-30T14:00,25.5,63,,,
2026-01-30T15:00,25.2,65,,,
2026-01-30T16:00,24.9,65,,,
2026-01-30T17:00,24,70,,,
2026-01-30T18:00,22.6,76,,,
2026-01-30T19:00,21.3,86,,,
2026-01-30T20:00,20.6,89,,,
2026-01-30T21:00,19.9,93,,,
2026-01-30T22:00,19.4,95,,,
2026-01-30T23:00,18.8,97,,,
2026-01-31T00:00,18,98,,,
2026-01-31T01:00,18.9,98,,,
2026-01-31T02:00,18.4,99,,,
2026-01-31T03:00,18.1,99,,,
2026-01-31T04:00,18.2,100,,,
2026-01-31T05:00,18.4,99,,,
2026-01-31T06:00,18.4,98,,,
2026-01-31T07:00,18.5,95,,,
2026-01-31T08:00,19.2,85,,,
2026-01-31T09:00,18.6,75,,,
2026-01-31T10:00,19.2,68,,,
2026-01-31T11:00,19.1,64,,,
2026-01-31T12:00,20,60,,,
2026-01-31T13:00,20.2,61,,,
2026-01-31T14:00,21.5,57,,,
2026-01-31T15:00,21.9,55,,,
2026-01-31T16:00,21.7,56,,,
2026-01-31T17:00,21.1,59,,,
2026-01-31T18:00,19.4,66,,,
2026-01-31T19:00,18.9,67,,,
2026-01-31T20:00,17.8,69,,,
2026-01-31T21:00,17.2,72,,,
2026-01-31T22:00,17,75,,,
2026-01-31T23:00,16.9,73,,,
2026-02-01T00:00,16.7,72,,,
2026-02-01T01:00,17,74,,,
2026-02-01T02:00,17,72,,,
2026-02-01T03:00,16.7,69,,,
2026-02-01T04:00,16.5,69,,,
2026-02-01T05:00,16.3,67,,,
2026-02-01T06:00,16.2,66,,,
2026-02-01T07:00,15.9,69,,,
2026-02-01T08:00,16.3,65,,,
2026-02-01T09:00,16.6,64,,,
2026-02-01T10:00,17.3,61,,,
2026-02-01T11:00,17.8,61,,,
2026-02-01T12:00,18.8,59,,,
2026-02-01T13:00,19.7,58,,,
2026-02-01T14:00,20.6,56,,,
2026-02-01T15:00,20.9,55,,,
2026-02-01T16:00,20.8,55,,,
2026-02-01T17:00,20.4,58,,,
2026-02-01T18:00,18.5,68,,,
2026-02-01T19:00,18.6,69,,,
2026-02-01T20:00,17,77,,,
2026-02-01T21:00,16.3,82,,,
2026-02-01T22:00,15.6,86,,,
2026-02-01T23:00,15,89,,,
2026-02-02T00:00,14.7,90,,,
2026-02-02T01:00,15,92,,,
2026-02-02T02:00,15.4,90,,,
2026-02-02T03:00,15.6,79,,,
2026-02-02T04:00,15.8,65,,,
2026-02-02T05:00,15.9,64,,,
2026-02-02T06:00,15.5,67,,,
2026-02-02T07:00,15,74,,,
2026-02-02T08:00,15.5,69,,,
2026-02-02T09:00,15.9,64,,,
2026-02-02T10:00,16.3,62,,,
2026-02-02T11:00,16.6,62,,,
2026-02-02T12:00,16.9,61,,,
2026-02-02T13:00,17.6,61,,,
2026-02-02T14:00,18.2,58,,,
2026-02-02T15:00,18.5,57,,,
2026-02-02T16:00,18.7,56,,,
2026-02-02T17:00,18.1,60,,,
2026-02-02T18:00,16.4,69,,,
2026-02-02T19:00,15.4,77,,,
2026-02-02T20:00,15.2,78,,,
2026-02-02T21:00,15.4,78,,,
2026-02-02T22:00,14.3,84,,,
2026-02-02T23:00,13.8,86,,,
2026-02-03T00:00,13.5,88,,,
2026-02-03T01:00,13.3,92,,,
2026-02-03T02:00,13.1,92,,,
2026-02-03T03:00,12.8,91,,,
2026-02-03T04:00,12.6,91,,,
2026-02-03T05:00,12,91,,,
2026-02-03T06:00,11.5,93,,,
2026-02-03T07:00,13.3,88,,,
2026-02-03T08:00,14.6,82,,,
2026-02-03T09:00,16.3,71,,,
2026-02-03T10:00,17.5,64,,,
2026-02-03T11:00,18.9,60,,,
2026-02-03T12:00,20.1,57,,,
2026-02-03T13:00,21.3,53,,,
2026-02-03T14:00,21.8,52,,,
2026-02-03T15:00,22.1,52,,,
2026-02-03T16:00,21.8,53,,,
2026-02-03T17:00,20.9,60,,,
2026-02-03T18:00,18.6,69,,,
2026-02-03T19:00,19.3,69,,,
2026-02-03T20:00,18.6,74,,,
2026-02-03T21:00,17.4,81,,,
2026-02-03T22:00,16.6,86,,,
2026-02-03T23:00,15.7,92,,,
2026-02-04T00:00,15.2,93,,,
2026-02-04T01:00,15.5,94,,,
2026-02-04T02:00,15.2,96,,,
2026-02-04T03:00,14.9,97,,,
2026-02-04T04:00,14.8,98,,,
2026-02-04T05:00,14.5,98,,,
2026-02-04T06:00,14.2,99,,,
2026-02-04T07:00,15.5,99,,,
2026-02-04T08:00,16.6,94,,,
2026-02-04T09:00,17.4,92,,,
2026-02-04T10:00,19,84,,,
2026-02-04T11:00,20.8,74,,,
2026-02-04T12:00,21.5,70,,,
2026-02-04T13:00,22.2,66,,,
2026-02-04T14:00,23,63,,,
2026-02-04T15:00,23.6,61,,,
2026-02-04T16:00,23.4,63,,,
2026-02-04T17:00,22.8,66,,,
2026-02-04T18:00,20.2,77,,,
2026-02-04T19:00,19.9,79,,,
2026-02-04T20:00,19.7,81,,,
2026-02-04T21:00,18.7,88,,,
2026-02-04T22:00,17.9,93,,,
2026-02-04T23:00,17.5,96,,,
2026-02-05T00:00,17.2,97,,,
2026-02-05T01:00,18.2,98,,,
2026-02-05T02:00,18.5,98,,,
2026-02-05T03:00,18.3,98,,,
2026-02-05T04:00,18.4,98,,,
2026-02-05T05:00,18.3,98,,,
2026-02-05T06:00,18.4,97,,,
2026-02-05T07:00,18.3,98,,,
2026-02-05T08:00,19.2,93,,,
2026-02-05T09:00,19.7,91,,,
2026-02-05T10:00,20.5,88,,,
2026-02-05T11:00,21,85,,,
2026-02-05T12:00,22.5,79,,,
2026-02-05T13:00,23.3,74,,,
2026-02-05T14:00,25,67,,,
2026-02-05T15:00,25.9,62,,,
2026-02-05T16:00,26.2,61,,,
2026-02-05T17:00,25.3,66,,,
2026-02-05T18:00,23.2,73,,,
2026-02-05T19:00,21.6,83,,,
2026-02-05T20:00,21.2,88,,,
2026-02-05T21:00,20.5,92,,,
2026-02-05T22:00,20.2,95,,,
2026-02-05T23:00,20.6,96,,,
2026-02-06T00:00,20.9,95,,,
2026-02-06T01:00,20.8,96,,,
2026-02-06T02:00,20.9,95,,,
2026-02-06T03:00,20.8,96,,,
2026-02-06T04:00,20.7,97,,,
2026-02-06T05:00,20.6,97,,,
2026-02-06T06:00,20.5,98,,,
2026-02-06T07:00,20.6,98,,,
2026-02-06T08:00,21.2,94,,,
2026-02-06T09:00,22,87,,,
2026-02-06T10:00,23.2,79,,,
2026-02-06T11:00,24.5,72,,,
2026-02-06T12:00,25,70,,,
2026-02-06T13:00,25.2,70,,,
2026-02-06T14:00,26.5,64,,,
2026-02-06T15:00,26.6,63,,,
2026-02-06T16:00,26.4,64,,,
2026-02-06T17:00,24.7,75,,,
2026-02-06T18:00,22.9,83,,,
2026-02-06T19:00,21.9,90,,,
2026-02-06T20:00,21.4,93,,,
2026-02-06T21:00,20.9,97,,,
2026-02-06T22:00,20.9,98,,,
2026-02-06T23:00,21.1,96,,,
2026-02-07T00:00,21,96,,,
2026-02-07T01:00,20.9,98,,,
2026-02-07T02:00,21,98,,,
2026-02-07T03:00,20.8,99,,,
2026-02-07T04:00,20.6,99,,,
2026-02-07T05:00,20.5,99,,,
2026-02-07T06:00,20.4,99,,,
2026-02-07T07:00,20.1,98,,,
2026-02-07T08:00,21.2,92,,,
2026-02-07T09:00,22.7,82,,,
2026-02-07T10:00,23,81,,,
2026-02-07T11:00,24.1,74,,,
2026-02-07T12:00,24,74,,,
2026-02-07T13:00,23.6,74,,,
2026-02-07T14:00,24.5,68,,,
2026-02-07T15:00,25.2,64,,,
2026-02-07T16:00,25,63,,,
2026-02-07T17:00,24.4,65,,,
2026-02-07T18:00,22.8,70,,,
2026-02-07T19:00,21.5,79,,,
2026-02-07T20:00,21,82,,,
2026-02-07T21:00,20.3,86,,,
2026-02-07T22:00,20,87,,,
2026-02-07T23:00,20.3,84,,,
2026-02-08T00:00,20.2,85,,,
2026-02-08T01:00,20,90,,,
2026-02-08T02:00,19.9,93,,,
2026-02-08T03:00,19.2,95,,,
2026-02-08T04:00,18.4,88,,,
2026-02-08T05:00,17.6,82,,,
2026-02-08T06:00,16.8,82,,,
2026-02-08T07:00,16.4,92,,,
2026-02-08T08:00,15.5,88,,,
2026-02-08T09:00,15,84,,,
2026-02-08T10:00,14.4,89,,,
2026-02-08T11:00,14.1,89,,,
2026-02-08T12:00,14.2,90,,,
2026-02-08T13:00,13.9,91,,,
2026-02-08T14:00,13.6,91,,,
2026-02-08T15:00,13.6,87,,,
2026-02-08T16:00,12.9,91,,,
2026-02-08T17:00,12.5,91,,,
2026-02-08T18:00,12.2,92,,,
2026-02-08T19:00,12.4,92,,,
2026-02-08T20:00,12.1,89,,,
2026-02-08T21:00,12,89,,,
2026-02-08T22:00,12,93,,,
2026-02-08T23:00,12,93,,,
2026-02-09T00:00,11.9,93,,,
2026-02-09T01:00,12.2,91,,,
2026-02-09T02:00,12,94,,,
2026-02-09T03:00,11.9,94,,,
2026-02-09T04:00,11.9,94,,,
2026-02-09T05:00,11.8,94,,,
2026-02-09T06:00,11.8,94,,,
2026-02-09T07:00,11.8,92,,,
2026-02-09T08:00,11.8,94,,,
2026-02-09T09:00,12.4,90,,,
2026-02-09T10:00,12.7,92,,,
2026-02-09T11:00,13.7,86,,,
2026-02-09T12:00,15,79,,,
2026-02-09T13:00,14.6,80,,,
2026-02-09T14:00,15.2,78,,,
2026-02-09T15:00,15.9,75,,,
2026-02-09T16:00,16.3,74,,,
2026-02-09T17:00,16.1,75,,,
2026-02-09T18:00,14.5,85,,,
2026-02-09T19:00,13.2,88,,,
2026-02-09T20:00,13.9,85,,,
2026-02-09T21:00,13,91,,,
2026-02-09T22:00,12.5,93,,,
2026-02-09T23:00,13.4,91,,,
2026-02-10T00:00,13.6,89,,,
2026-02-10T01:00,13.9,90,,,
2026-02-10T02:00,14,90,,,
2026-02-10T03:00,14,91,,,
2026-02-10T04:00,14.1,91,,,
2026-02-10T05:00,14.1,91,,,
2026-02-10T06:00,14.1,92,,,
2026-02-10T07:00,14.2,89,,,
2026-02-10T08:00,14.8,87,,,
2026-02-10T09:00,15.4,85,,,
2026-02-10T10:00,16.4,82,,,
2026-02-10T11:00,18,76,,,
2026-02-10T12:00,19.5,73,,,
2026-02-10T13:00,19.6,74,,,
2026-02-10T14:00,21.1,69,,,
2026-02-10T15:00,22.2,67,,,
2026-02-10T16:00,22.2,67,,,
2026-02-10T17:00,21.7,71,,,
2026-02-10T18:00,20.3,77,,,
2026-02-10T19:00,19.2,84,,,
2026-02-10T20:00,19.1,85,,,
2026-02-10T21:00,19.2,85,,,
2026-02-10T22:00,19,86,,,
2026-02-10T23:00,18.3,90,,,
2026-02-11T00:00,17.9,93,,,
2026-02-11T01:00,17.5,95,,,
2026-02-11T02:00,17.7,94,,,
2026-02-11T03:00,17.9,94,,,
2026-02-11T04:00,17.9,94,,,
2026-02-11T05:00,18.1,95,,,
2026-02-11T06:00,18.2,95,,,
2026-02-11T07:00,17.7,95,,,
2026-02-11T08:00,17.1,94,,,
2026-02-11T09:00,17.1,90,,,
2026-02-11T10:00,17.3,87,,,
2026-02-11T11:00,18,81,,,
2026-02-11T12:00,18.8,77,,,
2026-02-11T13:00,18.8,78,,,
2026-02-11T14:00,19.3,76,,,
2026-02-11T15:00,19.5,75,,,
2026-02-11T16:00,19.6,75,,,
2026-02-11T17:00,19.3,76,,,
2026-02-11T18:00,18.9,78,,,
2026-02-11T19:00,18.3,83,,,
2026-02-11T20:00,17.9,86,,,
2026-02-11T21:00,18.1,85,,,
2026-02-11T22:00,17.7,86,,,
2026-02-11T23:00,17.9,83,,,
2026-02-12T00:00,17.8,83,,,
2026-02-12T01:00,17.3,87,,,
2026-02-12T02:00,17.4,87,,,
2026-02-12T03:00,17.3,88,,,
2026-02-12T04:00,17.3,89,,,
2026-02-12T05:00,17.4,91,,,
2026-02-12T06:00,17.5,93,,,
2026-02-12T07:00,17.5,91,,,
2026-02-12T08:00,17.9,89,,,
2026-02-12T09:00,18.3,88,,,
2026-02-12T10:00,19.2,85,,,
2026-02-12T11:00,20.8,80,,,
2026-02-12T12:00,21.3,79,,,
2026-02-12T13:00,22.4,74,,,
2026-02-12T14:00,23.2,72,,,
2026-02-12T15:00,23.1,73,,,
2026-02-12T16:00,23.1,74,,,
2026-02-12T17:00,22.7,77,,,
2026-02-12T18:00,21.8,80,,,
2026-02-12T19:00,20.6,86,,,
2026-02-12T20:00,19.6,91,,,
2026-02-12T21:00,18.9,95,,,
2026-02-12T22:00,18.5,97,,,
2026-02-12T23:00,18.2,98,,,
2026-02-13T00:00,18.1,99,,,
2026-02-13T01:00,18.9,99,,,
2026-02-13T02:00,19.2,98,,,
2026-02-13T03:00,19.3,98,,,
2026-02-13T04:00,19.4,99,,,
2026-02-13T05:00,19.6,98,,,
2026-02-13T06:00,20,97,,,
2026-02-13T07:00,19.7,99,,,
2026-02-13T08:00,20.1,97,,,
2026-02-13T09:00,20.7,95,,,
2026-02-13T10:00,22.8,81,,,
2026-02-13T11:00,24.5,71,,,
2026-02-13T12:00,25.3,66,,,
2026-02-13T13:00,24.7,68,,,
2026-02-13T14:00,25.2,65,,,
2026-02-13T15:00,25.2,65,,,
2026-02-13T16:00,24.9,68,,,
2026-02-13T17:00,24.5,68,,,
2026-02-13T18:00,23.6,70,,,
2026-02-13T19:00,22.3,77,,,
2026-02-13T20:00,21.9,79,,,
2026-02-13T21:00,21.1,87,,,
2026-02-13T22:00,20.4,95,,,
2026-02-13T23:00,20.3,96,,,
2026-02-14T00:00,20.1,96,,,
2026-02-14T01:00,20.7,96,,,
2026-02-14T02:00,20.3,98,,,
2026-02-14T03:00,20.4,98,,,
2026-02-14T04:00,20.2,98,,,
2026-02-14T05:00,20,99,,,
2026-02-14T06:00,20,98,,,
2026-02-14T07:00,19.9,96,,,
2026-02-14T08:00,20.6,92,,,
2026-02-14T09:00,21.8,84,,,
2026-02-14T10:00,23.9,72,,,
2026-02-14T11:00,25.3,63,,,
2026-02-14T12:00,25.2,64,,,
2026-02-14T13:00,25.1,64,,,
2026-02-14T14:00,25.7,62,,,
2026-02-14T15:00,25.8,62,,,
2026-02-14T16:00,25.9,61,,,
2026-02-14T17:00,25.5,64,,,
2026-02-14T18:00,23.7,72,,,
2026-02-14T19:00,22.3,80,,,
2026-02-14T20:00,21.6,83,,,
2026-02-14T21:00,20.7,88,,,
2026-02-14T22:00,20,94,,,
2026-02-14T23:00,19.7,97,,,
2026-02-15T00:00,19.6,98,,,
2026-02-15T01:00,20.5,98,,,
2026-02-15T02:00,20.9,95,,,
2026-02-15T03:00,20.4,97,,,
2026-02-15T04:00,20.5,97,,,
2026-02-15T05:00,20.6,96,,,
2026-02-15T06:00,20.6,96,,,
2026-02-15T07:00,20.5,96,,,
2026-02-15T08:00,21,90,,,
2026-02-15T09:00,22.7,80,,,
2026-02-15T10:00,24.4,70,,,
2026-02-15T11:00,25.9,61,,,
2026-02-15T12:00,27.2,56,,,
2026-02-15T13:00,27.6,53,,,
2026-02-15T14:00,28.6,52,,,
2026-02-15T15:00,27.9,55,,,
2026-02-15T16:00,27.1,56,,,
2026-02-15T17:00,25.3,64,,,
2026-02-15T18:00,23.6,70,,,
2026-02-15T19:00,22.7,78,,,
2026-02-15T20:00,22.1,82,,,
2026-02-15T21:00,21.3,88,,,
2026-02-15T22:00,21.1,92,,,
2026-02-15T23:00,20.9,95,,,
2026-02-16T00:00,20.9,96,,,
2026-02-16T01:00,21,96,,,
2026-02-16T02:00,21.1,94,,,
2026-02-16T03:00,21,94,,,
2026-02-16T04:00,21.1,93,,,
2026-02-16T05:00,21.1,93,,,
2026-02-16T06:00,20.9,95,,,
2026-02-16T07:00,20.9,96,,,
2026-02-16T08:00,21.5,90,,,
2026-02-16T09:00,22.8,82,,,
2026-02-16T10:00,24.3,73,,,
2026-02-16T11:00,25.6,65,,,
2026-02-16T12:00,26.7,59,,,
2026-02-16T13:00,26.7,58,,,
2026-02-16T14:00,27.3,56,,,
2026-02-16T15:00,28,53,,,
2026-02-16T16:00,28,53,,,
2026-02-16T17:00,27.2,57,,,
2026-02-16T18:00,25,66,,,
2026-02-16T19:00,23.6,72,,,
2026-02-16T20:00,22.9,77,,,
2026-02-16T21:00,21.8,84,,,
2026-02-16T22:00,21,90,,,
2026-02-16T23:00,20.3,95,,,
2026-02-17T00:00,20,96,,,
2026-02-17T01:00,20.6,98,,,
2026-02-17T02:00,20.7,98,,,
2026-02-17T03:00,21,97,,,
2026-02-17T04:00,21,96,,,
2026-02-17T05:00,20.7,98,,,
2026-02-17T06:00,20.8,97,,,
2026-02-17T07:00,21.1,94,,,
2026-02-17T08:00,22.3,89,,,
2026-02-17T09:00,23,84,,,
2026-02-17T10:00,23.5,80,,,
2026-02-17T11:00,23.9,79,,,
2026-02-17T12:00,24.8,74,,,
2026-02-17T13:00,25,70,,,
2026-02-17T14:00,25.1,70,,,
2026-02-17T15:00,24.9,66,,,
2026-02-17T16:00,24.9,67,,,
2026-02-17T17:00,24.1,74,,,
2026-02-17T18:00,22.9,79,,,
2026-02-17T19:00,21.3,89,,,
2026-02-17T20:00,20.9,89,,,
2026-02-17T21:00,20.6,87,,,
2026-02-17T22:00,20.3,74,,,
2026-02-17T23:00,19.4,70,,,
2026-02-18T00:00,18.9,71,,,
2026-02-18T01:00,19.1,81,,,
2026-02-18T02:00,18.5,84,,,
2026-02-18T03:00,18,83,,,
2026-02-18T04:00,17.7,82,,,
2026-02-18T05:00,17.3,83,,,
2026-02-18T06:00,17.1,84,,,
2026-02-18T07:00,17.3,81,,,
2026-02-18T08:00,17.7,78,,,
2026-02-18T09:00,18.1,75,,,
2026-02-18T10:00,19.3,70,,,
2026-02-18T11:00,20.5,67,,,
2026-02-18T12:00,21.3,65,,,
2026-02-18T13:00,20.4,73,,,
2026-02-18T14:00,20.5,73,,,
2026-02-18T15:00,20.9,73,,,
2026-02-18T16:00,21.2,73,,,
2026-02-18T17:00,21.3,72,,,
2026-02-18T18:00,20.6,76,,,
2026-02-18T19:00,19.1,90,,,
2026-02-18T20:00,18.8,90,,,
2026-02-18T21:00,18.7,90,,,
2026-02-18T22:00,18.6,90,,,
2026-02-18T23:00,18.4,91,,,
2026-02-19T00:00,18.3,92,,,
2026-02-19T01:00,18.1,92,,,
2026-02-19T02:00,18,91,,,
2026-02-19T03:00,18,91,,,
2026-02-19T04:00,17.9,90,,,
2026-02-19T05:00,17.9,89,,,
2026-02-19T06:00,17.8,88,,,
2026-02-19T07:00,17.6,84,,,
2026-02-19T08:00,18,82,,,
2026-02-19T09:00,18.9,76,,,
2026-02-19T10:00,20.1,71,,,
2026-02-19T11:00,20.7,70,,,
2026-02-19T12:00,21.8,67,,,
2026-02-19T13:00,21.5,69,,,
2026-02-19T14:00,22.2,66,,,
2026-02-19T15:00,22.2,66,,,
2026-02-19T16:00,22.4,66,,,
2026-02-19T17:00,22.4,67,,,
2026-02-19T18:00,20.9,77,,,
2026-02-19T19:00,20,82,,,
2026-02-19T20:00,20.1,80,,,
2026-02-19T21:00,19.8,79,,,
2026-02-19T22:00,19.4,73,,,
2026-02-19T23:00,19,73,,,
2026-02-20T00:00,18.2,80,,,
2026-02-20T01:00,17.3,91,,,
2026-02-20T02:00,17,92,,,
2026-02-20T03:00,16.8,90,,,
2026-02-20T04:00,16.7,91,,,
2026-02-20T05:00,16.6,91,,,
2026-02-20T06:00,16.6,89,,,
2026-02-20T07:00,16.9,82,,,
2026-02-20T08:00,17.5,79,,,
2026-02-20T09:00,18.5,74,,,
2026-02-20T10:00,20.3,68,,,
2026-02-20T11:00,22,63,,,
2026-02-20T12:00,23.5,60,,,
2026-02-20T13:00,22.9,62,,,
2026-02-20T14:00,23.8,60,,,
2026-02-20T15:00,23.7,60,,,
2026-02-20T16:00,23.7,60,,,
2026-02-20T17:00,23.3,63,,,
2026-02-20T18:00,22,69,,,
2026-02-20T19:00,21.6,72,,,
2026-02-20T20:00,21.3,74,,,
2026-02-20T21:00,19.4,81,,,
2026-02-20T22:00,18.5,87,,,
2026-02-20T23:00,17.9,92,,,
2026-02-21T00:00,17.7,95,,,
2026-02-21T01:00,17.8,97,,,
2026-02-21T02:00,17.8,98,,,
2026-02-21T03:00,17.8,98,,,
2026-02-21T04:00,17.8,98,,,
2026-02-21T05:00,17.9,98,,,
2026-02-21T06:00,18.1,97,,,
2026-02-21T07:00,18.3,96,,,
2026-02-21T08:00,19.2,90,,,
2026-02-21T09:00,20.6,83,,,
2026-02-21T10:00,22.4,75,,,
2026-02-21T11:00,23.4,71,,,
2026-02-21T12:00,24.6,67,,,
2026-02-21T13:00,24.5,68,,,
2026-02-21T14:00,26.2,62,,,
2026-02-21T15:00,28,55,,,
2026-02-21T16:00,27,60,,,
2026-02-21T17:00,25,69,,,
2026-02-21T18:00,23.6,74,,,
2026-02-21T19:00,22.4,80,,,
2026-02-21T20:00,21.7,84,,,
2026-02-21T21:00,21.1,87,,,
2026-02-21T22:00,20.5,91,,,
2026-02-21T23:00,20.1,94,,,
2026-02-22T00:00,19.7,96,,,
2026-02-22T01:00,20.8,97,,,
2026-02-22T02:00,20.9,97,,,
2026-02-22T03:00,21,97,,,
2026-02-22T04:00,21.3,96,,,
2026-02-22T05:00,21.3,96,,,
2026-02-22T06:00,21.4,97,,,
2026-02-22T07:00,21,97,,,
2026-02-22T08:00,21.3,95,,,
2026-02-22T09:00,21.9,93,,,
2026-02-22T10:00,23.5,84,,,
2026-02-22T11:00,25.2,75,,,
2026-02-22T12:00,25.4,75,,,
2026-02-22T13:00,24.1,81,,,
2026-02-22T14:00,23.6,81,,,
2026-02-22T15:00,23,81,,,
2026-02-22T16:00,23,80,,,
2026-02-22T17:00,22.4,83,,,
2026-02-22T18:00,22.3,83,,,
2026-02-22T19:00,22.3,81,,,
2026-02-22T20:00,21.7,86,,,
2026-02-22T21:00,20.9,93,,,
2026-02-22T22:00,20.9,92,,,
2026-02-22T23:00,20.9,91,,,
2026-02-23T00:00,20.8,91,,,
2026-02-23T01:00,21.3,90,,,
2026-02-23T02:00,21.3,90,,,
2026-02-23T03:00,21.2,91,,,
2026-02-23T04:00,21.2,91,,,
2026-02-23T05:00,21.3,90,,,
2026-02-23T06:00,21.2,91,,,
2026-02-23T07:00,21,93,,,
2026-02-23T08:00,22.5,89,,,
2026-02-23T09:00,23.2,88,,,
2026-02-23T10:00,24.4,82,,,
2026-02-23T11:00,24.9,78,,,
2026-02-23T12:00,24.8,78,,,
2026-02-23T13:00,24.5,79,,,
2026-02-23T14:00,25.7,72,,,
2026-02-23T15:00,26.1,69,,,
2026-02-23T16:00,26.2,68,,,
2026-02-23T17:00,25.6,71,,,
2026-02-23T18:00,23.9,80,,,
2026-02-23T19:00,23.7,81,,,
2026-02-23T20:00,23.5,81,,,
2026-02-23T21:00,23,85,,,
2026-02-23T22:00,22.4,90,,,
2026-02-23T23:00,22.5,91,,,
2026-02-24T00:00,22.4,92,,,
2026-02-24T01:00,22.6,94,,,
2026-02-24T02:00,22.5,94,,,
2026-02-24T03:00,22.4,94,,,
2026-02-24T04:00,22.1,95,,,
2026-02-24T05:00,22.1,95,,,
2026-02-24T06:00,22.1,95,,,
2026-02-24T07:00,21.9,94,,,
2026-02-24T08:00,22.4,92,,,
2026-02-24T09:00,22.9,90,,,
2026-02-24T10:00,23.5,87,,,
2026-02-24T11:00,24.4,82,,,
2026-02-24T12:00,24.8,80,,,
2026-02-24T13:00,24.3,80,,,
2026-02-24T14:00,24.3,81,,,
2026-02-24T15:00,24.6,79,,,
2026-02-24T16:00,24.4,81,,,
2026-02-24T17:00,24.4,80,,,
2026-02-24T18:00,23.6,84,,,
2026-02-24T19:00,23,89,,,
2026-02-24T20:00,22.7,89,,,
2026-02-24T21:00,22.1,91,,,
2026-02-24T22:00,22.2,92,,,
2026-02-24T23:00,22,94,,,
2026-02-25T00:00,21.9,94,,,
2026-02-25T01:00,21.9,97,,,
2026-02-25T02:00,21.8,97,,,
2026-02-25T03:00,21.6,98,,,
2026-02-25T04:00,21.5,98,,,
2026-02-25T05:00,21.4,98,,,
2026-02-25T06:00,21.3,99,,,
2026-02-25T07:00,20.8,99,,,
2026-02-25T08:00,21.5,96,,,
2026-02-25T09:00,22.9,88,,,
2026-02-25T10:00,24.4,80,,,
2026-02-25T11:00,24,83,,,
2026-02-25T12:00,24.2,82,,,
2026-02-25T13:00,24.9,75,,,
2026-02-25T14:00,26.3,69,,,
2026-02-25T15:00,27.1,63,,,
2026-02-25T16:00,26.8,64,,,
2026-02-25T17:00,25.1,75,,,
2026-02-25T18:00,23.8,80,,,
2026-02-25T19:00,23.2,86,,,
2026-02-25T20:00,22.7,88,,,
2026-02-25T21:00,22,92,,,
2026-02-25T22:00,21.4,94,,,
2026-02-25T23:00,21.2,94,,,
2026-02-26T00:00,20.7,95,,,
2026-02-26T01:00,21.2,97,,,
2026-02-26T02:00,21.1,96,,,
2026-02-26T03:00,20.6,97,,,
2026-02-26T04:00,20.4,98,,,
2026-02-26T05:00,20.1,98,,,
2026-02-26T06:00,20.1,98,,,
2026-02-26T07:00,20.3,98,,,
2026-02-26T08:00,20.5,98,,,
2026-02-26T09:00,20.9,96,,,
2026-02-26T10:00,22.2,88,,,
2026-02-26T11:00,22.7,86,,,
2026-02-26T12:00,23,87,,,
2026-02-26T13:00,22.4,91,,,
2026-02-26T14:00,22.8,88,,,
2026-02-26T15:00,24.9,74,,,
2026-02-26T16:00,24.6,74,,,
2026-02-26T17:00,23.4,81,,,
2026-02-26T18:00,22.4,86,,,
2026-02-26T19:00,22.5,90,,,
2026-02-26T20:00,22.2,90,,,
2026-02-26T21:00,21.8,89,,,
2026-02-26T22:00,21.5,90,,,
2026-02-26T23:00,21.1,92,,,
2026-02-27T00:00,20.8,93,,,
2026-02-27T01:00,21.3,93,,,
2026-02-27T02:00,20.9,93,,,
2026-02-27T03:00,20.5,93,,,
2026-02-27T04:00,20.2,93,,,
2026-02-27T05:00,20,94,,,
2026-02-27T06:00,19.9,95,,,
2026-02-27T07:00,19.9,95,,,
2026-02-27T08:00,21.6,89,,,
2026-02-27T09:00,23.1,82,,,
2026-02-27T10:00,25.2,73,,,
2026-02-27T11:00,26.5,69,,,
2026-02-27T12:00,27.5,65,,,
2026-02-27T13:00,27.4,66,,,
2026-02-27T14:00,28.4,61,,,
2026-02-27T15:00,28.1,63,,,
2026-02-27T16:00,27.1,68,,,
2026-02-27T17:00,26.4,74,,,
2026-02-27T18:00,25.1,79,,,
2026-02-27T19:00,23.9,86,,,
2026-02-27T20:00,23.9,90,,,
2026-02-27T21:00,23.4,96,,,
2026-02-27T22:00,23.5,96,,,
2026-02-27T23:00,23.5,96,,,
2026-02-28T00:00,23.4,97,,,
2026-02-28T01:00,23.6,98,,,
2026-02-28T02:00,23.4,98,,,
2026-02-28T03:00,23.1,99,,,
2026-02-28T04:00,23,99,,,
2026-02-28T05:00,22.9,99,,,
2026-02-28T06:00,22.9,98,,,
2026-02-28T07:00,23.3,97,,,
2026-02-28T08:00,23.9,93,,,
2026-02-28T09:00,24.9,87,,,
2026-02-28T10:00,26.6,78,,,
2026-02-28T11:00,28.2,71,,,
2026-02-28T12:00,29.1,67,,,
2026-02-28T13:00,29.4,65,,,
2026-02-28T14:00,29.3,66,,,
2026-02-28T15:00,27.6,79,,,
2026-02-28T16:00,28.4,72,,,
2026-02-28T17:00,27.6,76,,,
2026-02-28T18:00,26.2,80,,,
2026-02-28T19:00,25.3,85,,,
2026-02-28T20:00,24.8,88,,,
2026-02-28T21:00,24.1,92,,,
2026-02-28T22:00,23.7,95,,,
2026-02-28T23:00,23.5,95,,,
2026-03-01T00:00,23.2,95,,,
2026-03-01T01:00,23.6,96,,,
2026-03-01T02:00,23.5,97,,,
2026-03-01T03:00,23.2,97,,,
2026-03-01T04:00,22.9,97,,,
2026-03-01T05:00,22.8,97,,,
2026-03-01T06:00,22.8,97,,,
2026-03-01T07:00,22.4,97,,,
2026-03-01T08:00,23.9,91,,,
2026-03-01T09:00,24.9,87,,,
2026-03-01T10:00,26.8,78,,,
2026-03-01T11:00,28.6,68,,,
2026-03-01T12:00,30,67,,,
2026-03-01T13:00,29.8,65,,,
2026-03-01T14:00,31,61,,,
2026-03-01T15:00,31.3,59,,,
2026-03-01T16:00,30.3,64,,,
2026-03-01T17:00,29,71,,,
2026-03-01T18:00,27.3,80,,,
2026-03-01T19:00,26.9,84,,,
2026-03-01T20:00,26,88,,,
2026-03-01T21:00,25.2,92,,,
2026-03-01T22:00,24.6,94,,,
2026-03-01T23:00,24,97,,,
2026-03-02T00:00,23.9,97,,,
2026-03-02T01:00,24.3,97,,,
2026-03-02T02:00,24,98,,,
2026-03-02T03:00,23.6,98,,,
2026-03-02T04:00,23.6,98,,,
2026-03-02T05:00,23.7,97,,,
2026-03-02T06:00,23.6,97,,,
2026-03-02T07:00,23.8,97,,,
2026-03-02T08:00,24.7,92,,,
2026-03-02T09:00,25.4,89,,,
2026-03-02T10:00,26.1,87,,,
2026-03-02T11:00,27.5,80,,,
2026-03-02T12:00,28.6,76,,,
2026-03-02T13:00,29.8,68,,,
2026-03-02T14:00,30.5,64,,,
2026-03-02T15:00,30.8,62,,,
2026-03-02T16:00,30.8,61,,,
2026-03-02T17:00,29.7,67,,,
2026-03-02T18:00,27.5,77,,,
2026-03-02T19:00,26.2,85,,,
2026-03-02T20:00,25.7,93,,,
2026-03-02T21:00,25.3,96,,,
2026-03-02T22:00,24.9,95,,,
2026-03-02T23:00,23.4,96,,,
2026-03-03T00:00,22.3,95,,,
2026-03-03T01:00,21.9,92,,,
2026-03-03T02:00,21.8,93,,,
2026-03-03T03:00,21.6,94,,,
2026-03-03T04:00,21,88,,,
2026-03-03T05:00,20.1,86,,,
2026-03-03T06:00,19.5,83,,,
2026-03-03T07:00,19.5,77,,,
2026-03-03T08:00,19.7,75,,,
2026-03-03T09:00,20.9,68,,,
2026-03-03T10:00,22.1,64,,,
2026-03-03T11:00,22.7,63,,,
2026-03-03T12:00,23,62,,,
2026-03-03T13:00,24.3,59,,,
2026-03-03T14:00,25.1,56,,,
2026-03-03T15:00,24.5,55,,,
2026-03-03T16:00,24,56,,,
2026-03-03T17:00,23.6,58,,,
2026-03-03T18:00,23,59,,,
2026-03-03T19:00,21.3,62,,,
2026-03-03T20:00,21.2,61,,,
2026-03-03T21:00,20.9,61,,,
2026-03-03T22:00,20.5,61,,,
2026-03-03T23:00,20,62,,,
2026-03-04T00:00,19.7,62,,,
2026-03-04T01:00,19.2,66,,,
2026-03-04T02:00,18.9,65,,,
2026-03-04T03:00,18.7,65,,,
2026-03-04T04:00,18.4,65,,,
2026-03-04T05:00,18.2,65,,,
2026-03-04T06:00,18,64,,,
2026-03-04T07:00,18.1,64,,,
2026-03-04T08:00,18.3,61,,,
2026-03-04T09:00,18.6,59,,,
2026-03-04T10:00,19.4,57,,,
2026-03-04T11:00,20.7,55,,,
2026-03-04T12:00,21.7,54,,,
2026-03-04T13:00,21.5,57,,,
2026-03-04T14:00,22,56,,,
2026-03-04T15:00,22.4,55,,,
2026-03-04T16:00,22.5,54,,,
2026-03-04T17:00,22.1,57,,,
2026-03-04T18:00,20.2,69,,,
2026-03-04T19:00,19.3,75,,,
2026-03-04T20:00,18.7,81,,,
2026-03-04T21:00,18.4,82,,,
2026-03-04T22:00,17.6,86,,,
2026-03-04T23:00,17.1,89,,,
2026-03-05T00:00,16.7,93,,,
2026-03-05T01:00,16.9,94,,,
2026-03-05T02:00,16.5,96,,,
2026-03-05T03:00,16.5,95,,,
2026-03-05T04:00,16.2,96,,,
2026-03-05T05:00,15.9,97,,,
2026-03-05T06:00,15.9,97,,,
2026-03-05T07:00,17.4,91,,,
2026-03-05T08:00,18.6,82,,,
2026-03-05T09:00,20,77,,,
2026-03-05T10:00,21.6,69,,,
2026-03-05T11:00,23.3,61,,,
2026-03-05T12:00,23.6,59,,,
2026-03-05T13:00,22.5,62,,,
2026-03-05T14:00,23.1,61,,,
2026-03-05T15:00,23.1,60,,,
2026-03-05T16:00,23,61,,,
2026-03-05T17:00,22.9,64,,,
2026-03-05T18:00,21.8,71,,,
2026-03-05T19:00,21.3,74,,,
2026-03-05T20:00,21.1,76,,,
2026-03-05T21:00,20.7,80,,,
2026-03-05T22:00,20.7,79,,,
2026-03-05T23:00,20.4,80,,,
2026-03-06T00:00,20.1,84,,,
2026-03-06T01:00,20,90,,,
2026-03-06T02:00,18.9,92,,,
2026-03-06T03:00,19.3,91,,,
2026-03-06T04:00,19.3,91,,,
2026-03-06T05:00,19.3,92,,,
2026-03-06T06:00,19.2,93,,,
2026-03-06T07:00,19.5,91,,,
2026-03-06T08:00,20,89,,,
2026-03-06T09:00,20.6,85,,,
2026-03-06T10:00,22.3,71,,,
2026-03-06T11:00,23.7,63,,,
2026-03-06T12:00,25.1,57,,,
2026-03-06T13:00,24.1,60,,,
2026-03-06T14:00,24.4,60,,,
2026-03-06T15:00,24.1,62,,,
2026-03-06T16:00,24,63,,,
2026-03-06T17:00,23.6,67,,,
2026-03-06T18:00,22.8,70,,,
2026-03-06T19:00,22.1,75,,,
2026-03-06T20:00,21.5,77,,,
2026-03-06T21:00,20.9,81,,,
2026-03-06T22:00,19.9,87,,,
2026-03-06T23:00,19.3,91,,,
2026-03-07T00:00,18.8,94,,,
2026-03-07T01:00,18.6,96,,,
2026-03-07T02:00,18.5,96,,,
2026-03-07T03:00,19.2,95,,,
2026-03-07T04:00,19.3,94,,,
2026-03-07T05:00,19.2,95,,,
2026-03-07T06:00,18.5,97,,,
2026-03-07T07:00,19.6,91,,,
2026-03-07T08:00,20.7,84,,,
2026-03-07T09:00,21.8,76,,,
2026-03-07T10:00,23,71,,,
2026-03-07T11:00,24,69,,,
2026-03-07T12:00,25,63,,,
2026-03-07T13:00,24.3,63,,,
2026-03-07T14:00,24,64,,,
2026-03-07T15:00,24.3,62,,,
2026-03-07T16:00,23.6,67,,,
2026-03-07T17:00,23.3,68,,,
2026-03-07T18:00,22.1,73,,,
2026-03-07T19:00,21.2,79,,,
2026-03-07T20:00,20.9,80,,,
2026-03-07T21:00,20.3,82,,,
2026-03-07T22:00,19.9,84,,,
2026-03-07T23:00,19.5,87,,,
2026-03-08T00:00,18.8,92,,,
2026-03-08T01:00,19.3,93,,,
2026-03-08T02:00,20.1,89,,,
2026-03-08T03:00,20.5,87,,,
2026-03-08T04:00,20.4,89,,,
2026-03-08T05:00,20.2,94,,,
2026-03-08T06:00,20.2,94,,,
2026-03-08T07:00,20.3,93,,,
2026-03-08T08:00,20.7,92,,,
2026-03-08T09:00,21.1,90,,,
2026-03-08T10:00,22.4,83,,,
2026-03-08T11:00,23.9,75,,,
2026-03-08T12:00,24.9,69,,,
2026-03-08T13:00,24.5,69,,,
2026-03-08T14:00,24.8,68,,,
2026-03-08T15:00,24.6,70,,,
2026-03-08T16:00,23.9,74,,,
2026-03-08T17:00,23,78,,,
2026-03-08T18:00,22.2,81,,,
2026-03-08T19:00,21.6,83,,,
2026-03-08T20:00,21.5,83,,,
2026-03-08T21:00,21.1,84,,,
2026-03-08T22:00,21.1,83,,,
2026-03-08T23:00,20.9,83,,,
2026-03-09T00:00,20.8,84,,,
2026-03-09T01:00,20.9,88,,,
2026-03-09T02:00,21,88,,,
2026-03-09T03:00,20.9,89,,,
2026-03-09T04:00,20.8,90,,,
2026-03-09T05:00,20.7,91,,,
2026-03-09T06:00,20.5,92,,,
2026-03-09T07:00,20.9,90,,,
2026-03-09T08:00,21.5,87,,,
2026-03-09T09:00,21.9,85,,,
2026-03-09T10:00,22.8,79,,,
2026-03-09T11:00,23.7,75,,,
2026-03-09T12:00,21.9,89,,,
2026-03-09T13:00,18.5,90,,,
2026-03-09T14:00,18.5,85,,,
2026-03-09T15:00,18.1,84,,,
2026-03-09T16:00,18.1,81,,,
2026-03-09T17:00,18.1,77,,,
2026-03-09T18:00,18,71,,,
2026-03-09T19:00,18.8,67,,,
2026-03-09T20:00,18.7,66,,,
2026-03-09T21:00,18.5,67,,,
2026-03-09T22:00,18.4,65,,,
2026-03-09T23:00,18.1,64,,,
2026-03-10T00:00,17.9,61,,,
2026-03-10T01:00,18,60,,,
2026-03-10T02:00,17.8,59,,,
2026-03-10T03:00,17.5,60,,,
2026-03-10T04:00,17.1,62,,,
2026-03-10T05:00,17,62,,,
2026-03-10T06:00,16.5,62,,,
2026-03-10T07:00,16.6,62,,,
2026-03-10T08:00,16.8,60,,,
2026-03-10T09:00,17.8,56,,,
2026-03-10T10:00,19.3,52,,,
2026-03-10T11:00,20.4,52,,,
2026-03-10T12:00,21.5,51,,,
2026-03-10T13:00,21.7,52,,,
2026-03-10T14:00,22.3,50,,,
2026-03-10T15:00,22,51,,,
2026-03-10T16:00,22,51,,,
2026-03-10T17:00,21.9,53,,,
2026-03-10T18:00,20.2,61,,,
2026-03-10T19:00,18.8,66,,,
2026-03-10T20:00,18.3,69,,,
2026-03-10T21:00,18.4,72,,,
2026-03-10T22:00,17.3,81,,,
2026-03-10T23:00,16.5,85,,,
2026-03-11T00:00,15.6,91,,,
2026-03-11T01:00,15.8,92,,,
2026-03-11T02:00,15.8,92,,,
2026-03-11T03:00,15.8,93,,,
2026-03-11T04:00,16,93,,,
2026-03-11T05:00,16.1,93,,,
2026-03-11T06:00,15.7,95,,,
2026-03-11T07:00,16.5,91,,,
2026-03-11T08:00,17.6,82,,,
2026-03-11T09:00,18.5,76,,,
2026-03-11T10:00,19.4,72,,,
2026-03-11T11:00,20.8,67,,,
2026-03-11T12:00,21.5,65,,,
2026-03-11T13:00,21.1,63,,,
2026-03-11T14:00,21.9,60,,,
2026-03-11T15:00,22.1,60,,,
2026-03-11T16:00,22,59,,,
2026-03-11T17:00,21.9,60,,,
2026-03-11T18:00,20.8,68,,,
2026-03-11T19:00,20.6,74,,,
2026-03-11T20:00,20.1,77,,,
2026-03-11T21:00,18.8,84,,,
2026-03-11T22:00,18.8,84,,,
2026-03-11T23:00,17.9,89,,,
2026-03-12T00:00,17.3,91,,,
2026-03-12T01:00,17.3,93,,,
2026-03-12T02:00,17.8,89,,,
2026-03-12T03:00,17.8,88,,,
2026-03-12T04:00,17.8,89,,,
2026-03-12T05:00,17.8,90,,,
2026-03-12T06:00,17.7,91,,,
2026-03-12T07:00,17.9,91,,,
2026-03-12T08:00,19.1,85,,,
2026-03-12T09:00,20.6,77,,,
2026-03-12T10:00,21.8,70,,,
2026-03-12T11:00,22.2,67,,,
2026-03-12T12:00,23.9,57,,,
2026-03-12T13:00,23.8,54,,,
2026-03-12T14:00,24.8,49,,,
2026-03-12T15:00,24.7,46,,,
2026-03-12T16:00,24.2,51,,,
2026-03-12T17:00,23.8,55,,,
2026-03-12T18:00,21.4,65,,,
2026-03-12T19:00,20.6,74,,,
2026-03-12T20:00,20.1,77,,,
2026-03-12T21:00,19.4,77,,,
2026-03-12T22:00,18.3,80,,,
2026-03-12T23:00,17.6,84,,,
2026-03-13T00:00,17.7,83,,,
2026-03-13T01:00,18.4,84,,,
2026-03-13T02:00,18,86,,,
2026-03-13T03:00,18.2,90,,,
2026-03-13T04:00,17.1,94,,,
2026-03-13T05:00,16.6,94,,,
2026-03-13T06:00,16.1,93,,,
2026-03-13T07:00,17.7,90,,,
2026-03-13T08:00,18.9,84,,,
2026-03-13T09:00,21,72,,,
2026-03-13T10:00,22.8,63,,,
2026-03-13T11:00,24.2,53,,,
2026-03-13T12:00,25.3,47,,,
2026-03-13T13:00,25.1,43,,,
2026-03-13T14:00,25.4,41,,,
2026-03-13T15:00,24.7,43,,,
2026-03-13T16:00,24.5,44,,,
2026-03-13T17:00,23.1,56,,,
2026-03-13T18:00,21.2,65,,,
2026-03-13T19:00,20,75,,,
2026-03-13T20:00,18.9,82,,,
2026-03-13T21:00,18.9,83,,,
2026-03-13T22:00,19.7,77,,,
2026-03-13T23:00,19.8,76,,,
2026-03-14T00:00,19.6,77,,,
2026-03-14T01:00,19.3,81,,,
2026-03-14T02:00,19.3,83,,,
2026-03-14T03:00,18.8,87,,,
2026-03-14T04:00,18.8,88,,,
2026-03-14T05:00,18.8,89,,,
2026-03-14T06:00,18.7,92,,,
2026-03-14T07:00,19.2,88,,,
2026-03-14T08:00,20.4,81,,,
2026-03-14T09:00,21.3,74,,,
2026-03-14T10:00,22.4,69,,,
2026-03-14T11:00,22.8,68,,,
2026-03-14T12:00,23.7,64,,,
2026-03-14T13:00,23.6,61,,,
2026-03-14T14:00,23.3,62,,,
2026-03-14T15:00,23.4,62,,,
2026-03-14T16:00,23.3,62,,,
2026-03-14T17:00,22.8,64,,,
2026-03-14T18:00,21.5,70,,,
2026-03-14T19:00,20.5,78,,,
2026-03-14T20:00,20.2,79,,,
2026-03-14T21:00,20.4,78,,,
2026-03-14T22:00,20.1,80,,,
2026-03-14T23:00,20,81,,,
2026-03-15T00:00,19.3,84,,,
2026-03-15T01:00,19.4,87,,,
2026-03-15T02:00,20.1,85,,,
2026-03-15T03:00,20,86,,,
2026-03-15T04:00,19.8,87,,,
2026-03-15T05:00,19.1,91,,,
2026-03-15T06:00,18.3,93,,,
2026-03-15T07:00,19.4,91,,,
2026-03-15T08:00,20.8,85,,,
2026-03-15T09:00,22.2,78,,,
2026-03-15T10:00,22.9,75,,,
2026-03-15T11:00,23.7,72,,,
2026-03-15T12:00,24.9,66,,,
2026-03-15T13:00,24.9,62,,,
2026-03-15T14:00,24.3,64,,,
2026-03-15T15:00,23.2,71,,,
2026-03-15T16:00,24,68,,,
2026-03-15T17:00,23.3,71,,,
2026-03-15T18:00,22,77,,,
2026-03-15T19:00,21.4,84,,,
2026-03-15T20:00,20.9,86,,,
2026-03-15T21:00,20.3,91,,,
2026-03-15T22:00,19.9,94,,,
2026-03-15T23:00,19.8,95,,,
2026-03-16T00:00,19.6,96,,,
2026-03-16T01:00,19.9,96,,,
2026-03-16T02:00,19.8,97,,,
2026-03-16T03:00,19.5,98,,,
2026-03-16T04:00,19.3,98,,,
2026-03-16T05:00,19.2,98,,,
2026-03-16T06:00,19.1,98,,,
2026-03-16T07:00,19.5,98,,,
2026-03-16T08:00,21.5,87,,,
2026-03-16T09:00,23,78,,,
2026-03-16T10:00,24.1,71,,,
2026-03-16T11:00,25.4,64,,,
2026-03-16T12:00,25.8,63,,,
2026-03-16T13:00,25.6,61,,,
2026-03-16T14:00,25.8,61,,,
2026-03-16T15:00,25.5,64,,,
2026-03-16T16:00,25.5,63,,,
2026-03-16T17:00,24.6,68,,,
2026-03-16T18:00,23.4,72,,,
2026-03-16T19:00,22.7,77,,,
2026-03-16T20:00,22.2,79,,,
2026-03-16T21:00,21.6,82,,,
2026-03-16T22:00,21.2,85,,,
2026-03-16T23:00,20.7,87,,,
2026-03-17T00:00,20.3,90,,,
2026-03-17T01:00,20.3,92,,,
2026-03-17T02:00,20,95,,,
2026-03-17T03:00,19.9,96,,,
2026-03-17T04:00,19.9,96,,,
2026-03-17T05:00,19.9,97,,,
2026-03-17T06:00,19.9,97,,,
2026-03-17T07:00,20.8,96,,,
2026-03-17T08:00,21.8,91,,,
2026-03-17T09:00,23.8,78,,,
2026-03-17T10:00,25.3,70,,,
2026-03-17T11:00,26.3,66,,,
2026-03-17T12:00,26.3,66,,,
2026-03-17T13:00,26.2,66,,,
2026-03-17T14:00,26.8,63,,,
2026-03-17T15:00,26.7,62,,,
2026-03-17T16:00,25.9,64,,,
2026-03-17T17:00,24.9,67,,,
2026-03-17T18:00,23.6,71,,,
2026-03-17T19:00,23.2,77,,,
2026-03-17T20:00,22.9,81,,,
2026-03-17T21:00,22.4,85,,,
2026-03-17T22:00,22,88,,,
2026-03-17T23:00,21.5,91,,,
2026-03-18T00:00,20.9,94,,,
2026-03-18T01:00,21.2,95,,,
2026-03-18T02:00,21,95,,,
2026-03-18T03:00,20.8,96,,,
2026-03-18T04:00,20.6,96,,,
2026-03-18T05:00,20.4,97,,,
2026-03-18T06:00,20.2,97,,,
2026-03-18T07:00,20.8,96,,,
2026-03-18T08:00,22.9,87,,,
2026-03-18T09:00,24.7,77,,,
2026-03-18T10:00,26.1,68,,,
2026-03-18T11:00,26,71,,,
2026-03-18T12:00,26.7,69,,,
2026-03-18T13:00,26.4,67,,,
2026-03-18T14:00,27.3,65,,,
2026-03-18T15:00,26.8,67,,,
2026-03-18T16:00,26.7,68,,,
2026-03-18T17:00,25.6,74,,,
2026-03-18T18:00,24.2,80,,,
2026-03-18T19:00,24.2,83,,,
2026-03-18T20:00,23.6,87,,,
2026-03-18T21:00,23,90,,,
2026-03-18T22:00,22.5,93,,,
2026-03-18T23:00,22.2,94,,,
2026-03-19T00:00,21.8,95,,,
2026-03-19T01:00,22.2,96,,,
2026-03-19T02:00,21.8,97,,,
2026-03-19T03:00,21.5,98,,,
2026-03-19T04:00,21.3,98,,,
2026-03-19T05:00,21.2,98,,,
2026-03-19T06:00,21.4,98,,,
2026-03-19T07:00,21.8,96,,,
2026-03-19T08:00,23.2,90,,,
2026-03-19T09:00,24.6,81,,,
2026-03-19T10:00,25.7,75,,,
2026-03-19T11:00,26.8,70,,,
2026-03-19T12:00,27.9,66,,,
2026-03-19T13:00,27.3,67,,,
2026-03-19T14:00,28,64,,,
2026-03-19T15:00,28.2,63,,,
2026-03-19T16:00,27.4,65,,,
2026-03-19T17:00,26.1,70,,,
2026-03-19T18:00,24.6,75,,,
2026-03-19T19:00,23.6,81,,,
2026-03-19T20:00,23.1,84,,,
2026-03-19T21:00,22.5,89,,,
2026-03-19T22:00,22.1,93,,,
2026-03-19T23:00,21.9,95,,,
2026-03-20T00:00,21.7,96,,,
2026-03-20T01:00,22.2,96,,,
2026-03-20T02:00,22.3,95,,,
2026-03-20T03:00,22.2,95,,,
2026-03-20T04:00,22.2,95,,,
2026-03-20T05:00,22.3,94,,,
2026-03-20T06:00,22.4,94,,,
2026-03-20T07:00,22.3,96,,,
2026-03-20T08:00,23,93,,,
2026-03-20T09:00,24.1,84,,,
2026-03-20T10:00,25.6,76,,,
2026-03-20T11:00,26.7,73,,,
2026-03-20T12:00,27.4,70,,,
2026-03-20T13:00,26.9,71,,,
2026-03-20T14:00,27.3,71,,,
2026-03-20T15:00,26.9,73,,,
2026-03-20T16:00,26.6,72,,,
2026-03-20T17:00,25.5,78,,,
2026-03-20T18:00,24.8,81,,,
2026-03-20T19:00,24.4,85,,,
2026-03-20T20:00,24,88,,,
2026-03-20T21:00,23.5,90,,,
2026-03-20T22:00,23.2,90,,,
2026-03-20T23:00,23.2,88,,,
2026-03-21T00:00,23,87,,,
2026-03-21T01:00,23.2,86,,,
2026-03-21T02:00,23.3,85,,,
2026-03-21T03:00,23.1,85,,,
2026-03-21T04:00,23.1,85,,,
2026-03-21T05:00,23,86,,,
2026-03-21T06:00,22.9,86,,,
2026-03-21T07:00,22.6,87,,,
2026-03-21T08:00,23.2,84,,,
2026-03-21T09:00,23.9,81,,,
2026-03-21T10:00,24.6,78,,,
2026-03-21T11:00,25.6,74,,,
2026-03-21T12:00,25.5,74,,,
2026-03-21T13:00,25.8,72,,,
2026-03-21T14:00,25.3,75,,,
2026-03-21T15:00,25.6,73,,,
2026-03-21T16:00,25.1,75,,,
2026-03-21T17:00,24.7,77,,,
2026-03-21T18:00,24.1,80,,,
2026-03-21T19:00,23.6,83,,,
2026-03-21T20:00,22.8,87,,,
2026-03-21T21:00,22,92,,,
2026-03-21T22:00,21.5,95,,,
2026-03-21T23:00,21.3,97,,,
2026-03-22T00:00,21.1,98,,,
2026-03-22T01:00,21.4,98,,,
2026-03-22T02:00,21.5,98,,,
2026-03-22T03:00,21.6,97,,,
2026-03-22T04:00,21.5,97,,,
2026-03-22T05:00,21.5,97,,,
2026-03-22T06:00,21.7,96,,,
2026-03-22T07:00,22.4,94,,,
2026-03-22T08:00,23.3,91,,,
2026-03-22T09:00,25,81,,,
2026-03-22T10:00,26.9,70,,,
2026-03-22T11:00,28,65,,,
2026-03-22T12:00,28.6,62,,,
2026-03-22T13:00,28.1,62,,,
2026-03-22T14:00,28.5,60,,,
2026-03-22T15:00,27.6,64,,,
2026-03-22T16:00,27.1,67,,,
2026-03-22T17:00,26.2,70,,,
2026-03-22T18:00,25,74,,,
2026-03-22T19:00,24.3,79,,,
2026-03-22T20:00,24,82,,,
2026-03-22T21:00,23.5,87,,,
2026-03-22T22:00,22.8,93,,,
2026-03-22T23:00,22.6,95,,,
2026-03-23T00:00,22.3,96,,,
2026-03-23T01:00,21.8,98,,,
2026-03-23T02:00,22.4,96,,,
2026-03-23T03:00,22.7,96,,,
2026-03-23T04:00,22.5,97,,,
2026-03-23T05:00,22.4,97,,,
2026-03-23T06:00,22.4,97,,,
2026-03-23T07:00,22.7,96,,,
2026-03-23T08:00,23.4,93,,,
2026-03-23T09:00,24.4,86,,,
2026-03-23T10:00,26,77,,,
2026-03-23T11:00,26.9,72,,,
2026-03-23T12:00,27.5,70,,,
2026-03-23T13:00,27.8,68,,,
2026-03-23T14:00,28.3,66,,,
2026-03-23T15:00,28.7,63,,,
2026-03-23T16:00,27.5,68,,,
2026-03-23T17:00,26.7,72,,,
2026-03-23T18:00,25.5,77,,,
2026-03-23T19:00,24.7,82,,,
2026-03-23T20:00,24.5,83,,,
2026-03-23T21:00,23.9,87,,,
2026-03-23T22:00,23.5,89,,,
2026-03-23T23:00,23.3,90,,,
2026-03-24T00:00,23.1,92,,,
2026-03-24T01:00,22.9,95,,,
2026-03-24T02:00,23,94,,,
2026-03-24T03:00,23,95,,,
2026-03-24T04:00,22.9,96,,,
2026-03-24T05:00,23,96,,,
2026-03-24T06:00,23.1,96,,,
2026-03-24T07:00,23.6,95,,,
2026-03-24T08:00,24.2,91,,,
2026-03-24T09:00,25.4,84,,,
2026-03-24T10:00,27.2,73,,,
2026-03-24T11:00,27.9,70,,,
2026-03-24T12:00,27.9,71,,,
2026-03-24T13:00,28.6,66,,,
2026-03-24T14:00,29.3,64,,,
2026-03-24T15:00,28.8,64,,,
2026-03-24T16:00,28.6,65,,,
2026-03-24T17:00,27.8,69,,,
2026-03-24T18:00,26.4,75,,,
2026-03-24T19:00,25.5,81,,,
2026-03-24T20:00,24.9,83,,,
2026-03-24T21:00,24.1,88,,,
2026-03-24T22:00,23.6,93,,,
2026-03-24T23:00,23.5,94,,,
2026-03-25T00:00,23.6,94,,,
2026-03-25T01:00,24.2,95,,,
2026-03-25T02:00,24.2,94,,,
2026-03-25T03:00,24,94,,,
2026-03-25T04:00,23.9,93,,,
2026-03-25T05:00,23.7,94,,,
2026-03-25T06:00,23.6,94,,,
2026-03-25T07:00,23.6,95,,,
2026-03-25T08:00,24.1,90,,,
2026-03-25T09:00,25.4,80,,,
2026-03-25T10:00,27.3,69,,,
2026-03-25T11:00,28.3,63,,,
2026-03-25T12:00,29,60,,,
2026-03-25T13:00,27.8,65,,,
2026-03-25T14:00,28,64,,,
2026-03-25T15:00,28.2,63,,,
2026-03-25T16:00,28.1,64,,,
2026-03-25T17:00,26.9,68,,,
2026-03-25T18:00,25.8,71,,,
2026-03-25T19:00,25.4,76,,,
2026-03-25T20:00,24.9,79,,,
2026-03-25T21:00,24.3,84,,,
2026-03-25T22:00,23.8,89,,,
2026-03-25T23:00,23.5,93,,,
2026-03-26T00:00,23.2,96,,,
2026-03-26T01:00,24.1,95,,,
2026-03-26T02:00,24.4,94,,,
2026-03-26T03:00,24.3,94,,,
2026-03-26T04:00,24.3,94,,,
2026-03-26T05:00,24.2,95,,,
2026-03-26T06:00,24.2,95,,,
2026-03-26T07:00,24.2,94,,,
2026-03-26T08:00,25.1,87,,,
2026-03-26T09:00,26.1,81,,,
2026-03-26T10:00,27.6,74,,,
2026-03-26T11:00,28.2,73,,,
2026-03-26T12:00,29.1,69,,,
2026-03-26T13:00,29.3,68,,,
2026-03-26T14:00,29.8,67,,,
2026-03-26T15:00,29.9,65,,,
2026-03-26T16:00,29.8,65,,,
2026-03-26T17:00,28.6,70,,,
2026-03-26T18:00,27,76,,,
2026-03-26T19:00,25.6,85,,,
2026-03-26T20:00,25.1,86,,,
2026-03-26T21:00,24.3,89,,,
2026-03-26T22:00,23.7,92,,,
2026-03-26T23:00,23.3,94,,,
2026-03-27T00:00,23,96,,,
2026-03-27T01:00,24.2,95,,,
2026-03-27T02:00,24.3,94,,,
2026-03-27T03:00,24.2,94,,,
2026-03-27T04:00,24.2,93,,,
2026-03-27T05:00,24.1,94,,,
2026-03-27T06:00,24,94,,,
2026-03-27T07:00,23.9,94,,,
2026-03-27T08:00,24.5,89,,,
2026-03-27T09:00,25.3,85,,,
2026-03-27T10:00,26.3,81,,,
2026-03-27T11:00,26.9,78,,,
2026-03-27T12:00,27.5,77,,,
2026-03-27T13:00,27.7,74,,,
2026-03-27T14:00,28.9,70,,,
2026-03-27T15:00,28.7,71,,,
2026-03-27T16:00,29.1,69,,,
2026-03-27T17:00,27.9,76,,,
2026-03-27T18:00,26.5,81,,,
2026-03-27T19:00,25.9,85,,,
2026-03-27T20:00,25.6,86,,,
2026-03-27T21:00,25,88,,,
2026-03-27T22:00,24.4,91,,,
2026-03-27T23:00,23.8,93,,,
2026-03-28T00:00,23.4,96,,,
2026-03-28T01:00,24.3,94,,,
2026-03-28T02:00,24.4,92,,,
2026-03-28T03:00,24.2,93,,,
2026-03-28T04:00,24.1,93,,,
2026-03-28T05:00,24,94,,,
2026-03-28T06:00,24,94,,,
2026-03-28T07:00,23.9,95,,,
2026-03-28T08:00,24.8,87,,,
2026-03-28T09:00,26.1,80,,,
2026-03-28T10:00,27.3,75,,,
2026-03-28T11:00,27.7,74,,,
2026-03-28T12:00,28.3,73,,,
2026-03-28T13:00,28,73,,,
2026-03-28T14:00,28.8,70,,,
2026-03-28T15:00,29.6,67,,,
2026-03-28T16:00,29.1,68,,,
2026-03-28T17:00,28.1,73,,,
2026-03-28T18:00,26.9,78,,,
2026-03-28T19:00,26.1,84,,,
2026-03-28T20:00,25.6,86,,,
2026-03-28T21:00,25.2,89,,,
2026-03-28T22:00,25,92,,,
2026-03-28T23:00,24.9,93,,,
2026-03-29T00:00,24.9,93,,,
2026-03-29T01:00,25,94,,,
2026-03-29T02:00,25,94,,,
2026-03-29T03:00,25,93,,,
2026-03-29T04:00,24.8,93,,,
2026-03-29T05:00,24.7,94,,,
2026-03-29T06:00,24.6,95,,,
2026-03-29T07:00,23.7,97,,,
2026-03-29T08:00,24.2,97,,,
2026-03-29T09:00,24.6,92,,,
2026-03-29T10:00,25.2,88,,,
2026-03-29T11:00,27,81,,,
2026-03-29T12:00,28.9,74,,,
2026-03-29T13:00,29.3,70,,,
2026-03-29T14:00,30.4,65,,,
2026-03-29T15:00,30.7,63,,,
2026-03-29T16:00,30.2,65,,,
2026-03-29T17:00,28.8,71,,,
2026-03-29T18:00,27.2,79,,,
2026-03-29T19:00,27.2,82,,,
2026-03-29T20:00,26.6,87,,,
2026-03-29T21:00,26.2,90,,,
2026-03-29T22:00,25.4,94,,,
2026-03-29T23:00,25.5,95,,,
2026-03-30T00:00,25.3,93,,,
2026-03-30T01:00,26.1,98,,,
2026-03-30T02:00,25.9,97,,,
2026-03-30T03:00,25.8,97,,,
2026-03-30T04:00,24.4,97,,,
2026-03-30T05:00,23.6,94,,,
2026-03-30T06:00,24.7,98,,,
2026-03-30T07:00,23.4,96,,,
2026-03-30T08:00,24.6,92,,,
2026-03-30T09:00,26.6,85,,,
2026-03-30T10:00,28.1,78,,,
2026-03-30T11:00,30,70,,,
2026-03-30T12:00,31.9,64,,,
2026-03-30T13:00,31.5,62,,,
2026-03-30T14:00,32.2,61,,,
2026-03-30T15:00,32.4,61,,,
2026-03-30T16:00,32,63,,,
2026-03-30T17:00,30.5,68,,,
2026-03-30T18:00,28.9,73,,,
2026-03-30T19:00,28.3,77,,,
2026-03-30T20:00,27.7,78,,,
2026-03-30T21:00,27,81,,,
2026-03-30T22:00,26.5,82,,,
2026-03-30T23:00,26.5,80,,,
2026-03-31T00:00,26.2,81,,,
2026-03-31T01:00,26.2,85,,,
2026-03-31T02:00,26,85,,,
2026-03-31T03:00,25.7,85,,,
2026-03-31T04:00,25.1,87,,,
2026-03-31T05:00,24.6,89,,,
2026-03-31T06:00,24.3,91,,,
2026-03-31T07:00,25.3,90,,,
2026-03-31T08:00,27.1,81,,,
2026-03-31T09:00,28.7,76,,,
2026-03-31T10:00,30.5,71,,,
2026-03-31T11:00,32.4,65,,,
2026-03-31T12:00,34.2,58,,,
2026-03-31T13:00,34.7,57,,,
2026-03-31T14:00,35.7,51,,,
2026-03-31T15:00,35.5,50,,,
2026-03-31T16:00,34.9,52,,,
2026-03-31T17:00,33.4,58,,,
2026-03-31T18:00,31.7,62,,,
2026-03-31T19:00,29.4,74,,,
2026-03-31T20:00,26,75,,,
2026-03-31T21:00,25.5,76,,,
2026-03-31T22:00,25.4,82,,,
2026-03-31T23:00,25.4,79,,,
2026-04-01T00:00,24.8,76,,,
2026-04-01T01:00,24,90,,,
2026-04-01T02:00,24.5,85,,,
2026-04-01T03:00,23.9,80,,,
2026-04-01T04:00,23.1,79,,,
2026-04-01T05:00,23.1,75,,,
2026-04-01T06:00,23.6,70,,,
2026-04-01T07:00,23.5,74,,,
2026-04-01T08:00,24.1,68,,,
2026-04-01T09:00,24.5,65,,,
2026-04-01T10:00,25.2,64,,,
2026-04-01T11:00,26.8,59,,,
2026-04-01T12:00,27.8,57,,,
2026-04-01T13:00,27.8,58,,,
2026-04-01T14:00,28.2,59,,,
2026-04-01T15:00,27.4,64,,,
2026-04-01T16:00,27.2,66,,,
2026-04-01T17:00,26.8,67,,,
2026-04-01T18:00,25.9,70,,,
2026-04-01T19:00,24.5,74,,,
2026-04-01T20:00,23.8,77,,,
2026-04-01T21:00,23.1,80,,,
2026-04-01T22:00,22.6,84,,,
2026-04-01T23:00,22.3,88,,,
2026-04-02T00:00,21.9,92,,,
2026-04-02T01:00,22,94,,,
2026-04-02T02:00,22,95,,,
2026-04-02T03:00,21.8,97,,,
2026-04-02T04:00,21.9,97,,,
2026-04-02T05:00,22.3,95,,,
2026-04-02T06:00,22.4,95,,,
2026-04-02T07:00,22.5,92,,,
2026-04-02T08:00,23.3,88,,,
2026-04-02T09:00,24.3,85,,,
2026-04-02T10:00,25.2,82,,,
2026-04-02T11:00,26.7,76,,,
2026-04-02T12:00,28,72,,,
2026-04-02T13:00,28.4,69,,,
2026-04-02T14:00,30.1,63,,,
2026-04-02T15:00,30.4,63,,,
2026-04-02T16:00,30.2,64,,,
2026-04-02T17:00,29.4,66,,,
2026-04-02T18:00,27.4,75,,,
2026-04-02T19:00,26.2,80,,,
2026-04-02T20:00,25.4,85,,,
2026-04-02T21:00,24.8,88,,,
2026-04-02T22:00,24.4,92,,,
2026-04-02T23:00,24.3,93,,,
2026-04-03T00:00,23.9,95,,,
2026-04-03T01:00,24.2,97,,,
2026-04-03T02:00,24.2,97,,,
2026-04-03T03:00,24.2,96,,,
2026-04-03T04:00,24.4,95,,,
2026-04-03T05:00,24.4,94,,,
2026-04-03T06:00,24.3,94,,,
2026-04-03T07:00,24.9,94,,,
2026-04-03T08:00,25.7,92,,,
2026-04-03T09:00,26.7,87,,,
2026-04-03T10:00,28.6,78,,,
2026-04-03T11:00,30.2,71,,,
2026-04-03T12:00,31.6,66,,,
2026-04-03T13:00,32,65,,,
2026-04-03T14:00,32.8,63,,,
2026-04-03T15:00,32.9,63,,,
2026-04-03T16:00,32.7,63,,,
2026-04-03T17:00,32,68,,,
2026-04-03T18:00,30.7,74,,,
2026-04-03T19:00,29,80,,,
2026-04-03T20:00,27.7,83,,,
2026-04-03T21:00,26.6,85,,,
2026-04-03T22:00,26.1,85,,,
2026-04-03T23:00,25.6,87,,,
2026-04-04T00:00,25.1,89,,,
2026-04-04T01:00,25.1,93,,,
2026-04-04T02:00,24.8,94,,,
2026-04-04T03:00,25,89,,,
2026-04-04T04:00,24.3,80,,,
2026-04-04T05:00,24.1,80,,,
2026-04-04T06:00,24,81,,,
2026-04-04T07:00,24.7,82,,,
2026-04-04T08:00,25.4,80,,,
2026-04-04T09:00,26.3,74,,,
2026-04-04T10:00,27.5,68,,,
2026-04-04T11:00,29.1,62,,,
2026-04-04T12:00,30.3,58,,,
2026-04-04T13:00,30.5,56,,,
2026-04-04T14:00,31.2,54,,,
2026-04-04T15:00,30.6,59,,,
2026-04-04T16:00,29.8,63,,,
2026-04-04T17:00,29.8,62,,,
2026-04-04T18:00,28.2,71,,,
2026-04-04T19:00,26.2,81,,,
2026-04-04T20:00,25.8,81,,,
2026-04-04T21:00,25.2,83,,,
2026-04-04T22:00,24.6,85,,,
2026-04-04T23:00,24.1,88,,,
2026-04-05T00:00,23.6,90,,,
2026-04-05T01:00,23.4,91,,,
2026-04-05T02:00,23.3,92,,,
2026-04-05T03:00,23.1,94,,,
2026-04-05T04:00,22.8,96,,,
2026-04-05T05:00,23.2,94,,,
2026-04-05T06:00,23.5,93,,,
2026-04-05T07:00,23.9,91,,,
2026-04-05T08:00,24.9,87,,,
2026-04-05T09:00,25.9,84,,,
2026-04-05T10:00,27.6,76,,,
2026-04-05T11:00,29.6,68,,,
2026-04-05T12:00,31.5,64,,,
2026-04-05T13:00,31.7,62,,,
2026-04-05T14:00,32.2,60,,,
2026-04-05T15:00,32.7,62,,,
2026-04-05T16:00,32.6,63,,,
2026-04-05T17:00,31.6,69,,,
2026-04-05T18:00,30.2,74,,,
2026-04-05T19:00,28.7,84,,,
2026-04-05T20:00,27.9,84,,,
2026-04-05T21:00,27.5,82,,,
2026-04-05T22:00,27.4,81,,,
2026-04-05T23:00,26.8,83,,,
2026-04-06T00:00,26.5,84,,,
2026-04-06T01:00,25.8,92,,,
2026-04-06T02:00,25.3,93,,,
2026-04-06T03:00,24.9,94,,,
2026-04-06T04:00,24.7,94,,,
2026-04-06T05:00,24.4,94,,,
2026-04-06T06:00,24.3,94,,,
2026-04-06T07:00,25.9,90,,,
2026-04-06T08:00,27.6,84,,,
2026-04-06T09:00,29.5,80,,,
2026-04-06T10:00,31.4,74,,,
2026-04-06T11:00,33.4,68,,,
2026-04-06T12:00,35.5,61,,,
2026-04-06T13:00,36.2,61,,,
2026-04-06T14:00,37.8,49,,,
2026-04-06T15:00,38.6,38,,,
2026-04-06T16:00,37.1,48,,,
2026-04-06T17:00,35.1,55,,,
2026-04-06T18:00,33.5,56,,,
2026-04-06T19:00,31.7,67,,,
2026-04-06T20:00,30.6,69,,,
2026-04-06T21:00,30.1,68,,,
2026-04-06T22:00,30.3,62,,,
2026-04-06T23:00,30.1,60,,,
2026-04-07T00:00,29.9,59,,,
2026-04-07T01:00,29.1,67,,,
2026-04-07T02:00,28.4,69,,,
2026-04-07T03:00,28,70,,,
2026-04-07T04:00,27.6,70,,,
2026-04-07T05:00,27.2,72,,,
2026-04-07T06:00,26.5,74,,,
2026-04-07T07:00,27.1,79,,,
2026-04-07T08:00,28.8,74,,,
2026-04-07T09:00,30.4,69,,,
2026-04-07T10:00,32.3,64,,,
2026-04-07T11:00,34.2,59,,,
2026-04-07T12:00,35.8,54,,,
2026-04-07T13:00,36.3,52,,,
2026-04-07T14:00,36.9,52,,,
2026-04-07T15:00,37,49,,,
2026-04-07T16:00,36.7,50,,,
2026-04-07T17:00,34.9,55,,,
2026-04-07T18:00,33.2,59,,,
2026-04-07T19:00,29.9,75,,,
2026-04-07T20:00,30.1,71,,,
2026-04-07T21:00,29.4,73,,,
2026-04-07T22:00,28.5,76,,,
2026-04-07T23:00,28.7,82,,,
2026-04-08T00:00,28.4,80,,,
2026-04-08T01:00,28.4,81,,,
2026-04-08T02:00,28.5,77,,,
2026-04-08T03:00,27.6,78,,,
2026-04-08T04:00,26.6,84,,,
2026-04-08T05:00,25.9,87,,,
2026-04-08T06:00,25.7,88,,,
2026-04-08T07:00,26.7,85,,,
2026-04-08T08:00,28.4,79,,,
2026-04-08T09:00,29.9,74,,,
2026-04-08T10:00,31.6,70,,,
2026-04-08T11:00,33,66,,,
2026-04-08T12:00,34.3,64,,,
2026-04-08T13:00,34.6,64,,,
2026-04-08T14:00,35,60,,,
2026-04-08T15:00,34.6,62,,,
2026-04-08T16:00,33.8,64,,,
2026-04-08T17:00,32.4,67,,,
2026-04-08T18:00,30.8,67,,,
2026-04-08T19:00,29.7,75,,,
2026-04-08T20:00,28.7,78,,,
2026-04-08T21:00,27.8,82,,,
2026-04-08T22:00,27.1,84,,,
2026-04-08T23:00,26.6,85,,,
2026-04-09T00:00,26.4,84,,,
2026-04-09T01:00,26.9,85,,,
2026-04-09T02:00,27,83,,,
2026-04-09T03:00,26.5,85,,,
2026-04-09T04:00,26,88,,,
2026-04-09T05:00,25.6,90,,,
2026-04-09T06:00,25,93,,,
2026-04-09T07:00,26.4,90,,,
2026-04-09T08:00,28,84,,,
2026-04-09T09:00,29.7,77,,,
2026-04-09T10:00,30.9,73,,,
2026-04-09T11:00,32,70,,,
2026-04-09T12:00,33,67,,,
2026-04-09T13:00,33.2,65,,,
2026-04-09T14:00,33.7,62,,,
2026-04-09T15:00,33.6,62,,,
2026-04-09T16:00,33.1,64,,,
2026-04-09T17:00,32.4,71,,,
2026-04-09T18:00,31.1,76,,,
2026-04-09T19:00,29.5,85,,,
2026-04-09T20:00,29,84,,,
2026-04-09T21:00,28.4,80,,,
2026-04-09T22:00,27.7,80,,,
2026-04-09T23:00,27,83,,,
2026-04-10T00:00,26.3,86,,,
2026-04-10T01:00,26.3,90,,,
2026-04-10T02:00,26.2,89,,,
2026-04-10T03:00,26,90,,,
2026-04-10T04:00,25.3,93,,,
2026-04-10T05:00,24.5,94,,,
2026-04-10T06:00,24.8,93,,,
2026-04-10T07:00,25.9,94,,,
2026-04-10T08:00,27.7,87,,,
2026-04-10T09:00,29.5,80,,,
2026-04-10T10:00,31.3,75,,,
2026-04-10T11:00,33,70,,,
2026-04-10T12:00,34.4,66,,,
2026-04-10T13:00,34.5,63,,,
2026-04-10T14:00,35.3,60,,,
2026-04-10T15:00,35.1,62,,,
2026-04-10T16:00,34.2,66,,,
2026-04-10T17:00,33,69,,,
2026-04-10T18:00,30.9,73,,,
2026-04-10T19:00,30,83,,,
2026-04-10T20:00,28.8,84,,,
2026-04-10T21:00,27.8,83,,,
2026-04-10T22:00,27,83,,,
2026-04-10T23:00,26.8,78,,,
2026-04-11T00:00,26.1,78,,,
2026-04-11T01:00,26.3,85,,,
2026-04-11T02:00,25.6,88,,,
2026-04-11T03:00,24.8,92,,,
2026-04-11T04:00,24.4,93,,,
2026-04-11T05:00,23.9,91,,,
2026-04-11T06:00,23.8,89,,,
2026-04-11T07:00,25.8,82,,,
2026-04-11T08:00,28.1,77,,,
2026-04-11T09:00,30.1,73,,,
2026-04-11T10:00,32,69,,,
2026-04-11T11:00,33.5,65,,,
2026-04-11T12:00,34.9,60,,,
2026-04-11T13:00,36,50,,,
2026-04-11T14:00,36.2,48,,,
2026-04-11T15:00,36.5,48,,,
2026-04-11T16:00,35.6,56,,,
2026-04-11T17:00,33.8,62,,,
2026-04-11T18:00,31.8,57,,,
2026-04-11T19:00,30.7,75,,,
2026-04-11T20:00,30.2,71,,,
2026-04-11T21:00,29.1,65,,,
2026-04-11T22:00,27.9,62,,,
2026-04-11T23:00,26.7,64,,,
2026-04-12T00:00,26.2,69,,,
2026-04-12T01:00,25.6,75,,,
2026-04-12T02:00,25,75,,,
2026-04-12T03:00,24.4,76,,,
2026-04-12T04:00,24,79,,,
2026-04-12T05:00,23.2,83,,,
2026-04-12T06:00,23.4,83,,,
2026-04-12T07:00,25.2,81,,,
2026-04-12T08:00,27.4,75,,,
2026-04-12T09:00,29.5,70,,,
2026-04-12T10:00,31.4,66,,,
2026-04-12T11:00,33.1,63,,,
2026-04-12T12:00,34.8,58,,,
2026-04-12T13:00,35.4,52,,,
2026-04-12T14:00,35.8,51,,,
2026-04-12T15:00,35.5,52,,,
2026-04-12T16:00,34.2,58,,,
2026-04-12T17:00,32.8,63,,,
2026-04-12T18:00,32.2,68,,,
2026-04-12T19:00,30.1,82,,,
2026-04-12T20:00,29.2,83,,,
2026-04-12T21:00,28.5,79,,,
2026-04-12T22:00,27.6,77,,,
2026-04-12T23:00,26.8,80,,,
2026-04-13T00:00,26.6,82,,,
2026-04-13T01:00,26.4,86,,,
2026-04-13T02:00,26.2,88,,,
2026-04-13T03:00,25.7,91,,,
2026-04-13T04:00,25.3,93,,,
2026-04-13T05:00,24.9,94,,,
2026-04-13T06:00,24.7,95,,,
2026-04-13T07:00,26.4,93,,,
2026-04-13T08:00,28,87,,,
2026-04-13T09:00,29.6,80,,,
2026-04-13T10:00,31,77,,,
2026-04-13T11:00,32.5,73,,,
2026-04-13T12:00,33.7,69,,,
2026-04-13T13:00,33.7,67,,,
2026-04-13T14:00,34.1,64,,,
2026-04-13T15:00,34.1,64,,,
2026-04-13T16:00,33.3,64,,,
2026-04-13T17:00,32,70,,,
2026-04-13T18:00,30.4,75,,,
2026-04-13T19:00,29.4,84,,,
2026-04-13T20:00,28.4,89,,,
2026-04-13T21:00,27.5,91,,,
2026-04-13T22:00,26.9,91,,,
2026-04-13T23:00,26.4,90,,,
2026-04-14T00:00,26.2,89,,,
2026-04-14T01:00,26.4,91,,,
2026-04-14T02:00,26.2,92,,,
2026-04-14T03:00,25.9,94,,,
2026-04-14T04:00,25.7,95,,,
2026-04-14T05:00,25.4,96,,,
2026-04-14T06:00,25.3,96,,,
2026-04-14T07:00,26.3,94,,,
2026-04-14T08:00,28,86,,,
2026-04-14T09:00,29.6,78,,,
2026-04-14T10:00,30.7,74,,,
2026-04-14T11:00,32.2,69,,,
2026-04-14T12:00,32.9,68,,,
2026-04-14T13:00,33,68,,,
2026-04-14T14:00,33.4,67,,,
2026-04-14T15:00,33.6,68,,,
2026-04-14T16:00,33,71,,,
2026-04-14T17:00,31.8,74,,,
2026-04-14T18:00,30,80,,,
2026-04-14T19:00,28.7,89,,,
2026-04-14T20:00,27.7,91,,,
2026-04-14T21:00,27,93,,,
2026-04-14T22:00,26.4,94,,,
2026-04-14T23:00,26.1,95,,,
2026-04-15T00:00,25.8,96,,,
2026-04-15T01:00,26.3,97,,,
2026-04-15T02:00,26.1,98,,,
2026-04-15T03:00,26.1,97,,,
2026-04-15T04:00,25.9,97,,,
2026-04-15T05:00,25.7,97,,,
2026-04-15T06:00,25.6,97,,,
2026-04-15T07:00,26.7,93,,,
2026-04-15T08:00,28.5,84,,,
2026-04-15T09:00,29.5,79,,,
2026-04-15T10:00,30.4,75,,,
2026-04-15T11:00,31.8,71,,,
2026-04-15T12:00,32.9,66,,,
2026-04-15T13:00,33.4,64,,,
2026-04-15T14:00,33.7,63,,,
2026-04-15T15:00,33.5,63,,,
2026-04-15T16:00,32.5,68,,,
2026-04-15T17:00,30.3,78,,,
2026-04-15T18:00,28.8,84,,,
2026-04-15T19:00,28,87,,,
2026-04-15T20:00,27.2,90,,,
2026-04-15T21:00,26.7,91,,,
2026-04-15T22:00,26.4,92,,,
2026-04-15T23:00,26.1,94,,,
2026-04-16T00:00,25.9,94,,,
2026-04-16T01:00,26.1,96,,,
2026-04-16T02:00,26.6,94,,,
2026-04-16T03:00,26.4,94,,,
2026-04-16T04:00,26.2,94,,,
2026-04-16T05:00,25.6,97,,,
2026-04-16T06:00,25.4,97,,,
2026-04-16T07:00,26.2,93,,,
2026-04-16T08:00,27.8,85,,,
2026-04-16T09:00,29.1,78,,,
2026-04-16T10:00,30.2,74,,,
2026-04-16T11:00,30.8,71,,,
2026-04-16T12:00,31.7,68,,,
2026-04-16T13:00,31.9,69,,,
2026-04-16T14:00,32.4,66,,,
2026-04-16T15:00,32.4,66,,,
2026-04-16T16:00,31.7,68,,,
2026-04-16T17:00,30.2,76,,,
2026-04-16T18:00,28.5,85,,,
2026-04-16T19:00,28.1,88,,,
2026-04-16T20:00,27.4,90,,,
2026-04-16T21:00,26.9,92,,,
2026-04-16T22:00,26.5,94,,,
2026-04-16T23:00,26.3,95,,,
2026-04-17T00:00,26.1,96,,,
2026-04-17T01:00,26.6,98,,,
2026-04-17T02:00,26.3,99,,,
2026-04-17T03:00,26.1,98,,,
2026-04-17T04:00,25.9,98,,,
2026-04-17T05:00,26,96,,,
2026-04-17T06:00,26,96,,,
2026-04-17T07:00,26.6,92,,,
2026-04-17T08:00,26.3,92,,,
2026-04-17T09:00,25.4,92,,,
2026-04-17T10:00,23.9,92,,,
2026-04-17T11:00,24.4,90,,,
2026-04-17T12:00,25.6,83,,,
2026-04-17T13:00,26.4,82,,,
2026-04-17T14:00,27.6,78,,,
2026-04-17T15:00,27.5,78,,,
2026-04-17T16:00,24.6,92,,,
2026-04-17T17:00,23.3,94,,,
2026-04-17T18:00,23.3,94,,,
2026-04-17T19:00,25.2,91,,,
2026-04-17T20:00,25.1,93,,,
2026-04-17T21:00,25.4,90,,,
2026-04-17T22:00,25.3,88,,,
2026-04-17T23:00,24.3,90,,,
2026-04-18T00:00,23.9,94,,,
2026-04-18T01:00,23.5,95,,,
2026-04-18T02:00,23.4,97,,,
2026-04-18T03:00,23.1,98,,,
2026-04-18T04:00,22.8,98,,,
2026-04-18T05:00,22.9,95,,,
2026-04-18T06:00,22.7,97,,,
2026-04-18T07:00,23.5,96,,,
2026-04-18T08:00,24.7,89,,,
2026-04-18T09:00,26,82,,,
2026-04-18T10:00,26.8,79,,,
2026-04-18T11:00,27.9,74,,,
2026-04-18T12:00,28.3,74,,,
2026-04-18T13:00,27.1,75,,,
2026-04-18T14:00,25.4,83,,,
2026-04-18T15:00,26.6,81,,,
2026-04-18T16:00,27.1,78,,,
2026-04-18T17:00,26.7,80,,,
2026-04-18T18:00,25.7,85,,,
2026-04-18T19:00,25.6,86,,,
2026-04-18T20:00,25.6,85,,,
2026-04-18T21:00,25.3,87,,,
2026-04-18T22:00,25.2,87,,,
2026-04-18T23:00,25,88,,,
2026-04-19T00:00,24.9,89,,,
2026-04-19T01:00,24.9,89,,,
2026-04-19T02:00,24.8,90,,,
2026-04-19T03:00,24.6,91,,,
2026-04-19T04:00,24.1,93,,,
2026-04-19T05:00,23.9,94,,,
2026-04-19T06:00,24,93,,,
2026-04-19T07:00,24.7,88,,,
2026-04-19T08:00,25.9,85,,,
2026-04-19T09:00,26.9,79,,,
2026-04-19T10:00,25.7,86,,,
2026-04-19T11:00,27.5,79,,,
2026-04-19T12:00,29.4,70,,,
2026-04-19T13:00,26.6,77,,,
2026-04-19T14:00,27.1,74,,,
2026-04-19T15:00,27.5,72,,,
2026-04-19T16:00,27.3,75,,,
2026-04-19T17:00,27,76,,,
2026-04-19T18:00,26.1,81,,,
2026-04-19T19:00,25.7,81,,,
2026-04-19T20:00,25.1,84,,,
2026-04-19T21:00,24.6,87,,,
2026-04-19T22:00,24.4,88,,,
2026-04-19T23:00,24.1,90,,,
2026-04-20T00:00,24.1,91,,,
2026-04-20T01:00,23.8,92,,,
2026-04-20T02:00,23.7,93,,,
2026-04-20T03:00,23.4,95,,,
2026-04-20T04:00,23.3,95,,,
2026-04-20T05:00,23.5,94,,,
2026-04-20T06:00,23.8,93,,,
2026-04-20T07:00,24.3,91,,,
2026-04-20T08:00,24.8,90,,,
2026-04-20T09:00,25.8,84,,,
2026-04-20T10:00,27.7,77,,,
2026-04-20T11:00,29,71,,,
2026-04-20T12:00,28.7,72,,,
2026-04-20T13:00,28.4,73,,,
2026-04-20T14:00,28,76,,,
2026-04-20T15:00,28.4,74,,,
2026-04-20T16:00,28.6,74,,,
2026-04-20T17:00,28.2,76,,,
2026-04-20T18:00,27,82,,,
2026-04-20T19:00,26.5,87,,,
2026-04-20T20:00,26.2,87,,,
2026-04-20T21:00,25.8,89,,,
2026-04-20T22:00,25.5,90,,,
2026-04-20T23:00,25.3,91,,,
2026-04-21T00:00,25,92,,,
2026-04-21T01:00,25.2,94,,,
2026-04-21T02:00,25.2,94,,,
2026-04-21T03:00,25,94,,,
2026-04-21T04:00,24.9,94,,,
2026-04-21T05:00,24.8,95,,,
2026-04-21T06:00,24.8,94,,,
2026-04-21T07:00,25.6,90,,,
2026-04-21T08:00,26.7,86,,,
2026-04-21T09:00,28.2,80,,,
2026-04-21T10:00,29.4,76,,,
2026-04-21T11:00,30.6,71,,,
2026-04-21T12:00,31.9,65,,,
2026-04-21T13:00,31.6,62,,,
2026-04-21T14:00,31.9,63,,,
2026-04-21T15:00,31.4,66,,,
2026-04-21T16:00,30.3,72,,,
2026-04-21T17:00,29.2,76,,,
2026-04-21T18:00,27.9,81,,,
2026-04-21T19:00,27.4,84,,,
2026-04-21T20:00,27,85,,,
2026-04-21T21:00,26.5,86,,,
2026-04-21T22:00,26.2,87,,,
2026-04-21T23:00,26.1,86,,,
2026-04-22T00:00,26,86,,,
2026-04-22T01:00,25.8,90,,,
2026-04-22T02:00,25.6,90,,,
2026-04-22T03:00,25.5,91,,,
2026-04-22T04:00,25.2,92,,,
2026-04-22T05:00,24.9,94,,,
2026-04-22T06:00,24.8,95,,,
2026-04-22T07:00,26.2,90,,,
2026-04-22T08:00,28,84,,,
2026-04-22T09:00,29.3,79,,,
2026-04-22T10:00,30.3,76,,,
2026-04-22T11:00,31.8,70,,,
2026-04-22T12:00,32.6,69,,,
2026-04-22T13:00,33.4,64,,,
2026-04-22T14:00,34.1,61,,,
2026-04-22T15:00,34.3,61,,,
2026-04-22T16:00,33.5,66,,,
2026-04-22T17:00,31.5,76,,,
2026-04-22T18:00,30.3,79,,,
2026-04-22T19:00,28.9,86,,,
2026-04-22T20:00,27.9,88,,,
2026-04-22T21:00,27.2,90,,,
2026-04-22T22:00,26.8,91,,,
2026-04-22T23:00,25.7,88,,,
2026-04-23T00:00,24.3,94,,,
2026-04-23T01:00,25.3,94,,,
2026-04-23T02:00,24.8,96,,,
2026-04-23T03:00,24.1,91,,,
2026-04-23T04:00,23.8,93,,,
2026-04-23T05:00,24.2,92,,,
2026-04-23T06:00,22.8,92,,,
2026-04-23T07:00,23.8,93,,,
2026-04-23T08:00,23.4,88,,,
2026-04-23T09:00,22.8,89,,,
2026-04-23T10:00,23.4,80,,,
2026-04-23T11:00,24.9,72,,,
2026-04-23T12:00,26.7,68,,,
2026-04-23T13:00,25.6,69,,,
2026-04-23T14:00,26.1,67,,,
2026-04-23T15:00,26.9,65,,,
2026-04-23T16:00,26.9,66,,,
2026-04-23T17:00,26.3,70,,,
2026-04-23T18:00,25.2,78,,,
2026-04-23T19:00,24.4,82,,,
2026-04-23T20:00,23.7,84,,,
2026-04-23T21:00,23.3,86,,,
2026-04-23T22:00,23.3,87,,,
2026-04-23T23:00,23.3,89,,,
2026-04-24T00:00,22.9,91,,,
2026-04-24T01:00,22.6,93,,,
2026-04-24T02:00,22.5,94,,,
2026-04-24T03:00,22.8,92,,,
2026-04-24T04:00,22.4,94,,,
2026-04-24T05:00,22.2,97,,,
2026-04-24T06:00,22.7,96,,,
2026-04-24T07:00,22.7,88,,,
2026-04-24T08:00,23.6,79,,,
2026-04-24T09:00,24.6,72,,,
2026-04-24T10:00,25,72,,,
2026-04-24T11:00,25.3,72,,,
2026-04-24T12:00,26,71,,,
2026-04-24T13:00,27.2,64,,,
2026-04-24T14:00,27.9,62,,,
2026-04-24T15:00,27.9,62,,,
2026-04-24T16:00,27.5,64,,,
2026-04-24T17:00,27.1,72,,,
2026-04-24T18:00,26.3,76,,,
2026-04-24T19:00,25,83,,,
2026-04-24T20:00,24.8,83,,,
2026-04-24T21:00,24.3,86,,,
2026-04-24T22:00,23.5,90,,,
2026-04-24T23:00,23.1,93,,,
2026-04-25T00:00,23.1,94,,,
2026-04-25T01:00,23.3,91,,,
2026-04-25T02:00,23.6,89,,,
2026-04-25T03:00,23.6,88,,,
2026-04-25T04:00,22.5,94,,,
2026-04-25T05:00,22.1,94,,,
2026-04-25T06:00,22.4,95,,,
2026-04-25T07:00,23.7,89,,,
2026-04-25T08:00,25.1,82,,,
2026-04-25T09:00,26.4,73,,,
2026-04-25T10:00,27.1,68,,,
2026-04-25T11:00,28.1,64,,,
2026-04-25T12:00,28.9,60,,,
2026-04-25T13:00,29,57,,,
2026-04-25T14:00,29.3,57,,,
2026-04-25T15:00,29.2,56,,,
2026-04-25T16:00,29.2,55,,,
2026-04-25T17:00,28.3,64,,,
2026-04-25T18:00,27.1,71,,,
2026-04-25T19:00,25.7,81,,,
2026-04-25T20:00,25.3,83,,,
2026-04-25T21:00,24.5,85,,,
2026-04-25T22:00,23.9,89,,,
2026-04-25T23:00,23.5,92,,,
2026-04-26T00:00,23.1,94,,,
2026-04-26T01:00,23.5,93,,,
2026-04-26T02:00,23.4,94,,,
2026-04-26T03:00,23.1,95,,,
2026-04-26T04:00,22.7,96,,,
2026-04-26T05:00,22.6,97,,,
2026-04-26T06:00,22.6,98,,,
2026-04-26T07:00,23.3,95,,,
2026-04-26T08:00,25,87,,,
2026-04-26T09:00,26.2,79,,,
2026-04-26T10:00,27.6,68,,,
2026-04-26T11:00,28.5,64,,,
2026-04-26T12:00,29.4,59,,,
2026-04-26T13:00,28.5,60,,,
2026-04-26T14:00,28.8,60,,,
2026-04-26T15:00,28.8,61,,,
2026-04-26T16:00,27.7,69,,,
2026-04-26T17:00,26.6,76,,,
2026-04-26T18:00,25.8,82,,,
2026-04-26T19:00,25,87,,,
2026-04-26T20:00,24.7,89,,,
2026-04-26T21:00,24.3,91,,,
2026-04-26T22:00,24,92,,,
2026-04-26T23:00,23.7,94,,,
2026-04-27T00:00,23.4,95,,,
2026-04-27T01:00,24,96,,,
2026-04-27T02:00,23.7,96,,,
2026-04-27T03:00,23.6,96,,,
2026-04-27T04:00,23.5,96,,,
2026-04-27T05:00,23.5,96,,,
2026-04-27T06:00,23.5,97,,,
2026-04-27T07:00,24.3,94,,,
2026-04-27T08:00,26,87,,,
2026-04-27T09:00,27.7,76,,,
2026-04-27T10:00,29,69,,,
2026-04-27T11:00,29.6,66,,,
2026-04-27T12:00,30.4,62,,,
2026-04-27T13:00,30.9,59,,,
2026-04-27T14:00,31.4,59,,,
2026-04-27T15:00,31.3,59,,,
2026-04-27T16:00,30.3,65,,,
2026-04-27T17:00,29.3,71,,,
2026-04-27T18:00,27.7,80,,,
2026-04-27T19:00,26.3,84,,,
2026-04-27T20:00,25.7,86,,,
2026-04-27T21:00,25.4,87,,,
2026-04-27T22:00,25,90,,,
2026-04-27T23:00,24.7,94,,,
2026-04-28T00:00,24.5,96,,,
2026-04-28T01:00,24.3,97,,,
2026-04-28T02:00,24.6,96,,,
2026-04-28T03:00,24.8,96,,,
2026-04-28T04:00,24.8,97,,,
2026-04-28T05:00,24.8,97,,,
2026-04-28T06:00,24.9,96,,,
2026-04-28T07:00,25.3,93,,,
2026-04-28T08:00,26.2,88,,,
2026-04-28T09:00,27.8,79,,,
2026-04-28T10:00,28.6,77,,,
2026-04-28T11:00,30.6,66,,,
2026-04-28T12:00,31.3,68,,,
2026-04-28T13:00,31.7,65,,,
2026-04-28T14:00,31.9,64,,,
2026-04-28T15:00,31.2,67,,,
2026-04-28T16:00,30.8,71,,,
2026-04-28T17:00,30.4,73,,,
2026-04-28T18:00,28.9,82,,,
2026-04-28T19:00,28,80,,,
2026-04-28T20:00,27.4,81,,,
2026-04-28T21:00,27,87,,,
2026-04-28T22:00,26.4,88,,,
2026-04-28T23:00,26,90,,,
2026-04-29T00:00,25.4,92,,,
2026-04-29T01:00,25.7,92,,,
2026-04-29T02:00,24.2,92,,,
2026-04-29T03:00,23.4,91,,,
2026-04-29T04:00,22.6,93,,,
2026-04-29T05:00,22.9,93,,,
2026-04-29T06:00,22.6,91,,,
2026-04-29T07:00,23.1,76,,,
2026-04-29T08:00,23.8,71,,,
2026-04-29T09:00,23.3,70,,,
2026-04-29T10:00,24,63,,,
2026-04-29T11:00,25.4,55,,,
2026-04-29T12:00,26.6,57,,,
2026-04-29T13:00,27.2,52,,,
2026-04-29T14:00,28.1,49,,,
2026-04-29T15:00,28.6,48,,,
2026-04-29T16:00,27.3,59,,,
2026-04-29T17:00,26.9,62,,,
2026-04-29T18:00,25.7,66,,,
2026-04-29T19:00,24.9,66,,,
2026-04-29T20:00,24.4,62,,,
2026-04-29T21:00,23.5,61,,,
2026-04-29T22:00,22.3,69,,,
2026-04-29T23:00,22.1,72,,,
2026-04-30T00:00,21.8,71,,,
2026-04-30T01:00,22.6,70,,,
2026-04-30T02:00,22.6,67,,,
2026-04-30T03:00,22.2,63,,,
2026-04-30T04:00,21.3,64,,,
2026-04-30T05:00,20.7,66,,,
2026-04-30T06:00,20.1,71,,,
2026-04-30T07:00,21.4,71,,,
2026-04-30T08:00,22.5,59,,,
2026-04-30T09:00,23.2,57,,,
2026-04-30T10:00,24.3,55,,,
2026-04-30T11:00,25.2,55,,,
2026-04-30T12:00,25.9,55,,,
2026-04-30T13:00,25.9,55,,,
2026-04-30T14:00,26.4,55,,,
2026-04-30T15:00,26,56,,,
2026-04-30T16:00,26.4,55,,,
2026-04-30T17:00,25.6,61,,,
2026-04-30T18:00,24,67,,,
2026-04-30T19:00,22.9,75,,,
2026-04-30T20:00,22.5,73,,,
2026-04-30T21:00,22.7,72,,,
2026-04-30T22:00,22.4,77,,,
2026-04-30T23:00,21.9,82,,,
2026-05-01T00:00,21.3,86,,,
2026-05-01T01:00,21.3,87,,,
2026-05-01T02:00,21.1,88,,,
2026-05-01T03:00,20.8,90,,,
2026-05-01T04:00,20.5,92,,,
2026-05-01T05:00,20.1,94,,,
2026-05-01T06:00,20.5,93,,,
2026-05-01T07:00,21.8,89,,,
2026-05-01T08:00,23.8,78,,,
2026-05-01T09:00,25.4,70,,,
2026-05-01T10:00,26.3,66,,,
2026-05-01T11:00,26.3,66,,,
2026-05-01T12:00,26.9,65,,,
2026-05-01T13:00,27.4,64,,,
2026-05-01T14:00,27.9,61,,,
2026-05-01T15:00,28.1,61,,,
2026-05-01T16:00,27.5,66,,,
2026-05-01T17:00,27,67,,,
2026-05-01T18:00,25.3,74,,,
2026-05-01T19:00,24.5,77,,,
2026-05-01T20:00,24.1,79,,,
2026-05-01T21:00,23.6,84,,,
2026-05-01T22:00,23.3,87,,,
2026-05-01T23:00,23.1,89,,,
2026-05-02T00:00,23,90,,,
2026-05-02T01:00,22.9,93,,,
2026-05-02T02:00,22.8,94,,,
2026-05-02T03:00,22.7,95,,,
2026-05-02T04:00,22.7,94,,,
2026-05-02T05:00,22.5,95,,,
2026-05-02T06:00,22.8,94,,,
2026-05-02T07:00,24,90,,,
2026-05-02T08:00,25.8,83,,,
2026-05-02T09:00,27.4,76,,,
2026-05-02T10:00,28.1,76,,,
2026-05-02T11:00,29.4,70,,,
2026-05-02T12:00,30.3,68,,,
2026-05-02T13:00,31.6,62,,,
2026-05-02T14:00,27.1,82,,,
2026-05-02T15:00,26.3,89,,,
2026-05-02T16:00,27.9,85,,,
2026-05-02T17:00,27,88,,,
2026-05-02T18:00,27,89,,,
2026-05-02T19:00,23.8,96,,,
2026-05-02T20:00,24.6,94,,,
2026-05-02T21:00,24.6,97,,,
2026-05-02T22:00,24.1,96,,,
2026-05-02T23:00,23.7,97,,,
2026-05-03T00:00,23.5,97,,,
2026-05-03T01:00,23.7,98,,,
2026-05-03T02:00,23.4,99,,,
2026-05-03T03:00,23.5,98,,,
2026-05-03T04:00,23.5,99,,,
2026-05-03T05:00,23.3,99,,,
2026-05-03T06:00,23.9,99,,,
2026-05-03T07:00,24.3,98,,,
2026-05-03T08:00,24.9,96,,,
2026-05-03T09:00,25.5,93,,,
2026-05-03T10:00,25.9,92,,,
2026-05-03T11:00,27.3,84,,,
2026-05-03T12:00,27.2,85,,,
2026-05-03T13:00,26.6,80,,,
2026-05-03T14:00,27.7,76,,,
2026-05-03T15:00,27.7,73,,,
2026-05-03T16:00,27.1,75,,,
2026-05-03T17:00,26.5,75,,,
2026-05-03T18:00,25.7,75,,,
2026-05-03T19:00,24.9,82,,,
2026-05-03T20:00,24.2,83,,,
2026-05-03T21:00,23.3,85,,,
2026-05-03T22:00,22.4,88,,,
2026-05-03T23:00,21.9,88,,,
2026-05-04T00:00,21.2,92,,,
2026-05-04T01:00,21.4,91,,,
2026-05-04T02:00,20.9,89,,,
2026-05-04T03:00,20.7,90,,,
2026-05-04T04:00,20.2,90,,,
2026-05-04T05:00,20.1,86,,,
2026-05-04T06:00,19.7,91,,,
2026-05-04T07:00,21.6,78,,,
2026-05-04T08:00,21.9,72,,,
2026-05-04T09:00,23,65,,,
2026-05-04T10:00,24.5,58,,,
2026-05-04T11:00,25.1,58,,,
2026-05-04T12:00,26,59,,,
2026-05-04T13:00,26.8,56,,,
2026-05-04T14:00,26.8,56,,,
2026-05-04T15:00,27.9,53,,,
2026-05-04T16:00,27.4,56,,,
2026-05-04T17:00,26.1,66,,,
2026-05-04T18:00,24.7,72,,,
2026-05-04T19:00,23.9,78,,,
2026-05-04T20:00,23.5,77,,,
2026-05-04T21:00,23.1,79,,,
2026-05-04T22:00,22.4,84,,,
2026-05-04T23:00,22.1,87,,,
2026-05-05T00:00,21.6,90,,,
2026-05-05T01:00,22,91,,,
2026-05-05T02:00,21.7,93,,,
2026-05-05T03:00,21.4,94,,,
2026-05-05T04:00,21.2,95,,,
2026-05-05T05:00,20.8,97,,,
2026-05-05T06:00,21.3,97,,,
2026-05-05T07:00,22.5,92,,,
2026-05-05T08:00,24.3,83,,,
2026-05-05T09:00,25.8,74,,,
2026-05-05T10:00,26.9,68,,,
2026-05-05T11:00,27.7,66,,,
2026-05-05T12:00,28.3,63,,,
2026-05-05T13:00,28.8,59,,,
2026-05-05T14:00,29.5,55,,,
2026-05-05T15:00,28.9,60,,,
2026-05-05T16:00,28.7,61,,,
2026-05-05T17:00,28.3,66,,,
2026-05-05T18:00,26.9,72,,,
2026-05-05T19:00,26.1,77,,,
2026-05-05T20:00,25.3,82,,,
2026-05-05T21:00,24.8,84,,,
2026-05-05T22:00,24.5,85,,,
2026-05-05T23:00,24.2,86,,,
2026-05-06T00:00,24,88,,,
2026-05-06T01:00,23.9,91,,,
2026-05-06T02:00,23.8,92,,,
2026-05-06T03:00,23.6,94,,,
2026-05-06T04:00,23.5,96,,,
2026-05-06T05:00,23.3,97,,,
2026-05-06T06:00,23.5,97,,,
2026-05-06T07:00,24.5,91,,,
2026-05-06T08:00,26.3,83,,,
2026-05-06T09:00,27.7,74,,,
2026-05-06T10:00,28.6,73,,,
2026-05-06T11:00,29.8,68,,,
2026-05-06T12:00,30.4,66,,,
2026-05-06T13:00,30.4,65,,,
2026-05-06T14:00,30.6,66,,,
2026-05-06T15:00,30.3,67,,,
2026-05-06T16:00,29.6,70,,,
2026-05-06T17:00,28.7,74,,,
2026-05-06T18:00,27.5,78,,,
2026-05-06T19:00,27.1,80,,,
2026-05-06T20:00,26.7,82,,,
2026-05-06T21:00,26.3,86,,,
2026-05-06T22:00,25.9,88,,,
2026-05-06T23:00,25.6,90,,,
2026-05-07T00:00,25.3,93,,,
2026-05-07T01:00,25.5,95,,,
2026-05-07T02:00,25.5,95,,,
2026-05-07T03:00,25.3,96,,,
2026-05-07T04:00,25.2,97,,,
2026-05-07T05:00,25.1,97,,,
2026-05-07T06:00,25.2,96,,,
2026-05-07T07:00,26.2,92,,,
2026-05-07T08:00,27.6,84,,,
2026-05-07T09:00,28.2,81,,,
2026-05-07T10:00,29.4,78,,,
2026-05-07T11:00,30.5,73,,,
2026-05-07T12:00,28.6,78,,,
2026-05-07T13:00,27.4,83,,,
2026-05-07T14:00,28.8,79,,,
2026-05-07T15:00,29,79,,,
2026-05-07T16:00,28.5,79,,,
2026-05-07T17:00,26.5,88,,,
2026-05-07T18:00,26.1,90,,,
2026-05-07T19:00,25.8,94,,,
2026-05-07T20:00,25.6,96,,,
2026-05-07T21:00,25.4,96,,,
2026-05-07T22:00,25.2,97,,,
2026-05-07T23:00,24.9,96,,,
2026-05-08T00:00,24,98,,,
2026-05-08T01:00,24.2,96,,,
2026-05-08T02:00,24.2,96,,,
2026-05-08T03:00,24.2,96,,,
2026-05-08T04:00,24.1,96,,,
2026-05-08T05:00,23.6,96,,,
2026-05-08T06:00,23.3,96,,,
2026-05-08T07:00,24.4,94,,,
2026-05-08T08:00,25.2,91,,,
2026-05-08T09:00,25.9,88,,,
2026-05-08T10:00,26.7,82,,,
2026-05-08T11:00,28.3,74,,,
2026-05-08T12:00,28.6,71,,,
2026-05-08T13:00,28.7,72,,,
2026-05-08T14:00,28.9,70,,,
2026-05-08T15:00,28.6,70,,,
2026-05-08T16:00,28.5,70,,,
2026-05-08T17:00,27.8,72,,,
2026-05-08T18:00,26.8,77,,,
2026-05-08T19:00,25.6,88,,,
2026-05-08T20:00,25.2,91,,,
2026-05-08T21:00,24.8,94,,,
2026-05-08T22:00,24.4,95,,,
2026-05-08T23:00,24.3,96,,,
2026-05-09T00:00,24,97,,,
2026-05-09T01:00,24.3,99,,,
2026-05-09T02:00,24.2,99,,,
2026-05-09T03:00,24.5,94,,,
2026-05-09T04:00,24.5,80,,,
2026-05-09T05:00,24.2,76,,,
2026-05-09T06:00,23.9,76,,,
2026-05-09T07:00,24.3,74,,,
2026-05-09T08:00,24.6,71,,,
2026-05-09T09:00,25,71,,,
2026-05-09T10:00,25.4,72,,,
2026-05-09T11:00,25,78,,,
2026-05-09T12:00,25.5,77,,,
2026-05-09T13:00,25.7,75,,,
2026-05-09T14:00,27,71,,,
2026-05-09T15:00,27.4,70,,,
2026-05-09T16:00,27.5,70,,,
2026-05-09T17:00,27,73,,,
2026-05-09T18:00,25.9,80,,,
2026-05-09T19:00,25.1,83,,,
2026-05-09T20:00,24.6,85,,,
2026-05-09T21:00,24.1,87,,,
2026-05-09T22:00,23.9,87,,,
2026-05-09T23:00,23.6,87,,,
2026-05-10T00:00,23.4,86,,,
2026-05-10T01:00,23.7,86,,,
2026-05-10T02:00,23.8,85,,,
2026-05-10T03:00,23.5,86,,,
2026-05-10T04:00,23.3,83,,,
2026-05-10T05:00,23.2,81,,,
2026-05-10T06:00,23.2,80,,,
2026-05-10T07:00,23.5,80,,,
2026-05-10T08:00,24,77,,,
2026-05-10T09:00,24.3,76,,,
2026-05-10T10:00,25.5,73,,,
2026-05-10T11:00,26.7,70,,,
2026-05-10T12:00,28,67,,,
2026-05-10T13:00,26.6,70,,,
2026-05-10T14:00,26,74,,,
2026-05-10T15:00,26.3,73,,,
2026-05-10T16:00,25.7,76,,,
2026-05-10T17:00,25.4,79,,,
2026-05-10T18:00,25.1,83,,,
2026-05-10T19:00,24.1,90,,,
2026-05-10T20:00,23.6,92,,,
2026-05-10T21:00,23.8,91,,,
2026-05-10T22:00,23.6,91,,,
2026-05-10T23:00,23.5,93,,,
2026-05-11T00:00,23.3,94,,,
2026-05-11T01:00,24.2,91,,,
2026-05-11T02:00,23.9,92,,,
2026-05-11T03:00,23.5,96,,,
2026-05-11T04:00,23.1,97,,,
2026-05-11T05:00,22.8,96,,,
2026-05-11T06:00,23.3,96,,,
2026-05-11T07:00,24.6,89,,,
2026-05-11T08:00,26.3,80,,,
2026-05-11T09:00,27.8,74,,,
2026-05-11T10:00,28.4,72,,,
2026-05-11T11:00,29.6,67,,,
2026-05-11T12:00,29.8,68,,,
2026-05-11T13:00,30.5,62,,,
2026-05-11T14:00,30.7,63,,,
2026-05-11T15:00,30.6,65,,,
2026-05-11T16:00,30.1,67,,,
2026-05-11T17:00,29.2,73,,,
2026-05-11T18:00,28.2,78,,,
2026-05-11T19:00,27.1,84,,,
2026-05-11T20:00,26.5,86,,,
2026-05-11T21:00,25.9,90,,,
2026-05-11T22:00,25.4,92,,,
2026-05-11T23:00,25.1,94,,,
2026-05-12T00:00,24.7,96,,,
2026-05-12T01:00,25,96,,,
2026-05-12T02:00,24.9,96,,,
2026-05-12T03:00,24.7,97,,,
2026-05-12T04:00,24.6,97,,,
2026-05-12T05:00,24.6,97,,,
2026-05-12T06:00,24.9,96,,,
2026-05-12T07:00,25.8,92,,,
2026-05-12T08:00,27.7,81,,,
2026-05-12T09:00,28.8,75,,,
2026-05-12T10:00,29.9,71,,,
2026-05-12T11:00,30.8,69,,,
2026-05-12T12:00,31.7,66,,,
2026-05-12T13:00,31.3,71,,,
2026-05-12T14:00,29.3,81,,,
2026-05-12T15:00,29.8,79,,,
2026-05-12T16:00,28.8,83,,,
2026-05-12T17:00,28.1,85,,,
2026-05-12T18:00,27.1,89,,,
2026-05-12T19:00,28,88,,,
2026-05-12T20:00,27.5,90,,,
2026-05-12T21:00,27.2,90,,,
2026-05-12T22:00,26.9,90,,,
2026-05-12T23:00,26.6,91,,,
2026-05-13T00:00,26.5,92,,,
2026-05-13T01:00,26.8,93,,,
2026-05-13T02:00,26.5,94,,,
2026-05-13T03:00,26.3,94,,,
2026-05-13T04:00,26.1,94,,,
2026-05-13T05:00,26,95,,,
2026-05-13T06:00,26.1,95,,,
2026-05-13T07:00,27.3,91,,,
2026-05-13T08:00,28.7,83,,,
2026-05-13T09:00,29.7,79,,,
2026-05-13T10:00,30.9,75,,,
2026-05-13T11:00,31.8,71,,,
2026-05-13T12:00,32.5,67,,,
2026-05-13T13:00,32.1,65,,,
2026-05-13T14:00,30.9,73,,,
2026-05-13T15:00,29.2,81,,,
2026-05-13T16:00,29.5,81,,,
2026-05-13T17:00,29.8,83,,,
2026-05-13T18:00,29.3,84,,,
2026-05-13T19:00,29.1,84,,,
2026-05-13T20:00,28.6,86,,,
2026-05-13T21:00,28.4,89,,,
2026-05-13T22:00,28.2,87,,,
2026-05-13T23:00,28,87,,,
2026-05-14T00:00,27.8,87,,,
2026-05-14T01:00,27.5,90,,,
2026-05-14T02:00,27.1,92,,,
2026-05-14T03:00,26.8,93,,,
2026-05-14T04:00,26.6,94,,,
2026-05-14T05:00,26.3,95,,,
2026-05-14T06:00,26.5,95,,,
2026-05-14T07:00,28.5,91,,,
2026-05-14T08:00,30.2,85,,,
2026-05-14T09:00,32,70,,,
2026-05-14T10:00,33,60,,,
2026-05-14T11:00,33.4,59,,,
2026-05-14T12:00,34,58,,,
2026-05-14T13:00,34.4,56,,,
2026-05-14T14:00,34.8,53,,,
2026-05-14T15:00,34.8,52,,,
2026-05-14T16:00,33.9,60,,,
2026-05-14T17:00,32.7,68,,,
2026-05-14T18:00,31.7,71,,,
2026-05-14T19:00,30.9,70,,,
2026-05-14T20:00,30.5,72,,,
2026-05-14T21:00,29.8,78,,,
2026-05-14T22:00,29.4,79,,,
2026-05-14T23:00,28.9,80,,,
2026-05-15T00:00,28.5,81,,,
2026-05-15T01:00,28.2,84,,,
2026-05-15T02:00,27.6,87,,,
2026-05-15T03:00,27.4,86,,,
2026-05-15T04:00,27.2,84,,,
2026-05-15T05:00,27,86,,,
2026-05-15T06:00,27.1,88,,,
2026-05-15T07:00,28.1,87,,,
2026-05-15T08:00,29.9,80,,,
2026-05-15T09:00,31.2,75,,,
2026-05-15T10:00,32.1,68,,,
2026-05-15T11:00,32.7,64,,,
2026-05-15T12:00,33.7,60,,,
2026-05-15T13:00,33.9,58,,,
2026-05-15T14:00,33.9,59,,,
2026-05-15T15:00,34.1,58,,,
2026-05-15T16:00,33.8,59,,,
2026-05-15T17:00,33.2,66,,,
2026-05-15T18:00,31.8,76,,,
2026-05-15T19:00,31.1,80,,,
2026-05-15T20:00,30.7,77,,,
2026-05-15T21:00,30.2,75,,,
2026-05-15T22:00,29.8,74,,,
2026-05-15T23:00,29.7,76,,,
2026-05-16T00:00,29.3,80,,,
2026-05-16T01:00,29,87,,,
2026-05-16T02:00,28.4,90,,,
2026-05-16T03:00,28.1,92,,,
2026-05-16T04:00,28.1,92,,,
2026-05-16T05:00,27.9,93,,,
2026-05-16T06:00,27.9,94,,,
2026-05-16T07:00,29.5,89,,,
2026-05-16T08:00,31.2,80,,,
2026-05-16T09:00,32.3,72,,,
2026-05-16T10:00,32.7,69,,,
2026-05-16T11:00,30.6,77,,,
2026-05-16T12:00,28.9,85,,,
2026-05-16T13:00,27.5,92,,,
2026-05-16T14:00,27,96,,,
2026-05-16T15:00,28.1,92,,,
2026-05-16T16:00,27.7,92,,,
2026-05-16T17:00,26.8,93,,,
2026-05-16T18:00,26.1,95,,,
2026-05-16T19:00,27.4,95,,,
2026-05-16T20:00,26.3,95,,,
2026-05-16T21:00,25.9,97,,,
2026-05-16T22:00,25.7,96,,,
2026-05-16T23:00,25,97,,,
2026-05-17T00:00,25,97,,,
2026-05-17T01:00,25.2,98,,,
2026-05-17T02:00,25.4,97,,,
2026-05-17T03:00,25.5,97,,,
2026-05-17T04:00,25.6,99,,,
2026-05-17T05:00,25.2,98,,,
2026-05-17T06:00,25.1,97,,,
2026-05-17T07:00,26.2,96,,,
2026-05-17T08:00,26.3,93,,,
2026-05-17T09:00,26.6,93,,,
2026-05-17T10:00,27.9,87,,,
2026-05-17T11:00,29.3,83,,,
2026-05-17T12:00,30,81,,,
2026-05-17T13:00,28.9,86,,,
2026-05-17T14:00,27,89,,,
2026-05-17T15:00,27.6,90,,,
2026-05-17T16:00,28,88,,,
2026-05-17T17:00,28,87,,,
2026-05-17T18:00,27.4,90,,,
2026-05-17T19:00,27.5,89,,,
2026-05-17T20:00,27.2,89,,,
2026-05-17T21:00,27,89,,,
2026-05-17T22:00,26.7,91,,,
2026-05-17T23:00,26.3,93,,,
2026-05-18T00:00,25.7,96,,,
2026-05-18T01:00,25.2,98,,,
2026-05-18T02:00,24.9,99,,,
2026-05-18T03:00,25,99,,,
2026-05-18T04:00,25.1,98,,,
2026-05-18T05:00,25.1,99,,,
2026-05-18T06:00,25.3,98,,,
2026-05-18T07:00,26.1,97,,,
2026-05-18T08:00,27.5,88,,,
2026-05-18T09:00,28.5,84,,,
2026-05-18T10:00,29.8,80,,,
2026-05-18T11:00,30.5,77,,,
2026-05-18T12:00,31.5,74,,,
2026-05-18T13:00,26.4,95,,,
2026-05-18T14:00,26.7,94,,,
2026-05-18T15:00,27.6,90,,,
2026-05-18T16:00,28.3,88,,,
2026-05-18T17:00,28.4,88,,,
2026-05-18T18:00,28,90,,,
2026-05-18T19:00,27.1,95,,,
2026-05-18T20:00,26.7,96,,,
2026-05-18T21:00,26.5,97,,,
2026-05-18T22:00,26.3,97,,,
2026-05-18T23:00,26.1,96,,,
2026-05-19T00:00,25.9,97,,,
2026-05-19T01:00,26,97,,,
2026-05-19T02:00,25.5,99,,,
2026-05-19T03:00,25.5,98,,,
2026-05-19T04:00,24.8,97,,,
2026-05-19T05:00,24.4,98,,,
2026-05-19T06:00,24.7,97,,,
2026-05-19T07:00,25.7,98,,,
2026-05-19T08:00,25.6,97,,,
2026-05-19T09:00,25.7,96,,,
2026-05-19T10:00,27.9,86,,,
2026-05-19T11:00,28.4,85,,,
2026-05-19T12:00,30.2,78,,,
2026-05-19T13:00,29.7,84,,,
2026-05-19T14:00,28.3,89,,,
2026-05-19T15:00,29.9,80,,,
2026-05-19T16:00,29.9,80,,,
2026-05-19T17:00,29.4,80,,,
2026-05-19T18:00,28.5,88,,,
2026-05-19T19:00,29,83,,,
2026-05-19T20:00,28.5,86,,,
2026-05-19T21:00,28.3,90,,,
2026-05-19T22:00,27.9,92,,,
2026-05-19T23:00,26.6,96,,,
2026-05-20T00:00,26.3,97,,,
2026-05-20T01:00,26.5,96,,,
2026-05-20T02:00,26.3,95,,,
2026-05-20T03:00,25.9,97,,,
2026-05-20T04:00,25.2,96,,,
2026-05-20T05:00,25.3,97,,,
2026-05-20T06:00,25.6,97,,,
2026-05-20T07:00,25.6,96,,,
2026-05-20T08:00,25.9,95,,,
2026-05-20T09:00,27.4,89,,,
2026-05-20T10:00,29.2,79,,,
2026-05-20T11:00,30.1,78,,,
2026-05-20T12:00,27.7,87,,,
2026-05-20T13:00,27.1,93,,,
2026-05-20T14:00,27.8,92,,,
2026-05-20T15:00,29.4,81,,,
2026-05-20T16:00,28.8,83,,,
2026-05-20T17:00,28.6,85,,,
2026-05-20T18:00,27.8,89,,,
2026-05-20T19:00,27.7,92,,,
2026-05-20T20:00,27.7,93,,,
2026-05-20T21:00,27.2,95,,,
2026-05-20T22:00,26.9,96,,,
2026-05-20T23:00,27.1,96,,,
2026-05-21T00:00,26.1,96,,,
2026-05-21T01:00,26.3,97,,,
2026-05-21T02:00,25.8,98,,,
2026-05-21T03:00,25.8,97,,,
2026-05-21T04:00,25.8,97,,,
2026-05-21T05:00,25.6,98,,,
2026-05-21T06:00,25.6,98,,,
2026-05-21T07:00,27,96,,,
2026-05-21T08:00,27.5,92,,,
2026-05-21T09:00,27.7,91,,,
2026-05-21T10:00,27.5,89,,,
2026-05-21T11:00,27.5,91,,,
2026-05-21T12:00,28.7,85,,,
2026-05-21T13:00,30.1,84,,,
2026-05-21T14:00,28,88,,,
2026-05-21T15:00,27.4,93,,,
2026-05-21T16:00,27.6,94,,,
2026-05-21T17:00,27.4,94,,,
2026-05-21T18:00,27,96,,,
2026-05-21T19:00,28,94,,,
2026-05-21T20:00,27.5,95,,,
2026-05-21T21:00,26.6,96,,,
2026-05-21T22:00,26.8,97,,,
2026-05-21T23:00,27,97,,,
2026-05-22T00:00,27.3,96,,,
2026-05-22T01:00,27.5,95,,,
2026-05-22T02:00,27.1,96,,,
2026-05-22T03:00,26.8,96,,,
2026-05-22T04:00,26.7,96,,,
2026-05-22T05:00,26.8,95,,,
2026-05-22T06:00,27.1,94,,,
2026-05-22T07:00,28.5,91,,,
2026-05-22T08:00,28.7,92,,,
2026-05-22T09:00,30.2,83,,,
2026-05-22T10:00,31.2,77,,,
2026-05-22T11:00,32.1,73,,,
2026-05-22T12:00,32.2,72,,,
2026-05-22T13:00,31.1,76,,,
2026-05-22T14:00,30.2,80,,,
2026-05-22T15:00,30.9,77,,,
2026-05-22T16:00,30.9,80,,,
2026-05-22T17:00,30.9,80,,,
2026-05-22T18:00,30.4,82,,,
2026-05-22T19:00,29.8,81,,,
2026-05-22T20:00,29.4,82,,,
2026-05-22T21:00,29.4,82,,,
2026-05-22T22:00,29,81,,,
2026-05-22T23:00,28.9,81,,,
2026-05-23T00:00,28.9,82,,,
2026-05-23T01:00,28.8,85,,,
2026-05-23T02:00,28.4,86,,,
2026-05-23T03:00,28.4,84,,,
2026-05-23T04:00,28.1,82,,,
2026-05-23T05:00,27.8,80,,,
2026-05-23T06:00,27.8,80,,,
2026-05-23T07:00,28.9,80,,,
2026-05-23T08:00,30.3,77,,,
2026-05-23T09:00,32,73,,,
2026-05-23T10:00,33.6,63,,,
2026-05-23T11:00,34.2,60,,,
2026-05-23T12:00,34.4,60,,,
2026-05-23T13:00,34.9,57,,,
2026-05-23T14:00,35.3,54,,,
2026-05-23T15:00,35.1,55,,,
2026-05-23T16:00,34,63,,,
2026-05-23T17:00,32.7,71,,,
2026-05-23T18:00,32.1,75,,,
2026-05-23T19:00,30.9,77,,,
2026-05-23T20:00,30.8,80,,,
2026-05-23T21:00,30.4,77,,,
2026-05-23T22:00,30.1,75,,,
2026-05-23T23:00,29.9,75,,,
2026-05-24T00:00,29.6,78,,,
2026-05-24T01:00,29.7,78,,,
2026-05-24T02:00,29.2,78,,,
2026-05-24T03:00,28.7,77,,,
2026-05-24T04:00,28.3,77,,,
2026-05-24T05:00,28,78,,,
2026-05-24T06:00,28.1,79,,,
2026-05-24T07:00,29.1,80,,,
2026-05-24T08:00,30.7,76,,,
2026-05-24T09:00,32.5,71,,,
2026-05-24T10:00,34,61,,,
2026-05-24T11:00,34.6,57,,,
2026-05-24T12:00,35.1,57,,,
2026-05-24T13:00,35.8,53,,,
2026-05-24T14:00,36.1,51,,,
2026-05-24T15:00,35.6,53,,,
2026-05-24T16:00,34,65,,,
2026-05-24T17:00,33.7,67,,,
2026-05-24T18:00,32.2,70,,,
2026-05-24T19:00,32.1,72,,,
2026-05-24T20:00,31.3,79,,,
2026-05-24T21:00,30.8,79,,,
2026-05-24T22:00,30.5,79,,,
2026-05-24T23:00,30.3,78,,,
2026-05-25T00:00,30.2,74,,,
2026-05-25T01:00,30.2,74,,,
2026-05-25T02:00,29.6,75,,,
2026-05-25T03:00,29.3,75,,,
2026-05-25T04:00,29.3,73,,,
2026-05-25T05:00,29.3,73,,,
2026-05-25T06:00,29.3,73,,,
2026-05-25T07:00,30.2,76,,,
2026-05-25T08:00,31.9,73,,,
2026-05-25T09:00,33.6,64,,,
2026-05-25T10:00,34.6,55,,,
2026-05-25T11:00,35.1,56,,,
2026-05-25T12:00,36,52,,,
2026-05-25T13:00,36.5,48,,,
2026-05-25T14:00,36.9,47,,,
2026-05-25T15:00,37,47,,,
2026-05-25T16:00,36.5,53,,,
2026-05-25T17:00,34,66,,,
2026-05-25T18:00,33.1,70,,,
2026-05-25T19:00,32.7,74,,,
2026-05-25T20:00,31.7,77,,,
2026-05-25T21:00,31.1,77,,,
2026-05-25T22:00,30.8,77,,,
2026-05-25T23:00,30.7,77,,,
2026-05-26T00:00,30.6,74,,,
2026-05-26T01:00,30.4,77,,,
2026-05-26T02:00,30.4,72,,,
2026-05-26T03:00,29.9,72,,,
2026-05-26T04:00,29.3,76,,,
2026-05-26T05:00,29,77,,,
2026-05-26T06:00,29.1,75,,,
2026-05-26T07:00,31,72,,,
2026-05-26T08:00,32.6,67,,,
2026-05-26T09:00,33.6,57,,,
2026-05-26T10:00,34.4,55,,,
2026-05-26T11:00,35.1,53,,,
2026-05-26T12:00,35.8,52,,,
2026-05-26T13:00,36.6,49,,,
2026-05-26T14:00,36.9,47,,,
2026-05-26T15:00,37.2,46,,,
2026-05-26T16:00,36.7,50,,,
2026-05-26T17:00,35.6,61,,,
2026-05-26T18:00,33.5,69,,,
2026-05-26T19:00,33.1,67,,,
2026-05-26T20:00,32.2,69,,,
2026-05-26T21:00,31.3,75,,,
2026-05-26T22:00,31,77,,,
2026-05-26T23:00,30.7,77,,,
2026-05-27T00:00,30.6,76,,,
2026-05-27T01:00,30.3,76,,,
2026-05-27T02:00,29.8,76,,,
2026-05-27T03:00,29.4,77,,,
2026-05-27T04:00,29.1,77,,,
2026-05-27T05:00,28.8,78,,,
2026-05-27T06:00,29,79,,,
2026-05-27T07:00,30.8,79,,,
2026-05-27T08:00,32.4,76,,,
2026-05-27T09:00,34.1,66,,,
2026-05-27T10:00,35.3,54,,,
2026-05-27T11:00,35.9,53,,,
2026-05-27T12:00,36.5,52,,,
2026-05-27T13:00,36.7,50,,,
2026-05-27T14:00,36.7,50,,,
2026-05-27T15:00,36.6,51,,,
2026-05-27T16:00,36,55,,,
2026-05-27T17:00,34.4,65,,,
2026-05-27T18:00,33.4,70,,,
2026-05-27T19:00,32.2,73,,,
2026-05-27T20:00,31.3,77,,,
2026-05-27T21:00,30.7,79,,,
2026-05-27T22:00,30.1,80,,,
2026-05-27T23:00,29.7,82,,,
2026-05-28T00:00,29.4,83,,,
2026-05-28T01:00,28.3,86,,,
2026-05-28T02:00,27.9,88,,,
2026-05-28T03:00,27.7,88,,,
2026-05-28T04:00,27.5,90,,,
2026-05-28T05:00,27.3,91,,,
2026-05-28T06:00,27.6,92,,,
2026-05-28T07:00,29.2,85,,,
2026-05-28T08:00,30.6,81,,,
2026-05-28T09:00,31.8,77,,,
2026-05-28T10:00,32.9,74,,,
2026-05-28T11:00,34,68,,,
2026-05-28T12:00,34.8,63,,,
2026-05-28T13:00,35,63,,,
2026-05-28T14:00,35.1,60,,,
2026-05-28T15:00,34.5,62,,,
2026-05-28T16:00,33.7,68,,,
2026-05-28T17:00,32.3,77,,,
2026-05-28T18:00,28,96,,,
2026-05-28T19:00,28.7,86,,,
2026-05-28T20:00,28.2,87,,,
2026-05-28T21:00,28.3,88,,,
2026-05-28T22:00,28,90,,,
2026-05-28T23:00,27.8,92,,,
2026-05-29T00:00,27.7,93,,,
2026-05-29T01:00,27.1,94,,,
2026-05-29T02:00,26.9,96,,,
2026-05-29T03:00,26.8,97,,,
2026-05-29T04:00,26.8,99,,,
2026-05-29T05:00,26.8,99,,,
2026-05-29T06:00,27.3,98,,,
2026-05-29T07:00,28.3,92,,,
2026-05-29T08:00,29.2,88,,,
2026-05-29T09:00,29,89,,,
2026-05-29T10:00,29.9,86,,,
2026-05-29T11:00,28.2,86,,,
2026-05-29T12:00,27.8,88,,,
2026-05-29T13:00,27.2,91,,,
2026-05-29T14:00,29.7,80,,,
2026-05-29T15:00,30,79,,,
2026-05-29T16:00,30.7,75,,,
2026-05-29T17:00,31,73,,,
2026-05-29T18:00,30.7,76,,,
2026-05-29T19:00,29.8,86,,,
2026-05-29T20:00,29.1,89,,,
2026-05-29T21:00,28.6,91,,,
2026-05-29T22:00,28.5,92,,,
2026-05-29T23:00,28,93,,,
2026-05-30T00:00,26.7,97,,,
2026-05-30T01:00,27,94,,,
2026-05-30T02:00,25.7,94,,,
2026-05-30T03:00,24.9,97,,,
2026-05-30T04:00,24.5,96,,,
2026-05-30T05:00,24.5,96,,,
2026-05-30T06:00,24.7,95,,,
2026-05-30T07:00,26.3,94,,,
2026-05-30T08:00,27.1,89,,,
2026-05-30T09:00,28.7,81,,,
2026-05-30T10:00,30.1,74,,,
2026-05-30T11:00,30.5,74,,,
2026-05-30T12:00,30.8,72,,,
2026-05-30T13:00,32.1,67,,,
2026-05-30T14:00,32.4,63,,,
2026-05-30T15:00,31.7,65,,,
2026-05-30T16:00,31.6,66,,,
2026-05-30T17:00,31.1,68,,,
2026-05-30T18:00,29.8,79,,,
2026-05-30T19:00,28.3,89,,,
2026-05-30T20:00,27.4,93,,,
2026-05-30T21:00,26.4,95,,,
2026-05-30T22:00,26.5,94,,,
2026-05-30T23:00,26.3,95,,,
2026-05-31T00:00,26.1,96,,,
2026-05-31T01:00,26.3,98,,,
2026-05-31T02:00,26.1,98,,,
2026-05-31T03:00,26,98,,,
2026-05-31T04:00,25.8,99,,,
2026-05-31T05:00,25.7,99,,,
2026-05-31T06:00,26,98,,,
2026-05-31T07:00,26.2,94,,,
2026-05-31T08:00,27.6,86,,,
2026-05-31T09:00,29.2,80,,,
2026-05-31T10:00,30.6,75,,,
2026-05-31T11:00,31.3,73,,,
2026-05-31T12:00,31.9,71,,,
2026-05-31T13:00,32.4,67,,,
2026-05-31T14:00,33,65,,,
2026-05-31T15:00,33,64,,,
2026-05-31T16:00,32.7,65,,,
2026-05-31T17:00,32.1,68,,,
2026-05-31T18:00,31,74,,,
2026-05-31T19:00,30.5,77,,,
2026-05-31T20:00,29.7,80,,,
2026-05-31T21:00,29.1,82,,,
2026-05-31T22:00,28.6,85,,,
2026-05-31T23:00,28.2,87,,,
2026-06-01T00:00,27.9,89,,,
2026-06-01T01:00,27.8,91,,,
2026-06-01T02:00,27.3,93,,,
2026-06-01T03:00,27,95,,,
2026-06-01T04:00,26.8,96,,,
2026-06-01T05:00,26.6,96,,,
2026-06-01T06:00,26.9,95,,,
2026-06-01T07:00,28.4,90,,,
2026-06-01T08:00,29.9,80,,,
2026-06-01T09:00,31.2,73,,,
2026-06-01T10:00,32.1,71,,,
2026-06-01T11:00,32.8,70,,,
2026-06-01T12:00,33.4,69,,,
2026-06-01T13:00,33.6,68,,,
2026-06-01T14:00,33.8,65,,,
2026-06-01T15:00,34,63,,,
2026-06-01T16:00,33.6,63,,,
2026-06-01T17:00,32.9,67,,,
2026-06-01T18:00,31.8,73,,,
2026-06-01T19:00,31.5,74,,,
2026-06-01T20:00,30.6,75,,,
2026-06-01T21:00,29.8,77,,,
2026-06-01T22:00,29.2,80,,,
2026-06-01T23:00,28.9,83,,,
2026-06-02T00:00,28.6,86,,,
2026-06-02T01:00,28.5,87,,,
2026-06-02T02:00,28,90,,,
2026-06-02T03:00,27.8,91,,,
2026-06-02T04:00,27.6,92,,,
2026-06-02T05:00,27.4,93,,,
2026-06-02T06:00,27.8,92,,,
2026-06-02T07:00,29.2,87,,,
2026-06-02T08:00,30.5,79,,,
2026-06-02T09:00,31.5,74,,,
2026-06-02T10:00,32.5,70,,,
2026-06-02T11:00,32.8,71,,,
2026-06-02T12:00,34.3,65,,,
2026-06-02T13:00,33.7,66,,,
2026-06-02T14:00,34.2,64,,,
2026-06-02T15:00,34,64,,,
2026-06-02T16:00,33.2,68,,,
2026-06-02T17:00,32.7,69,,,
2026-06-02T18:00,31.3,75,,,
2026-06-02T19:00,30.6,78,,,
2026-06-02T20:00,30.1,79,,,
2026-06-02T21:00,29.5,81,,,
2026-06-02T22:00,29.1,83,,,
2026-06-02T23:00,28.7,86,,,
2026-06-03T00:00,28.4,88,,,
2026-06-03T01:00,28.6,88,,,
2026-06-03T02:00,28.3,91,,,
2026-06-03T03:00,28.1,92,,,
2026-06-03T04:00,28,92,,,
2026-06-03T05:00,27.8,93,,,
2026-06-03T06:00,28.2,91,,,
2026-06-03T07:00,29.2,88,,,
2026-06-03T08:00,30.7,79,,,
2026-06-03T09:00,31.9,73,,,
2026-06-03T10:00,33.1,68,,,
2026-06-03T11:00,34.3,63,,,
2026-06-03T12:00,35,60,,,
2026-06-03T13:00,34.7,61,,,
2026-06-03T14:00,34.8,60,,,
2026-06-03T15:00,33.7,67,,,
2026-06-03T16:00,34.2,65,,,
2026-06-03T17:00,33.5,69,,,
2026-06-03T18:00,28.8,89,,,
2026-06-03T19:00,28.7,88,,,
2026-06-03T20:00,28.4,88,,,
2026-06-03T21:00,28.3,89,,,
2026-06-03T22:00,28.1,91,,,
2026-06-03T23:00,27.9,92,,,
2026-06-04T00:00,27.8,92,,,
2026-06-04T01:00,27.1,97,,,
2026-06-04T02:00,27.2,95,,,
2026-06-04T03:00,27.2,96,,,
2026-06-04T04:00,27.2,96,,,
2026-06-04T05:00,27.3,97,,,
2026-06-04T06:00,27.8,95,,,
2026-06-04T07:00,29.8,89,,,
2026-06-04T08:00,30.8,83,,,
2026-06-04T09:00,31.9,77,,,
2026-06-04T10:00,32.8,72,,,
2026-06-04T11:00,33.8,67,,,
2026-06-04T12:00,34.7,63,,,
2026-06-04T13:00,35.1,61,,,
2026-06-04T14:00,35.3,59,,,
2026-06-04T15:00,35.7,57,,,
2026-06-04T16:00,28.5,88,,,
2026-06-04T17:00,27.4,95,,,
2026-06-04T18:00,28.1,92,,,
2026-06-04T19:00,29.3,85,,,
2026-06-04T20:00,28.8,91,,,
2026-06-04T21:00,28.5,93,,,
2026-06-04T22:00,28.1,95,,,
2026-06-04T23:00,27.7,96,,,
2026-06-05T00:00,27.2,97,,,
2026-06-05T01:00,24.2,96,,,
2026-06-05T02:00,24.3,95,,,
2026-06-05T03:00,24.5,94,,,
2026-06-05T04:00,24.5,94,,,
2026-06-05T05:00,24.5,95,,,
2026-06-05T06:00,24.7,94,,,
2026-06-05T07:00,26.4,90,,,
2026-06-05T08:00,27.7,85,,,
2026-06-05T09:00,27.5,85,,,
2026-06-05T10:00,28.2,80,,,
2026-06-05T11:00,28.4,80,,,
2026-06-05T12:00,29.1,77,,,
2026-06-05T13:00,29.3,76,,,
2026-06-05T14:00,30.2,72,,,
2026-06-05T15:00,30.9,70,,,
2026-06-05T16:00,31.2,69,,,
2026-06-05T17:00,30.8,69,,,
2026-06-05T18:00,30.2,75,,,
2026-06-05T19:00,29.9,77,,,
2026-06-05T20:00,29.3,80,,,
2026-06-05T21:00,29.1,81,,,
2026-06-05T22:00,28.8,84,,,
2026-06-05T23:00,28.5,89,,,
2026-06-06T00:00,28.3,91,,,
2026-06-06T01:00,28.2,93,,,
2026-06-06T02:00,27.5,94,,,
2026-06-06T03:00,27.1,96,,,
2026-06-06T04:00,27,96,,,
2026-06-06T05:00,27.1,96,,,
2026-06-06T06:00,27.5,95,,,
2026-06-06T07:00,29.6,87,,,
2026-06-06T08:00,30.5,82,,,
2026-06-06T09:00,30.9,80,,,
2026-06-06T10:00,32.2,72,,,
2026-06-06T11:00,32.3,72,,,
2026-06-06T12:00,32.6,70,,,
2026-06-06T13:00,33.3,65,,,
2026-06-06T14:00,34.2,61,,,
2026-06-06T15:00,34.3,62,,,
2026-06-06T16:00,33.6,66,,,
2026-06-06T17:00,32,76,,,
2026-06-06T18:00,31.6,82,,,
2026-06-06T19:00,31.7,75,,,
2026-06-06T20:00,31,77,,,
2026-06-06T21:00,30.4,78,,,
2026-06-06T22:00,30.2,79,,,
2026-06-06T23:00,30.1,78,,,
2026-06-07T00:00,30,78,,,
2026-06-07T01:00,29.5,85,,,
2026-06-07T02:00,29,84,,,
2026-06-07T03:00,28.8,81,,,
2026-06-07T04:00,28.5,85,,,
2026-06-07T05:00,28.4,84,,,
2026-06-07T06:00,28.6,82,,,
2026-06-07T07:00,29.7,79,,,
2026-06-07T08:00,31.1,75,,,
2026-06-07T09:00,32.1,73,,,
2026-06-07T10:00,34,62,,,
2026-06-07T11:00,34.2,60,,,
2026-06-07T12:00,34.9,58,,,
2026-06-07T13:00,35,55,,,
2026-06-07T14:00,35.3,55,,,
2026-06-07T15:00,35.3,56,,,
2026-06-07T16:00,35.1,56,,,
2026-06-07T17:00,34.5,61,,,
2026-06-07T18:00,33.1,68,,,
2026-06-07T19:00,32.1,72,,,
2026-06-07T20:00,31.2,74,,,
2026-06-07T21:00,30.8,78,,,
2026-06-07T22:00,30.7,79,,,
2026-06-07T23:00,30.6,78,,,
2026-06-08T00:00,30.3,76,,,
2026-06-08T01:00,30.6,76,,,
2026-06-08T02:00,30.1,75,,,
2026-06-08T03:00,29.9,74,,,
2026-06-08T04:00,29.4,76,,,
2026-06-08T05:00,29.1,77,,,
2026-06-08T06:00,29.1,78,,,
2026-06-08T07:00,30.6,75,,,
2026-06-08T08:00,32,70,,,
2026-06-08T09:00,33.4,58,,,
2026-06-08T10:00,34.3,55,,,
2026-06-08T11:00,35.2,52,,,
2026-06-08T12:00,35.7,51,,,
2026-06-08T13:00,30.5,77,,,
2026-06-08T14:00,31.5,73,,,
2026-06-08T15:00,32.1,67,,,
2026-06-08T16:00,32.3,65,,,
2026-06-08T17:00,31.7,68,,,
2026-06-08T18:00,29.9,81,,,
2026-06-08T19:00,28.3,79,,,
2026-06-08T20:00,27.3,75,,,
2026-06-08T21:00,27.5,70,,,
2026-06-08T22:00,27.2,69,,,
2026-06-08T23:00,26.4,71,,,
2026-06-09T00:00,25.3,77,,,
2026-06-09T01:00,25.5,82,,,
2026-06-09T02:00,24.3,91,,,
2026-06-09T03:00,24.3,92,,,
2026-06-09T04:00,24.3,92,,,
2026-06-09T05:00,24.1,92,,,
2026-06-09T06:00,24,92,,,
2026-06-09T07:00,25.2,89,,,
2026-06-09T08:00,26.2,71,,,
2026-06-09T09:00,26.9,66,,,
2026-06-09T10:00,27.5,61,,,
2026-06-09T11:00,27,62,,,
2026-06-09T12:00,26.7,62,,,
2026-06-09T13:00,27.3,67,,,
2026-06-09T14:00,27.8,66,,,
2026-06-09T15:00,28.1,63,,,
2026-06-09T16:00,27.5,65,,,
2026-06-09T17:00,26.9,69,,,
2026-06-09T18:00,26.4,73,,,
2026-06-09T19:00,26.2,75,,,
2026-06-09T20:00,25.4,79,,,
2026-06-09T21:00,25.2,82,,,
2026-06-09T22:00,25.3,83,,,
2026-06-09T23:00,25.1,84,,,
2026-06-10T00:00,24.8,86,,,
2026-06-10T01:00,24.9,89,,,
2026-06-10T02:00,24.7,88,,,
2026-06-10T03:00,24.5,88,,,
2026-06-10T04:00,24.5,87,,,
2026-06-10T05:00,24.5,87,,,
2026-06-10T06:00,24.5,86,,,
2026-06-10T07:00,25.3,85,,,
2026-06-10T08:00,26.8,76,,,
2026-06-10T09:00,27.9,69,,,
2026-06-10T10:00,28.7,63,,,
2026-06-10T11:00,29.1,62,,,
2026-06-10T12:00,29.4,60,,,
2026-06-10T13:00,29.8,57,,,
2026-06-10T14:00,29.9,58,,,
2026-06-10T15:00,30.3,58,,,
2026-06-10T16:00,30.4,59,,,
2026-06-10T17:00,30,60,,,
2026-06-10T18:00,29.1,69,,,
2026-06-10T19:00,27.7,72,,,
2026-06-10T20:00,27.3,73,,,
2026-06-10T21:00,26.8,78,,,
2026-06-10T22:00,26.5,80,,,
2026-06-10T23:00,26,79,,,
2026-06-11T00:00,25.4,84,,,
2026-06-11T01:00,25.3,86,,,
2026-06-11T02:00,25.1,88,,,
2026-06-11T03:00,25,88,,,
2026-06-11T04:00,24.8,90,,,
2026-06-11T05:00,24.5,91,,,
2026-06-11T06:00,25,92,,,
2026-06-11T07:00,26.9,84,,,
2026-06-11T08:00,27.6,80,,,
2026-06-11T09:00,28.5,74,,,
2026-06-11T10:00,27.9,81,,,
2026-06-11T11:00,28.2,79,,,
2026-06-11T12:00,29.1,74,,,
2026-06-11T13:00,28.5,74,,,
2026-06-11T14:00,28.8,73,,,
2026-06-11T15:00,28.4,75,,,
2026-06-11T16:00,28,78,,,
2026-06-11T17:00,27.6,82,,,
2026-06-11T18:00,27.5,83,,,
2026-06-11T19:00,27.4,84,,,
2026-06-11T20:00,26.7,94,,,
2026-06-11T21:00,26.3,97,,,
2026-06-11T22:00,26.1,97,,,
2026-06-11T23:00,25.9,97,,,
2026-06-12T00:00,25.9,96,,,
2026-06-12T01:00,26,95,,,
2026-06-12T02:00,25.7,97,,,
2026-06-12T03:00,25.6,98,,,
2026-06-12T04:00,25.6,97,,,
2026-06-12T05:00,25.3,97,,,
2026-06-12T06:00,25.5,97,,,
2026-06-12T07:00,26.8,87,,,
2026-06-12T08:00,27.3,84,,,
2026-06-12T09:00,28.9,77,,,
2026-06-12T10:00,29.7,73,,,
2026-06-12T11:00,29.6,76,,,
2026-06-12T12:00,30.1,76,,,
2026-06-12T13:00,31.3,72,,,
2026-06-12T14:00,31.7,70,,,
2026-06-12T15:00,31.9,71,,,
2026-06-12T16:00,31.7,74,,,
2026-06-12T17:00,29.6,85,,,
2026-06-12T18:00,27.8,94,,,
2026-06-12T19:00,28.8,90,,,
2026-06-12T20:00,28.5,90,,,
2026-06-12T21:00,28.3,90,,,
2026-06-12T22:00,28,90,,,
2026-06-12T23:00,27.9,90,,,
2026-06-13T00:00,28,88,,,
2026-06-13T01:00,27.6,91,,,
2026-06-13T02:00,27.5,92,,,
2026-06-13T03:00,27.3,93,,,
2026-06-13T04:00,27.3,94,,,
2026-06-13T05:00,27.4,93,,,
2026-06-13T06:00,27.8,92,,,
2026-06-13T07:00,28.5,91,,,
2026-06-13T08:00,30,86,,,
2026-06-13T09:00,31.7,75,,,
2026-06-13T10:00,32.6,66,,,
2026-06-13T11:00,33.5,61,,,
2026-06-13T12:00,33.9,60,,,
2026-06-13T13:00,32.7,62,,,
2026-06-13T14:00,33.7,61,,,
2026-06-13T15:00,34.3,59,,,
2026-06-13T16:00,33.8,62,,,
2026-06-13T17:00,32.7,68,,,
2026-06-13T18:00,31.3,74,,,
2026-06-13T19:00,30.6,77,,,
2026-06-13T20:00,30,75,,,
2026-06-13T21:00,30,75,,,
2026-06-13T22:00,29.7,80,,,
2026-06-13T23:00,29.5,81,,,
2026-06-14T00:00,29.1,81,,,
2026-06-14T01:00,29.3,83,,,
2026-06-14T02:00,29,84,,,
2026-06-14T03:00,28.7,83,,,
2026-06-14T04:00,28.4,84,,,
2026-06-14T05:00,28.4,84,,,
2026-06-14T06:00,28.8,82,,,
2026-06-14T07:00,30.1,83,,,
2026-06-14T08:00,31.6,74,,,
2026-06-14T09:00,32.5,63,,,
2026-06-14T10:00,33.1,60,,,
2026-06-14T11:00,33.8,58,,,
2026-06-14T12:00,34.3,57,,,
2026-06-14T13:00,34.7,56,,,
2026-06-14T14:00,35,54,,,
2026-06-14T15:00,35,55,,,
2026-06-14T16:00,34.3,61,,,
2026-06-14T17:00,33.6,66,,,
2026-06-14T18:00,32.4,70,,,
2026-06-14T19:00,31.5,75,,,
2026-06-14T20:00,30.9,76,,,
2026-06-14T21:00,30.6,76,,,
2026-06-14T22:00,30.4,77,,,
2026-06-14T23:00,30.1,79,,,
2026-06-15T00:00,29.5,83,,,
2026-06-15T01:00,30.2,83,,,
2026-06-15T02:00,29.6,85,,,
2026-06-15T03:00,29.3,87,,,
2026-06-15T04:00,28.8,91,,,
2026-06-15T05:00,28.5,92,,,
2026-06-15T06:00,28.3,91,,,
2026-06-15T07:00,30.5,84,,,
2026-06-15T08:00,31.6,80,,,
2026-06-15T09:00,32.3,76,,,
2026-06-15T10:00,33.4,67,,,
2026-06-15T11:00,34.1,62,,,
2026-06-15T12:00,34.5,59,,,
2026-06-15T13:00,34,60,,,
2026-06-15T14:00,34.2,59,,,
2026-06-15T15:00,30.8,80,,,
2026-06-15T16:00,27.6,95,,,
2026-06-15T17:00,28.5,90,,,
2026-06-15T18:00,28.5,90,,,
2026-06-15T19:00,30.4,84,,,
2026-06-15T20:00,29.8,88,,,
2026-06-15T21:00,29.5,87,,,
2026-06-15T22:00,29.2,87,,,
2026-06-15T23:00,28.7,89,,,
2026-06-16T00:00,28.3,92,,,
2026-06-16T01:00,27.9,96,,,
2026-06-16T02:00,27.6,96,,,
2026-06-16T03:00,27.3,97,,,
2026-06-16T04:00,27.3,96,,,
2026-06-16T05:00,26.5,97,,,
2026-06-16T06:00,26.2,96,,,
2026-06-16T07:00,28,95,,,
2026-06-16T08:00,27.7,93,,,
2026-06-16T09:00,28.8,86,,,
2026-06-16T10:00,30.2,79,,,
2026-06-16T11:00,30.3,80,,,
2026-06-16T12:00,31.7,75,,,
2026-06-16T13:00,30.8,76,,,
2026-06-16T14:00,31.4,74,,,
2026-06-16T15:00,31.2,72,,,
2026-06-16T16:00,31.7,71,,,
2026-06-16T17:00,31.5,72,,,
2026-06-16T18:00,30.8,77,,,
2026-06-16T19:00,28.1,95,,,
2026-06-16T20:00,28,95,,,
2026-06-16T21:00,27.9,95,,,
2026-06-16T22:00,27.8,95,,,
2026-06-16T23:00,27.5,95,,,
2026-06-17T00:00,27.1,96,,,
2026-06-17T01:00,28.2,96,,,
2026-06-17T02:00,27.9,96,,,
2026-06-17T03:00,27.6,96,,,
2026-06-17T04:00,27.2,97,,,
2026-06-17T05:00,26.9,97,,,
2026-06-17T06:00,26.7,97,,,
2026-06-17T07:00,26.8,98,,,
2026-06-17T08:00,26.7,98,,,
2026-06-17T09:00,28,93,,,
2026-06-17T10:00,30.6,83,,,
2026-06-17T11:00,32.2,74,,,
2026-06-17T12:00,33.2,66,,,
2026-06-17T13:00,33.3,65,,,
2026-06-17T14:00,33.3,64,,,
2026-06-17T15:00,33.6,65,,,
2026-06-17T16:00,28.6,89,,,
2026-06-17T17:00,28.6,90,,,
2026-06-17T18:00,28.8,90,,,
2026-06-17T19:00,30.5,84,,,
2026-06-17T20:00,29.6,86,,,
2026-06-17T21:00,29.3,88,,,
2026-06-17T22:00,29,86,,,
2026-06-17T23:00,28.1,85,,,
2026-06-18T00:00,27.9,88,,,
2026-06-18T01:00,28.5,87,,,
2026-06-18T02:00,27.5,93,,,
2026-06-18T03:00,27.5,95,,,
2026-06-18T04:00,27.4,95,,,
2026-06-18T05:00,27.4,96,,,
2026-06-18T06:00,27.6,96,,,
2026-06-18T07:00,29,87,,,
2026-06-18T08:00,29.5,86,,,
2026-06-18T09:00,31.3,79,,,
2026-06-18T10:00,32.7,72,,,
2026-06-18T11:00,33.7,61,,,
2026-06-18T12:00,33.7,61,,,
2026-06-18T13:00,32.6,65,,,
2026-06-18T14:00,32.7,66,,,
2026-06-18T15:00,33.5,62,,,
2026-06-18T16:00,33.2,64,,,
2026-06-18T17:00,32.2,71,,,
2026-06-18T18:00,31.2,75,,,
2026-06-18T19:00,29.7,83,,,
2026-06-18T20:00,29,84,,,
2026-06-18T21:00,29.1,82,,,
2026-06-18T22:00,29.3,81,,,
2026-06-18T23:00,29.4,79,,,
2026-06-19T00:00,29.2,79,,,
2026-06-19T01:00,30,77,,,
2026-06-19T02:00,29.5,77,,,
2026-06-19T03:00,28.9,77,,,
2026-06-19T04:00,28.3,80,,,
2026-06-19T05:00,28.1,81,,,
2026-06-19T06:00,28.5,79,,,
2026-06-19T07:00,29.4,79,,,
2026-06-19T08:00,30.8,77,,,
2026-06-19T09:00,31.9,73,,,
2026-06-19T10:00,32,73,,,
2026-06-19T11:00,33.2,62,,,
2026-06-19T12:00,33.5,61,,,
2026-06-19T13:00,33,60,,,
2026-06-19T14:00,33.2,63,,,
2026-06-19T15:00,32.9,67,,,
2026-06-19T16:00,33.3,66,,,
2026-06-19T17:00,33.1,69,,,
2026-06-19T18:00,32.1,75,,,
2026-06-19T19:00,31.4,75,,,
2026-06-19T20:00,30.7,76,,,
2026-06-19T21:00,30.1,77,,,
2026-06-19T22:00,29.8,76,,,
2026-06-19T23:00,29.4,75,,,
2026-06-20T00:00,29.2,75,,,
2026-06-20T01:00,29.3,79,,,
2026-06-20T02:00,29,81,,,
2026-06-20T03:00,28.5,81,,,
2026-06-20T04:00,28.1,81,,,
2026-06-20T05:00,27.9,81,,,
2026-06-20T06:00,28,80,,,
2026-06-20T07:00,29.6,79,,,
2026-06-20T08:00,30.7,77,,,
2026-06-20T09:00,32.4,72,,,
2026-06-20T10:00,33.3,65,,,
2026-06-20T11:00,33.8,58,,,
2026-06-20T12:00,34.3,60,,,
2026-06-20T13:00,34.8,57,,,
2026-06-20T14:00,34.4,57,,,
2026-06-20T15:00,34.4,58,,,
2026-06-20T16:00,34.3,58,,,
2026-06-20T17:00,33,67,,,
2026-06-20T18:00,31.9,73,,,
2026-06-20T19:00,30.4,80,,,
2026-06-20T20:00,28.7,89,,,
2026-06-20T21:00,28.6,86,,,
2026-06-20T22:00,28.3,85,,,
2026-06-20T23:00,28.3,84,,,
2026-06-21T00:00,28.4,86,,,
2026-06-21T01:00,27.5,89,,,
2026-06-21T02:00,27.2,92,,,
2026-06-21T03:00,27.2,92,,,
2026-06-21T04:00,27.3,93,,,
2026-06-21T05:00,27.3,94,,,
2026-06-21T06:00,27.9,93,,,
2026-06-21T07:00,29.4,88,,,
2026-06-21T08:00,30.8,78,,,
2026-06-21T09:00,31.9,73,,,
2026-06-21T10:00,32.9,69,,,
2026-06-21T11:00,33.8,63,,,
2026-06-21T12:00,34.4,60,,,
2026-06-21T13:00,34.8,57,,,
2026-06-21T14:00,34.5,58,,,
2026-06-21T15:00,34.8,58,,,
2026-06-21T16:00,34.1,59,,,
2026-06-21T17:00,33.5,66,,,
2026-06-21T18:00,32.8,70,,,
2026-06-21T19:00,29,87,,,
2026-06-21T20:00,28.9,88,,,
2026-06-21T21:00,28.7,88,,,
2026-06-21T22:00,28.7,87,,,
2026-06-21T23:00,28.9,85,,,
2026-06-22T00:00,28.8,87,,,
2026-06-22T01:00,27.6,95,,,
2026-06-22T02:00,27.6,94,,,
2026-06-22T03:00,27.7,94,,,
2026-06-22T04:00,27.7,93,,,
2026-06-22T05:00,27.7,93,,,
2026-06-22T06:00,27.8,92,,,
2026-06-22T07:00,28.9,89,,,
2026-06-22T08:00,30.3,83,,,
2026-06-22T09:00,30.4,84,,,
2026-06-22T10:00,31,79,,,
2026-06-22T11:00,32.1,65,,,
2026-06-22T12:00,31.9,62,,,
2026-06-22T13:00,31.2,66,,,
2026-06-22T14:00,31.3,68,,,
2026-06-22T15:00,31,70,,,
2026-06-22T16:00,32.6,61,,,
2026-06-22T17:00,31.9,66,,,
2026-06-22T18:00,31.4,68,,,
2026-06-22T19:00,31.3,69,,,
2026-06-22T20:00,30.8,68,,,
2026-06-22T21:00,30.1,73,,,
2026-06-22T22:00,29.8,77,,,
2026-06-22T23:00,29.6,77,,,
2026-06-23T00:00,29.3,78,,,
2026-06-23T01:00,29.5,77,,,
2026-06-23T02:00,28.9,76,,,
2026-06-23T03:00,28.6,76,,,
2026-06-23T04:00,28.3,77,,,
2026-06-23T05:00,28.1,77,,,
2026-06-23T06:00,28.4,76,,,
2026-06-23T07:00,29.9,79,,,
2026-06-23T08:00,31.8,67,,,
2026-06-23T09:00,32.9,60,,,
2026-06-23T10:00,33.9,56,,,
2026-06-23T11:00,34.9,54,,,
2026-06-23T12:00,35.5,52,,,
2026-06-23T13:00,36.5,49,,,
2026-06-23T14:00,36.8,47,,,
2026-06-23T15:00,36.6,47,,,
2026-06-23T16:00,36.4,50,,,
2026-06-23T17:00,34.9,60,,,
2026-06-23T18:00,33.7,66,,,
2026-06-23T19:00,32.8,60,,,
2026-06-23T20:00,31.9,69,,,
2026-06-23T21:00,30.9,74,,,
2026-06-23T22:00,30.3,77,,,
2026-06-23T23:00,30.1,77,,,
2026-06-24T00:00,29.7,79,,,
2026-06-24T01:00,30.5,73,,,
2026-06-24T02:00,30.6,66,,,
2026-06-24T03:00,29.9,68,,,
2026-06-24T04:00,29.3,70,,,
2026-06-24T05:00,28.9,72,,,
2026-06-24T06:00,29.2,72,,,
2026-06-24T07:00,31,71,,,
2026-06-24T08:00,32.9,59,,,
2026-06-24T09:00,34.3,53,,,
2026-06-24T10:00,35.4,50,,,
2026-06-24T11:00,36.2,49,,,
2026-06-24T12:00,37,47,,,
2026-06-24T13:00,37.2,45,,,
2026-06-24T14:00,36.6,49,,,
2026-06-24T15:00,36.6,49,,,
2026-06-24T16:00,36.8,47,,,
2026-06-24T17:00,36.2,51,,,
2026-06-24T18:00,34.4,64,,,
2026-06-24T19:00,32.2,77,,,
2026-06-24T20:00,31.9,76,,,
2026-06-24T21:00,31.6,74,,,
2026-06-24T22:00,31.5,75,,,
2026-06-24T23:00,31.3,76,,,
2026-06-25T00:00,30.8,78,,,
2026-06-25T01:00,31.1,79,,,
2026-06-25T02:00,30.7,79,,,
2026-06-25T03:00,30.5,78,,,
2026-06-25T04:00,30.7,74,,,
2026-06-25T05:00,30.5,74,,,
2026-06-25T06:00,30.8,76,,,
2026-06-25T07:00,31.2,80,,,
2026-06-25T08:00,33.4,70,,,
2026-06-25T09:00,35.2,56,,,
2026-06-25T10:00,36.6,46,,,
2026-06-25T11:00,37.5,43,,,
2026-06-25T12:00,37.7,43,,,
2026-06-25T13:00,36.5,53,,,
2026-06-25T14:00,36,56,,,
2026-06-25T15:00,35.5,57,,,
2026-06-25T16:00,35.3,58,,,
2026-06-25T17:00,35.1,60,,,
2026-06-25T18:00,33.8,70,,,
2026-06-25T19:00,29.2,91,,,
2026-06-25T20:00,29.9,89,,,
2026-06-25T21:00,30.1,82,,,
2026-06-25T22:00,30.1,82,,,
2026-06-25T23:00,30,82,,,
2026-06-26T00:00,29.7,84,,,
2026-06-26T01:00,29.5,86,,,
2026-06-26T02:00,28.4,91,,,
2026-06-26T03:00,28,93,,,
2026-06-26T04:00,27.8,92,,,
2026-06-26T05:00,27.6,93,,,
2026-06-26T06:00,27.9,90,,,
2026-06-26T07:00,27.2,87,,,
2026-06-26T08:00,27.2,88,,,
2026-06-26T09:00,27.4,88,,,
2026-06-26T10:00,28.7,81,,,
2026-06-26T11:00,30.7,71,,,
2026-06-26T12:00,31.2,68,,,
2026-06-26T13:00,30.3,72,,,
2026-06-26T14:00,30.5,71,,,
2026-06-26T15:00,30.9,68,,,
2026-06-26T16:00,31.1,68,,,
2026-06-26T17:00,30.9,68,,,
2026-06-26T18:00,30.8,72,,,
2026-06-26T19:00,30.6,72,,,
2026-06-26T20:00,29.6,79,,,
2026-06-26T21:00,29.3,82,,,
2026-06-26T22:00,28.8,84,,,
2026-06-26T23:00,27.9,85,,,
2026-06-27T00:00,27.1,87,,,
2026-06-27T01:00,28.1,86,,,
2026-06-27T02:00,26.9,90,,,
2026-06-27T03:00,25.6,97,,,
2026-06-27T04:00,26,97,,,
2026-06-27T05:00,26.1,96,,,
2026-06-27T06:00,25.7,96,,,
2026-06-27T07:00,26.8,95,,,
2026-06-27T08:00,28.4,86,,,
2026-06-27T09:00,29.9,78,,,
2026-06-27T10:00,30.8,75,,,
2026-06-27T11:00,31.6,70,,,
2026-06-27T12:00,31.1,72,,,
2026-06-27T13:00,31.9,66,,,
2026-06-27T14:00,32,68,,,
2026-06-27T15:00,32.4,68,,,
2026-06-27T16:00,31.3,73,,,
2026-06-27T17:00,29.4,85,,,
2026-06-27T18:00,29.5,85,,,
2026-06-27T19:00,29.2,87,,,
2026-06-27T20:00,28.7,89,,,
2026-06-27T21:00,28.5,90,,,
2026-06-27T22:00,28.4,89,,,
2026-06-27T23:00,28.2,90,,,
2026-06-28T00:00,27.6,92,,,
2026-06-28T01:00,26.4,97,,,
2026-06-28T02:00,26.1,96,,,
2026-06-28T03:00,25.7,96,,,
2026-06-28T04:00,25.7,95,,,
2026-06-28T05:00,25.7,95,,,
2026-06-28T06:00,25.7,95,,,
2026-06-28T07:00,27.4,94,,,
2026-06-28T08:00,28.5,86,,,
2026-06-28T09:00,29.7,80,,,
2026-06-28T10:00,30.8,77,,,
2026-06-28T11:00,30.8,77,,,
2026-06-28T12:00,31.7,75,,,
2026-06-28T13:00,31.9,76,,,
2026-06-28T14:00,31.8,76,,,
2026-06-28T15:00,29.1,85,,,
2026-06-28T16:00,28.1,91,,,
2026-06-28T17:00,28.7,89,,,
2026-06-28T18:00,28.7,89,,,
2026-06-28T19:00,28.3,94,,,
2026-06-28T20:00,28.4,94,,,
2026-06-28T21:00,27.6,95,,,
2026-06-28T22:00,26.3,97,,,
2026-06-28T23:00,26.4,97,,,
2026-06-29T00:00,25.9,98,,,
2026-06-29T01:00,26.8,96,,,
2026-06-29T02:00,26.4,97,,,
2026-06-29T03:00,26.1,97,,,
2026-06-29T04:00,26,97,,,
2026-06-29T05:00,25.9,98,,,
2026-06-29T06:00,26.1,97,,,
2026-06-29T07:00,26.6,95,,,
2026-06-29T08:00,27,94,,,
2026-06-29T09:00,27.5,90,,,
2026-06-29T10:00,28.5,84,,,
2026-06-29T11:00,29.2,81,,,
2026-06-29T12:00,30.1,77,,,
2026-06-29T13:00,29.7,79,,,
2026-06-29T14:00,30.1,80,,,
2026-06-29T15:00,30.9,78,,,
2026-06-29T16:00,29.4,83,,,
2026-06-29T17:00,29.2,90,,,
2026-06-29T18:00,28.9,92,,,
2026-06-29T19:00,28.3,95,,,
2026-06-29T20:00,27.9,96,,,
2026-06-29T21:00,27.7,96,,,
2026-06-29T22:00,27.4,96,,,
2026-06-29T23:00,25.8,97,,,
2026-06-30T00:00,26,98,,,
2026-06-30T01:00,26.1,97,,,
2026-06-30T02:00,26,97,,,
2026-06-30T03:00,25.7,98,,,
2026-06-30T04:00,25.5,98,,,
2026-06-30T05:00,25.2,98,,,
2026-06-30T06:00,25.3,97,,,
2026-06-30T07:00,26.4,96,,,
2026-06-30T08:00,26.2,97,,,
2026-06-30T09:00,26.4,96,,,
2026-06-30T10:00,27.7,90,,,
2026-06-30T11:00,28.5,89,,,
2026-06-30T12:00,30.2,82,,,
2026-06-30T13:00,29.8,80,,,
2026-06-30T14:00,30.1,78,,,
2026-06-30T15:00,30.6,76,,,
2026-06-30T16:00,30.1,78,,,
2026-06-30T17:00,28,91,,,
2026-06-30T18:00,27.7,92,,,
2026-06-30T19:00,26.7,93,,,
2026-06-30T20:00,26.6,95,,,
2026-06-30T21:00,26,97,,,
2026-06-30T22:00,25.7,96,,,
2026-06-30T23:00,25.5,97,,,
2026-07-01T00:00,24.9,99,,,
2026-07-01T01:00,26.4,97,,,
2026-07-01T02:00,26.1,97,,,
2026-07-01T03:00,26,97,,,
2026-07-01T04:00,26,97,,,
2026-07-01T05:00,25.7,97,,,
2026-07-01T06:00,25.6,97,,,
2026-07-01T07:00,25.9,95,,,
2026-07-01T08:00,26.4,92,,,
2026-07-01T09:00,27.4,87,,,
2026-07-01T10:00,28.2,83,,,
2026-07-01T11:00,29.3,80,,,
2026-07-01T12:00,30.5,75,,,
2026-07-01T13:00,27.6,90,,,
2026-07-01T14:00,27.9,88,,,
2026-07-01T15:00,29.7,83,,,
2026-07-01T16:00,29.2,82,,,
2026-07-01T17:00,29.1,83,,,
2026-07-01T18:00,26.3,93,,,
2026-07-01T19:00,28,91,,,
2026-07-01T20:00,27.6,92,,,
2026-07-01T21:00,27.3,93,,,
2026-07-01T22:00,27,93,,,
2026-07-01T23:00,25.7,99,,,
2026-07-02T00:00,25.9,97,,,
2026-07-02T01:00,25.9,99,,,
2026-07-02T02:00,25.8,99,,,
2026-07-02T03:00,25.8,97,,,
2026-07-02T04:00,25.4,97,,,
2026-07-02T05:00,25.4,97,,,
2026-07-02T06:00,25.4,98,,,
2026-07-02T07:00,27.3,96,,,
2026-07-02T08:00,28.8,84,,,
2026-07-02T09:00,29.7,80,,,
2026-07-02T10:00,30.4,76,,,
2026-07-02T11:00,29.7,79,,,
2026-07-02T12:00,28.4,89,,,
2026-07-02T13:00,27.6,92,,,
2026-07-02T14:00,28.7,86,,,
2026-07-02T15:00,29.1,82,,,
2026-07-02T16:00,29.3,83,,,
2026-07-02T17:00,29.9,79,,,
2026-07-02T18:00,29.5,81,,,
2026-07-02T19:00,29.2,86,,,
2026-07-02T20:00,28.4,89,,,
2026-07-02T21:00,28,90,,,
2026-07-02T22:00,27.8,90,,,
2026-07-02T23:00,27.5,91,,,
2026-07-03T00:00,27.3,92,,,
2026-07-03T01:00,27.4,92,,,
2026-07-03T02:00,27.1,92,,,
2026-07-03T03:00,26.8,93,,,
2026-07-03T04:00,26.6,92,,,
2026-07-03T05:00,26,90,,,
2026-07-03T06:00,26,90,,,
2026-07-03T07:00,27.5,91,,,
2026-07-03T08:00,29.1,82,,,
2026-07-03T09:00,30.4,75,,,
2026-07-03T10:00,30.9,73,,,
2026-07-03T11:00,26.6,96,,,
2026-07-03T12:00,28.2,89,,,
2026-07-03T13:00,30.7,75,,,
2026-07-03T14:00,28.4,86,,,
2026-07-03T15:00,27.2,92,,,
2026-07-03T16:00,28.5,85,,,
2026-07-03T17:00,29,81,,,
2026-07-03T18:00,28.9,83,,,
2026-07-03T19:00,27.9,91,,,
2026-07-03T20:00,27.4,92,,,
2026-07-03T21:00,27.3,92,,,
2026-07-03T22:00,27.2,92,,,
2026-07-03T23:00,26.9,92,,,
2026-07-04T00:00,26.6,90,,,
2026-07-04T01:00,27.3,89,,,
2026-07-04T02:00,27.2,87,,,
2026-07-04T03:00,27,86,,,
2026-07-04T04:00,26.8,86,,,
2026-07-04T05:00,26.7,85,,,
2026-07-04T06:00,26.7,86,,,
2026-07-04T07:00,27.4,84,,,
2026-07-04T08:00,28.5,79,,,
2026-07-04T09:00,29.5,74,,,
2026-07-04T10:00,29.9,73,,,
2026-07-04T11:00,30.1,73,,,
2026-07-04T12:00,31.1,70,,,
2026-07-04T13:00,29.6,79,,,
2026-07-04T14:00,28.7,87,,,
2026-07-04T15:00,30.4,74,,,
2026-07-04T16:00,30.2,74,,,
2026-07-04T17:00,29.7,79,,,
2026-07-04T18:00,29.1,82,,,
2026-07-04T19:00,28.5,88,,,
2026-07-04T20:00,27.7,92,,,
2026-07-04T21:00,27.7,94,,,
2026-07-04T22:00,27.6,91,,,
2026-07-04T23:00,26.8,89,,,
2026-07-05T00:00,26,93,,,
2026-07-05T01:00,26.4,95,,,
2026-07-05T02:00,26.2,96,,,
2026-07-05T03:00,25.6,99,,,
2026-07-05T04:00,25.5,99,,,
2026-07-05T05:00,26,97,,,
2026-07-05T06:00,26,97,,,
2026-07-05T07:00,26.9,97,,,
2026-07-05T08:00,27.4,95,,,
2026-07-05T09:00,28.3,91,,,
2026-07-05T10:00,29.5,85,,,
2026-07-05T11:00,29.9,83,,,
2026-07-05T12:00,31,81,,,
2026-07-05T13:00,31.5,79,,,
2026-07-05T14:00,28.9,87,,,
2026-07-05T15:00,29.2,90,,,
2026-07-05T16:00,30.6,84,,,
2026-07-05T17:00,30.7,83,,,
2026-07-05T18:00,30.6,82,,,
2026-07-05T19:00,27.6,95,,,
2026-07-05T20:00,27.8,93,,,
2026-07-05T21:00,27.9,92,,,
2026-07-05T22:00,27.7,92,,,
2026-07-05T23:00,27.5,93,,,
2026-07-06T00:00,27.1,93,,,
2026-07-06T01:00,27.5,95,,,
2026-07-06T02:00,27.2,95,,,
2026-07-06T03:00,27.1,94,,,
2026-07-06T04:00,26.7,95,,,
2026-07-06T05:00,26.5,93,,,
2026-07-06T06:00,26.6,92,,,
2026-07-06T07:00,27.4,87,,,
2026-07-06T08:00,26.7,87,,,
2026-07-06T09:00,27.8,89,,,
2026-07-06T10:00,28,86,,,
2026-07-06T11:00,29.5,79,,,
2026-07-06T12:00,30.2,79,,,
2026-07-06T13:00,30.5,76,,,
2026-07-06T14:00,31.7,68,,,
2026-07-06T15:00,32.4,65,,,
2026-07-06T16:00,31.1,72,,,
2026-07-06T17:00,31.3,72,,,
2026-07-06T18:00,30.3,78,,,
2026-07-06T19:00,26.4,95,,,
2026-07-06T20:00,26.6,91,,,
2026-07-06T21:00,27.1,91,,,
2026-07-06T22:00,27.3,93,,,
2026-07-06T23:00,27.4,92,,,
2026-07-07T00:00,27.1,88,,,
2026-07-07T01:00,27.6,92,,,
2026-07-07T02:00,26.8,94,,,
2026-07-07T03:00,26.6,97,,,
2026-07-07T04:00,26.5,97,,,
2026-07-07T05:00,26.4,98,,,
2026-07-07T06:00,26.4,99,,,
2026-07-07T07:00,28.2,89,,,
2026-07-07T08:00,29.4,84,,,
2026-07-07T09:00,30.5,80,,,
2026-07-07T10:00,31.6,76,,,
2026-07-07T11:00,31.8,74,,,
2026-07-07T12:00,32.1,74,,,
2026-07-07T13:00,32.8,65,,,
2026-07-07T14:00,32.9,67,,,
2026-07-07T15:00,32.8,66,,,
2026-07-07T16:00,32.6,66,,,
2026-07-07T17:00,32.2,70,,,
2026-07-07T18:00,31.1,79,,,
2026-07-07T19:00,29.4,93,,,
2026-07-07T20:00,28.4,93,,,
2026-07-07T21:00,27.6,93,,,
2026-07-07T22:00,27.5,95,,,
2026-07-07T23:00,26.4,97,,,
2026-07-08T00:00,25.6,97,,,
2026-07-08T01:00,26.5,98,,,
2026-07-08T02:00,26.4,98,,,
2026-07-08T03:00,26.3,98,,,
2026-07-08T04:00,26.1,98,,,
2026-07-08T05:00,26,99,,,
2026-07-08T06:00,26.3,97,,,
2026-07-08T07:00,27.6,95,,,
2026-07-08T08:00,28.2,87,,,
2026-07-08T09:00,29.2,82,,,
2026-07-08T10:00,30.3,76,,,
2026-07-08T11:00,31.1,75,,,
2026-07-08T12:00,31.4,76,,,
2026-07-08T13:00,31.7,72,,,
2026-07-08T14:00,32.1,72,,,
2026-07-08T15:00,26.9,92,,,
2026-07-08T16:00,27.5,89,,,
2026-07-08T17:00,27.3,93,,,
2026-07-08T18:00,27.4,94,,,
2026-07-08T19:00,27.1,93,,,
2026-07-08T20:00,26.8,95,,,
2026-07-08T21:00,26.6,97,,,
2026-07-08T22:00,26.5,98,,,
2026-07-08T23:00,26.4,99,,,
2026-07-09T00:00,25.8,99,,,
2026-07-09T01:00,26,97,,,
2026-07-09T02:00,25.6,98,,,
2026-07-09T03:00,25.7,98,,,
2026-07-09T04:00,25.6,98,,,
2026-07-09T05:00,25.6,96,,,
2026-07-09T06:00,25.6,97,,,
2026-07-09T07:00,26.7,94,,,
2026-07-09T08:00,27,96,,,
2026-07-09T09:00,27.2,95,,,
2026-07-09T10:00,27.5,93,,,
2026-07-09T11:00,27.8,92,,,
2026-07-09T12:00,28.1,89,,,
2026-07-09T13:00,29,79,,,
2026-07-09T14:00,29.9,72,,,
2026-07-09T15:00,29.8,72,,,
2026-07-09T16:00,28.6,80,,,
2026-07-09T17:00,28,87,,,
2026-07-09T18:00,27.9,89,,,
2026-07-09T19:00,27.5,90,,,
2026-07-09T20:00,26.9,95,,,
2026-07-09T21:00,26.8,97,,,
2026-07-09T22:00,26.7,96,,,
2026-07-09T23:00,26.5,97,,,
2026-07-10T00:00,26.4,97,,,
2026-07-10T01:00,26.8,96,,,
2026-07-10T02:00,26.4,97,,,
2026-07-10T03:00,26.2,97,,,
2026-07-10T04:00,25.8,95,,,
2026-07-10T05:00,25.2,97,,,
2026-07-10T06:00,25.1,98,,,
2026-07-10T07:00,26.4,92,,,
2026-07-10T08:00,26.7,91,,,
2026-07-10T09:00,27.3,90,,,
2026-07-10T10:00,28.1,87,,,
2026-07-10T11:00,28.4,87,,,
2026-07-10T12:00,28.6,85,,,
2026-07-10T13:00,30.8,73,,,
2026-07-10T14:00,31.6,71,,,
2026-07-10T15:00,31.9,70,,,
2026-07-10T16:00,30.8,75,,,
2026-07-10T17:00,28.6,89,,,
2026-07-10T18:00,28.5,90,,,
2026-07-10T19:00,28.5,90,,,
2026-07-10T20:00,27.9,92,,,
2026-07-10T21:00,27.6,93,,,
2026-07-10T22:00,27.4,95,,,
2026-07-10T23:00,27.2,95,,,
2026-07-11T00:00,27,95,,,
2026-07-11T01:00,27.4,95,,,
2026-07-11T02:00,26.9,96,,,
2026-07-11T03:00,26.7,97,,,
2026-07-11T04:00,26.6,97,,,
2026-07-11T05:00,26.5,97,,,
2026-07-11T06:00,26.6,97,,,
2026-07-11T07:00,27.6,89,,,
2026-07-11T08:00,28.9,86,,,
2026-07-11T09:00,29.7,82,,,
2026-07-11T10:00,30.6,76,,,
2026-07-11T11:00,30.8,77,,,
2026-07-11T12:00,31.2,76,,,
2026-07-11T13:00,31.3,72,,,
2026-07-11T14:00,31.1,75,,,
2026-07-11T15:00,29.8,82,,,
2026-07-11T16:00,30.7,78,,,
2026-07-11T17:00,30.5,79,,,
2026-07-11T18:00,28.4,90,,,
2026-07-11T19:00,28.7,87,,,
2026-07-11T20:00,28,91,,,
2026-07-11T21:00,27.7,91,,,
2026-07-11T22:00,27.6,90,,,
2026-07-11T23:00,27.5,91,,,
2026-07-12T00:00,27.4,92,,,
2026-07-12T01:00,27.6,95,,,
2026-07-12T02:00,27.2,96,,,
2026-07-12T03:00,26.9,98,,,
2026-07-12T04:00,26.8,98,,,
2026-07-12T05:00,26.6,98,,,
2026-07-12T06:00,26.3,97,,,
2026-07-12T07:00,28.2,86,,,
2026-07-12T08:00,29.4,84,,,
2026-07-12T09:00,30.4,79,,,
2026-07-12T10:00,31.4,75,,,
2026-07-12T11:00,32,72,,,
2026-07-12T12:00,32.3,71,,,
2026-07-12T13:00,32.8,69,,,
2026-07-12T14:00,33.1,70,,,
2026-07-12T15:00,31.7,76,,,
2026-07-12T16:00,28.4,94,,,
2026-07-12T17:00,28.4,91,,,
2026-07-12T18:00,28.5,90,,,
2026-07-12T19:00,29.2,91,,,
2026-07-12T20:00,28.3,95,,,
2026-07-12T21:00,28.1,94,,,
2026-07-12T22:00,28.2,92,,,
2026-07-12T23:00,28,92,,,
2026-07-13T00:00,27.5,96,,,
2026-07-13T01:00,27.7,97,,,
2026-07-13T02:00,27.2,98,,,
2026-07-13T03:00,27.1,98,,,
2026-07-13T04:00,26.9,98,,,
2026-07-13T05:00,26.8,98,,,
2026-07-13T06:00,27,98,,,
2026-07-13T07:00,28.4,95,,,
2026-07-13T08:00,30,85,,,
2026-07-13T09:00,31,77,,,
2026-07-13T10:00,31.8,73,,,
2026-07-13T11:00,32.2,71,,,
2026-07-13T12:00,33.1,63,,,
2026-07-13T13:00,30.9,82,,,
2026-07-13T14:00,32.1,75,,,
2026-07-13T15:00,32.3,71,,,
2026-07-13T16:00,32.7,67,,,
2026-07-13T17:00,32.7,64,,,
2026-07-13T18:00,31.1,73,,,
2026-07-13T19:00,30.1,83,,,
2026-07-13T20:00,29.5,85,,,
2026-07-13T21:00,28.9,88,,,
2026-07-13T22:00,28.6,88,,,
2026-07-13T23:00,28.2,88,,,
2026-07-14T00:00,27.9,90,,,
2026-07-14T01:00,28.6,91,,,
2026-07-14T02:00,27.8,94,,,
2026-07-14T03:00,27.6,95,,,
2026-07-14T04:00,27.3,96,,,
2026-07-14T05:00,27,97,,,
2026-07-14T06:00,27.2,97,,,
2026-07-14T07:00,28.9,91,,,
2026-07-14T08:00,30.4,78,,,
2026-07-14T09:00,31.4,71,,,
2026-07-14T10:00,32.2,68,,,
2026-07-14T11:00,32.9,64,,,
2026-07-14T12:00,33.4,62,,,
2026-07-14T13:00,34.2,58,,,
2026-07-14T14:00,34.4,59,,,
2026-07-14T15:00,34.3,59,,,
2026-07-14T16:00,33.9,60,,,
2026-07-14T17:00,32.1,69,,,
2026-07-14T18:00,31,77,,,
2026-07-14T19:00,30,83,,,
2026-07-14T20:00,29.6,84,,,
2026-07-14T21:00,29.2,86,,,
2026-07-14T22:00,28.8,88,,,
2026-07-14T23:00,28.5,90,,,
2026-07-15T00:00,28.2,92,,,
2026-07-15T01:00,28.8,90,,,
2026-07-15T02:00,28.3,93,,,
2026-07-15T03:00,28.1,92,,,
2026-07-15T04:00,27.9,93,,,
2026-07-15T05:00,27.7,94,,,
2026-07-15T06:00,28,94,,,
2026-07-15T07:00,29,90,,,
2026-07-15T08:00,30.2,86,,,
2026-07-15T09:00,31.3,82,,,
2026-07-15T10:00,32.7,72,,,
2026-07-15T11:00,33.6,66,,,
2026-07-15T12:00,33.9,67,,,
2026-07-15T13:00,33.5,67,,,
2026-07-15T14:00,33.9,65,,,
2026-07-15T15:00,34.2,64,,,
2026-07-15T16:00,32.9,69,,,
2026-07-15T17:00,32.4,73,,,
2026-07-15T18:00,31.7,78,,,
2026-07-15T19:00,30.6,81,,,
2026-07-15T20:00,28.8,85,,,
2026-07-15T21:00,28.7,86,,,
2026-07-15T22:00,28.7,86,,,
2026-07-15T23:00,28.8,87,,,
2026-07-16T00:00,28.6,89,,,
2026-07-16T01:00,27.6,96,,,
2026-07-16T02:00,27.8,95,,,
2026-07-16T03:00,27.2,96,,,
2026-07-16T04:00,26.6,95,,,
2026-07-16T05:00,26.4,95,,,
2026-07-16T06:00,26.6,95,,,
2026-07-16T07:00,30.1,80,,,
2026-07-16T08:00,30.6,77,,,
2026-07-16T09:00,30.9,77,,,
2026-07-16T10:00,31,75,,,
2026-07-16T11:00,32.3,67,,,
2026-07-16T12:00,32.9,63,,,
2026-07-16T13:00,31.7,73,,,
2026-07-16T14:00,32.5,68,,,
2026-07-16T15:00,32.5,67,,,
2026-07-16T16:00,33.1,61,,,
2026-07-16T17:00,33,63,,,
2026-07-16T18:00,31.3,73,,,
2026-07-16T19:00,31,68,,,
2026-07-16T20:00,30.5,67,,,
2026-07-16T21:00,30.1,69,,,
2026-07-16T22:00,29.7,72,,,
2026-07-16T23:00,29.4,76,,,
2026-07-17T00:00,28.8,82,,,
2026-07-17T01:00,28.7,84,,,
2026-07-17T02:00,28.3,86,,,
2026-07-17T03:00,28.3,85,,,
2026-07-17T04:00,28.2,84,,,
2026-07-17T05:00,28.2,81,,,
2026-07-17T06:00,28.2,79,,,
2026-07-17T07:00,29.9,72,,,
2026-07-17T08:00,30.5,73,,,
2026-07-17T09:00,31.3,68,,,
2026-07-17T10:00,32,64,,,
2026-07-17T11:00,32.1,65,,,
2026-07-17T12:00,32.1,66,,,
2026-07-17T13:00,32.5,62,,,
2026-07-17T14:00,32.4,64,,,
2026-07-17T15:00,32.1,67,,,
2026-07-17T16:00,31.9,69,,,
2026-07-17T17:00,31.6,72,,,
2026-07-17T18:00,31,78,,,
2026-07-17T19:00,30.5,84,,,
2026-07-17T20:00,30,86,,,
2026-07-17T21:00,29.7,86,,,
2026-07-17T22:00,29.5,83,,,
2026-07-17T23:00,29.3,82,,,
2026-07-18T00:00,28.9,83,,,
2026-07-18T01:00,29.5,75,,,
2026-07-18T02:00,28.9,77,,,
2026-07-18T03:00,28.3,78,,,
2026-07-18T04:00,27.8,80,,,
2026-07-18T05:00,27.5,82,,,
2026-07-18T06:00,27.5,82,,,
2026-07-18T07:00,28.8,80,,,
2026-07-18T08:00,30.3,72,,,
2026-07-18T09:00,31.7,63,,,
2026-07-18T10:00,32.7,60,,,
2026-07-18T11:00,33.4,57,,,
2026-07-18T12:00,33.8,57,,,
2026-07-18T13:00,34.5,56,,,
2026-07-18T14:00,34.4,57,,,
2026-07-18T15:00,34.2,57,,,
2026-07-18T16:00,32.4,66,,,
2026-07-18T17:00,32.8,65,,,
2026-07-18T18:00,32.2,72,,,
2026-07-18T19:00,31.1,84,,,
2026-07-18T20:00,28.8,91,,,
2026-07-18T21:00,29.1,86,,,
2026-07-18T22:00,29,90,,,
2026-07-18T23:00,28.5,91,,,
2026-07-19T00:00,28.3,91,,,
2026-07-19T01:00,27.8,92,,,
2026-07-19T02:00,27.7,94,,,
2026-07-19T03:00,28,94,,,
2026-07-19T04:00,27.5,93,,,
2026-07-19T05:00,27,95,,,
2026-07-19T06:00,26.8,96,,,
2026-07-19T07:00,28.4,88,,,
2026-07-19T08:00,29.4,86,,,
2026-07-19T09:00,29,85,,,
2026-07-19T10:00,29.9,81,,,
2026-07-19T11:00,31.3,74,,,
2026-07-19T12:00,31.3,71,,,
2026-07-19T13:00,30.9,71,,,
2026-07-19T14:00,30.3,73,,,
2026-07-19T15:00,29.9,77,,,
2026-07-19T16:00,29.6,80,,,
2026-07-19T17:00,29.3,80,,,
2026-07-19T18:00,28.7,82,,,
2026-07-19T19:00,28.5,83,,,
2026-07-19T20:00,28.1,86,,,
2026-07-19T21:00,27.9,87,,,
2026-07-19T22:00,27.7,89,,,
2026-07-19T23:00,27.7,88,,,
2026-07-20T00:00,27.3,91,,,
2026-07-20T01:00,26.9,93,,,
2026-07-20T02:00,26.7,93,,,
2026-07-20T03:00,26.7,95,,,
2026-07-20T04:00,26.7,95,,,
2026-07-20T05:00,26.8,95,,,
2026-07-20T06:00,26.9,95,,,
2026-07-20T07:00,28.3,87,,,
2026-07-20T08:00,29.4,80,,,
2026-07-20T09:00,30.2,72,,,
2026-07-20T10:00,30.8,70,,,
2026-07-20T11:00,30.9,72,,,
2026-07-20T12:00,31.5,70,,,
2026-07-20T13:00,31.9,63,,,
2026-07-20T14:00,32.2,62,,,
2026-07-20T15:00,32.1,63,,,
2026-07-20T16:00,31.6,66,,,
2026-07-20T17:00,31.2,70,,,
2026-07-20T18:00,30.3,78,,,
2026-07-20T19:00,29.6,83,,,
2026-07-20T20:00,28.6,87,,,
2026-07-20T21:00,28.5,87,,,
2026-07-20T22:00,27.9,90,,,
2026-07-20T23:00,27.6,91,,,
2026-07-21T00:00,27.3,90,,,
2026-07-21T01:00,28.3,89,,,
2026-07-21T02:00,27.7,92,,,
2026-07-21T03:00,27.4,93,,,
2026-07-21T04:00,26.7,93,,,
2026-07-21T05:00,26.3,94,,,
2026-07-21T06:00,26.2,95,,,
2026-07-21T07:00,28.3,95,,,
2026-07-21T08:00,29.2,90,,,
2026-07-21T09:00,30.5,76,,,
2026-07-21T10:00,30.8,76,,,
2026-07-21T11:00,31.5,74,,,
2026-07-21T12:00,32.2,71,,,
2026-07-21T13:00,28.8,89,,,
2026-07-21T14:00,28.9,86,,,
2026-07-21T15:00,29.7,82,,,
2026-07-21T16:00,30.1,80,,,
2026-07-21T17:00,29.6,81,,,
2026-07-21T18:00,29.3,83,,,
2026-07-21T19:00,29.2,86,,,
2026-07-21T20:00,28.8,86,,,
2026-07-21T21:00,28.4,87,,,
2026-07-21T22:00,28,89,,,
2026-07-21T23:00,27.8,89,,,
2026-07-22T00:00,27.3,91,,,
2026-07-22T01:00,27.4,90,,,
2026-07-22T02:00,27,92,,,
2026-07-22T03:00,26.6,93,,,
2026-07-22T04:00,26.6,94,,,
2026-07-22T05:00,26.6,94,,,
2026-07-22T06:00,26.8,95,,,
2026-07-22T07:00,28.2,87,,,
2026-07-22T08:00,29.4,83,,,
2026-07-22T09:00,30.6,78,,,
2026-07-22T10:00,31.6,72,,,
2026-07-22T11:00,32.5,68,,,
2026-07-22T12:00,32.9,67,,,
2026-07-22T13:00,29.8,80,,,
2026-07-22T14:00,30.5,76,,,
2026-07-22T15:00,31.8,68,,,
2026-07-22T16:00,31.9,67,,,
2026-07-22T17:00,31.7,68,,,
2026-07-22T18:00,31.1,75,,,
2026-07-22T19:00,29.6,85,,,
2026-07-22T20:00,28.7,88,,,
2026-07-22T21:00,28.3,89,,,
2026-07-22T22:00,28.2,90,,,
2026-07-22T23:00,28.1,92,,,
2026-07-23T00:00,27.9,94,,,
2026-07-23T01:00,26.5,95,,,
2026-07-23T02:00,25.4,98,,,
2026-07-23T03:00,25.6,97,,,
2026-07-23T04:00,25.4,96,,,
2026-07-23T05:00,25.3,97,,,
2026-07-23T06:00,25.4,97,,,
2026-07-23T07:00,25.5,94,,,
2026-07-23T08:00,26.3,90,,,
2026-07-23T09:00,27.6,85,,,
2026-07-23T10:00,29.3,79,,,
2026-07-23T11:00,29.8,78,,,
2026-07-23T12:00,30.7,75,,,
2026-07-23T13:00,27.6,88,,,
2026-07-23T14:00,28.9,84,,,
2026-07-23T15:00,29.6,80,,,
2026-07-23T16:00,30.2,75,,,
2026-07-23T17:00,29.5,77,,,
2026-07-23T18:00,28.8,86,,,
2026-07-23T19:00,28.7,87,,,
2026-07-23T20:00,28,91,,,
2026-07-23T21:00,27.9,91,,,
2026-07-23T22:00,27.6,93,,,
2026-07-23T23:00,27.3,94,,,
2026-07-24T00:00,27.1,94,,,
2026-07-24T01:00,27.2,90,,,
2026-07-24T02:00,26.3,93,,,
2026-07-24T03:00,25.6,95,,,
2026-07-24T04:00,24.7,98,,,
2026-07-24T05:00,25,96,,,
2026-07-24T06:00,24.9,96,,,
2026-07-24T07:00,25.9,95,,,
2026-07-24T08:00,26.5,91,,,
2026-07-24T09:00,27.9,85,,,
2026-07-24T10:00,29,80,,,
2026-07-24T11:00,29.5,79,,,
2026-07-24T12:00,30,77,,,
2026-07-24T13:00,28.9,82,,,
2026-07-24T14:00,27.9,87,,,
2026-07-24T15:00,29,80,,,
2026-07-24T16:00,29.2,78,,,
2026-07-24T17:00,28.4,82,,,
2026-07-24T18:00,28,87,,,
2026-07-24T19:00,27.1,89,,,
2026-07-24T20:00,27.1,89,,,
2026-07-24T21:00,27,93,,,
2026-07-24T22:00,26.4,95,,,
2026-07-24T23:00,25.1,98,,,
2026-07-25T00:00,25.3,97,,,
2026-07-25T01:00,25.5,98,,,
2026-07-25T02:00,25.2,96,,,
2026-07-25T03:00,24.9,97,,,
2026-07-25T04:00,24.6,98,,,
2026-07-25T05:00,24.6,97,,,
2026-07-25T06:00,24.4,98,,,
2026-07-25T07:00,25.9,95,,,
2026-07-25T08:00,27.2,86,,,
2026-07-25T09:00,28.5,79,,,
2026-07-25T10:00,29.4,76,,,
2026-07-25T11:00,30.4,75,,,
2026-07-25T12:00,31.2,71,,,
2026-07-25T13:00,31.3,66,,,
2026-07-25T14:00,32.1,65,,,
2026-07-25T15:00,32.4,62,,,
2026-07-25T16:00,32.2,63,,,
2026-07-25T17:00,31.9,65,,,
2026-07-25T18:00,30.8,73,,,
2026-07-25T19:00,29.9,77,,,
2026-07-25T20:00,29.4,80,,,
2026-07-25T21:00,28.8,84,,,
2026-07-25T22:00,28.2,86,,,
2026-07-25T23:00,27.9,86,,,
2026-07-26T00:00,27.5,88,,,
2026-07-26T01:00,27.6,90,,,
2026-07-26T02:00,27,93,,,
2026-07-26T03:00,26.7,93,,,
2026-07-26T04:00,26.4,95,,,
2026-07-26T05:00,26,97,,,
2026-07-26T06:00,26.3,98,,,
2026-07-26T07:00,28.1,90,,,
2026-07-26T08:00,29.8,77,,,
2026-07-26T09:00,31.1,67,,,
2026-07-26T10:00,32,63,,,
2026-07-26T11:00,32.8,60,,,
2026-07-26T12:00,33.2,59,,,
2026-07-26T13:00,33.6,55,,,
2026-07-26T14:00,33.9,57,,,
2026-07-26T15:00,33.8,57,,,
2026-07-26T16:00,33.7,58,,,
2026-07-26T17:00,33.2,61,,,
2026-07-26T18:00,32,71,,,
2026-07-26T19:00,31.3,76,,,
2026-07-26T20:00,29.9,80,,,
2026-07-26T21:00,29.2,81,,,
2026-07-26T22:00,29,80,,,
2026-07-26T23:00,29.1,80,,,
2026-07-27T00:00,28.9,84,,,
2026-07-27T01:00,29.3,89,,,
2026-07-27T02:00,29.1,88,,,
2026-07-27T03:00,28.3,92,,,
2026-07-27T04:00,27.6,94,,,
2026-07-27T05:00,27.6,94,,,
2026-07-27T06:00,27.2,95,,,
2026-07-27T07:00,29.4,91,,,
2026-07-27T08:00,30,88,,,
2026-07-27T09:00,30.2,84,,,
2026-07-27T10:00,30.7,80,,,
2026-07-27T11:00,31.4,79,,,
2026-07-27T12:00,31.5,80,,,
2026-07-27T13:00,27.9,93,,,
2026-07-27T14:00,28.6,91,,,
2026-07-27T15:00,29.3,86,,,
2026-07-27T16:00,29.1,86,,,
2026-07-27T17:00,29.2,85,,,
2026-07-27T18:00,29,86,,,
2026-07-27T19:00,27.9,92,,,
2026-07-27T20:00,27.5,94,,,
2026-07-27T21:00,27.4,95,,,
2026-07-27T22:00,27.4,97,,,
2026-07-27T23:00,27.2,97,,,
2026-07-28T00:00,26.1,98,,,
2026-07-28T01:00,26.4,95,,,
2026-07-28T02:00,26.3,96,,,
2026-07-28T03:00,26.3,96,,,
2026-07-28T04:00,26.2,96,,,
2026-07-28T05:00,26,97,,,
2026-07-28T06:00,25.9,96,,,
2026-07-28T07:00,25.8,95,,,
2026-07-28T08:00,26.1,95,,,
2026-07-28T09:00,26,95,,,
2026-07-28T10:00,26.5,93,,,
2026-07-28T11:00,26.6,94,,,
2026-07-28T12:00,27,93,,,
2026-07-28T13:00,27,94,,,
2026-07-28T14:00,27.8,92,,,
2026-07-28T15:00,28.9,87,,,
2026-07-28T16:00,28.8,87,,,
2026-07-28T17:00,29.2,85,,,
2026-07-28T18:00,28.6,88,,,
2026-07-28T19:00,27.5,93,,,
2026-07-28T20:00,26.7,95,,,
2026-07-28T21:00,26.2,95,,,
2026-07-28T22:00,25.2,98,,,
2026-07-28T23:00,25.5,96,,,
2026-07-29T00:00,25.2,97,,,
2026-07-29T01:00,26.5,96,,,
2026-07-29T02:00,25.6,97,,,
2026-07-29T03:00,25.3,97,,,
2026-07-29T04:00,25.1,96,,,
2026-07-29T05:00,24.9,96,,,
2026-07-29T06:00,25,95,,,
2026-07-29T07:00,26,94,,,
2026-07-29T08:00,27,89,,,
2026-07-29T09:00,28.2,85,,,
2026-07-29T10:00,29,81,,,
2026-07-29T11:00,29.7,77,,,
2026-07-29T12:00,29.7,78,,,
2026-07-29T13:00,28.1,87,,,
2026-07-29T14:00,28,89,,,
2026-07-29T15:00,29.5,82,,,
2026-07-29T16:00,29.4,80,,,
2026-07-29T17:00,28.8,83,,,
2026-07-29T18:00,26.4,95,,,
2026-07-29T19:00,27.9,89,,,
2026-07-29T20:00,27.1,93,,,
2026-07-29T21:00,27,93,,,
2026-07-29T22:00,26.8,95,,,
2026-07-29T23:00,26.4,97,,,
2026-07-30T00:00,26,98,,,
2026-07-30T01:00,26.1,93,,,
2026-07-30T02:00,25.2,94,,,
2026-07-30T03:00,24.8,94,,,
2026-07-30T04:00,25,96,,,
2026-07-30T05:00,24.5,97,,,
2026-07-30T06:00,24.6,98,,,
2026-07-30T07:00,26.5,92,,,
2026-07-30T08:00,27,90,,,
2026-07-30T09:00,28.5,82,,,
2026-07-30T10:00,29.3,76,,,
2026-07-30T11:00,29.6,76,,,
2026-07-30T12:00,30.2,75,,,
2026-07-30T13:00,26.8,93,,,
2026-07-30T14:00,27.4,88,,,
2026-07-30T15:00,28.1,85,,,
2026-07-30T16:00,28.3,83,,,
2026-07-30T17:00,28.2,84,,,
2026-07-30T18:00,27.6,88,,,
2026-07-30T19:00,26.9,95,,,
2026-07-30T20:00,26.7,96,,,
2026-07-30T21:00,26.7,96,,,
2026-07-30T22:00,26.7,96,,,
2026-07-30T23:00,25.5,96,,,
2026-07-31T00:00,25.3,96,,,
2026-07-31T01:00,25.7,97,,,
2026-07-31T02:00,25.6,97,,,
2026-07-31T03:00,25.6,97,,,
2026-07-31T04:00,25.5,94,,,
2026-07-31T05:00,25.2,96,,,
2026-07-31T06:00,25.3,96,,,
2026-07-31T07:00,26.4,92,,,
2026-07-31T08:00,27.8,82,,,
2026-07-31T09:00,28.8,79,,,
2026-07-31T10:00,29.5,77,,,
2026-07-31T11:00,29.9,75,,,
2026-07-31T12:00,29.2,80,,,
2026-07-31T13:00,26.4,94,,,
2026-07-31T14:00,27.2,91,,,
2026-07-31T15:00,27.7,90,,,
2026-07-31T16:00,28,89,,,
2026-07-31T17:00,27.6,88,,,
2026-07-31T18:00,27.3,89,,,
2026-07-31T19:00,26.6,94,,,
2026-07-31T20:00,26.1,96,,,
2026-07-31T21:00,26,96,,,
2026-07-31T22:00,26,96,,,
2026-07-31T23:00,26,96,,,
2026-08-01T00:00,25.7,98,,,
2026-08-01T01:00,26.1,97,,,
2026-08-01T02:00,25.5,98,,,
2026-08-01T03:00,25.3,99,,,
2026-08-01T04:00,25.2,94,,,
2026-08-01T05:00,24.8,97,,,
2026-08-01T06:00,24.8,98,,,
2026-08-01T07:00,25.9,96,,,
2026-08-01T08:00,26.9,92,,,
2026-08-01T09:00,28.5,84,,,
2026-08-01T10:00,29.5,78,,,
2026-08-01T11:00,29.5,78,,,
2026-08-01T12:00,30.1,77,,,
2026-08-01T13:00,29.4,77,,,
2026-08-01T14:00,27.8,88,,,
2026-08-01T15:00,29.2,81,,,
2026-08-01T16:00,29.4,81,,,
2026-08-01T17:00,28.8,81,,,
2026-08-01T18:00,27.9,88,,,
2026-08-01T19:00,28.4,86,,,
2026-08-01T20:00,27.5,90,,,
2026-08-01T21:00,27.2,92,,,
2026-08-01T22:00,27,93,,,
2026-08-01T23:00,26.7,94,,,
2026-08-02T00:00,26.5,95,,,
2026-08-02T01:00,26.5,97,,,
2026-08-02T02:00,25.8,98,,,
2026-08-02T03:00,25.7,99,,,
2026-08-02T04:00,25.6,98,,,
2026-08-02T05:00,25.5,99,,,
2026-08-02T06:00,25.5,99,,,
2026-08-02T07:00,27,96,,,
2026-08-02T08:00,27.7,88,,,
2026-08-02T09:00,28,83,,,
2026-08-02T10:00,29.4,80,,,
2026-08-02T11:00,30.5,76,,,
2026-08-02T12:00,30,77,,,
2026-08-02T13:00,29.5,77,,,
2026-08-02T14:00,30,80,,,
2026-08-02T15:00,30.6,79,,,
2026-08-02T16:00,28.2,88,,,
2026-08-02T17:00,28.2,88,,,
2026-08-02T18:00,27.9,91,,,
2026-08-02T19:00,27.7,94,,,
2026-08-02T20:00,27.4,95,,,
2026-08-02T21:00,27.3,96,,,
2026-08-02T22:00,27.1,96,,,
2026-08-02T23:00,27,96,,,
2026-08-03T00:00,26.9,95,,,
2026-08-03T01:00,27.2,95,,,
2026-08-03T02:00,26.4,95,,,
2026-08-03T03:00,25.5,98,,,
2026-08-03T04:00,25.5,99,,,
2026-08-03T05:00,25.2,98,,,
2026-08-03T06:00,25.2,98,,,
2026-08-03T07:00,26.7,95,,,
2026-08-03T08:00,27.8,87,,,
2026-08-03T09:00,28.8,81,,,
2026-08-03T10:00,30,79,,,
2026-08-03T11:00,30.7,78,,,
2026-08-03T12:00,31.4,76,,,
2026-08-03T13:00,32.2,72,,,
2026-08-03T14:00,31.9,74,,,
2026-08-03T15:00,31.7,76,,,
2026-08-03T16:00,29.2,88,,,
2026-08-03T17:00,27.8,91,,,
2026-08-03T18:00,26.8,97,,,
2026-08-03T19:00,28.5,91,,,
2026-08-03T20:00,28,94,,,
2026-08-03T21:00,27.9,95,,,
2026-08-03T22:00,27.2,97,,,
2026-08-03T23:00,26.9,97,,,
2026-08-04T00:00,26.3,96,,,
2026-08-04T01:00,27.4,97,,,
2026-08-04T02:00,27,98,,,
2026-08-04T03:00,26.8,98,,,
2026-08-04T04:00,25.9,95,,,
2026-08-04T05:00,25.9,96,,,
2026-08-04T06:00,26,96,,,
2026-08-04T07:00,26.8,93,,,
2026-08-04T08:00,27.5,88,,,
2026-08-04T09:00,28.4,85,,,
2026-08-04T10:00,29.8,79,,,
2026-08-04T11:00,30.4,76,,,
2026-08-04T12:00,30.7,75,,,
2026-08-04T13:00,29.9,80,,,
2026-08-04T14:00,29.3,82,,,
2026-08-04T15:00,30.4,75,,,
2026-08-04T16:00,28.3,86,,,
2026-08-04T17:00,28,89,,,
2026-08-04T18:00,28,88,,,
2026-08-04T19:00,27,95,,,
2026-08-04T20:00,26.8,96,,,
2026-08-04T21:00,26.8,95,,,
2026-08-04T22:00,26.8,95,,,
2026-08-04T23:00,26.5,96,,,
2026-08-05T00:00,26.1,98,,,
2026-08-05T01:00,26.1,98,,,
2026-08-05T02:00,25.9,94,,,
2026-08-05T03:00,25.9,97,,,
2026-08-05T04:00,25.8,98,,,
2026-08-05T05:00,25.8,98,,,
2026-08-05T06:00,25.9,97,,,
2026-08-05T07:00,26.2,95,,,
2026-08-05T08:00,27.4,89,,,
2026-08-05T09:00,28.6,86,,,
2026-08-05T10:00,29.8,79,,,
2026-08-05T11:00,29.5,80,,,
2026-08-05T12:00,30.3,77,,,
2026-08-05T13:00,30.2,78,,,
2026-08-05T14:00,30.7,76,,,
2026-08-05T15:00,26.6,95,,,
2026-08-05T16:00,26.3,95,,,
2026-08-05T17:00,26.2,95,,,
2026-08-05T18:00,26.2,96,,,
2026-08-05T19:00,26.9,95,,,
2026-08-05T20:00,26.6,96,,,
2026-08-05T21:00,26.2,96,,,
2026-08-05T22:00,26,97,,,
2026-08-05T23:00,26,97,,,
2026-08-06T00:00,25.9,97,,,
2026-08-06T01:00,26.6,97,,,
2026-08-06T02:00,26.3,97,,,
2026-08-06T03:00,25.9,95,,,
2026-08-06T04:00,25.6,96,,,
2026-08-06T05:00,25.4,97,,,
2026-08-06T06:00,25.5,97,,,
2026-08-06T07:00,26.7,93,,,
2026-08-06T08:00,27.8,87,,,
2026-08-06T09:00,28.7,80,,,
2026-08-06T10:00,26.7,91,,,
2026-08-06T11:00,27.3,90,,,
2026-08-06T12:00,29.7,80,,,
2026-08-06T13:00,29,82,,,
2026-08-06T14:00,28.6,87,,,
2026-08-06T15:00,29.3,83,,,
2026-08-06T16:00,28.3,84,,,
2026-08-06T17:00,27.3,90,,,
2026-08-06T18:00,26.9,93,,,
2026-08-06T19:00,27,93,,,
2026-08-06T20:00,26.5,95,,,
2026-08-06T21:00,26.4,96,,,
2026-08-06T22:00,26.4,97,,,
2026-08-06T23:00,26.2,97,,,
2026-08-07T00:00,25.9,97,,,
2026-08-07T01:00,26.5,94,,,
2026-08-07T02:00,26,97,,,
2026-08-07T03:00,25.7,98,,,
2026-08-07T04:00,25.5,98,,,
2026-08-07T05:00,25.4,99,,,
2026-08-07T06:00,25.5,98,,,
2026-08-07T07:00,25.9,97,,,
2026-08-07T08:00,26.8,92,,,
2026-08-07T09:00,28.3,85,,,
2026-08-07T10:00,29.2,81,,,
2026-08-07T11:00,30.3,78,,,
2026-08-07T12:00,31.4,72,,,
2026-08-07T13:00,30.4,71,,,
2026-08-07T14:00,29.3,78,,,
2026-08-07T15:00,29.3,79,,,
2026-08-07T16:00,29.4,80,,,
2026-08-07T17:00,29.4,81,,,
2026-08-07T18:00,29.1,84,,,
2026-08-07T19:00,27.8,95,,,
2026-08-07T20:00,27.6,94,,,
2026-08-07T21:00,27.6,94,,,
2026-08-07T22:00,27.5,94,,,
2026-08-07T23:00,27.3,95,,,
2026-08-08T00:00,27.1,95,,,
2026-08-08T01:00,27.2,92,,,
2026-08-08T02:00,26.5,94,,,
2026-08-08T03:00,26.4,95,,,
2026-08-08T04:00,26.6,92,,,
2026-08-08T05:00,26.7,90,,,
2026-08-08T06:00,26.7,89,,,
2026-08-08T07:00,27.9,86,,,
2026-08-08T08:00,29.4,78,,,
2026-08-08T09:00,30.6,71,,,
2026-08-08T10:00,31.5,66,,,
2026-08-08T11:00,32.5,62,,,
2026-08-08T12:00,32.8,62,,,
2026-08-08T13:00,31.6,70,,,
2026-08-08T14:00,32.1,69,,,
2026-08-08T15:00,32.8,65,,,
2026-08-08T16:00,32.6,64,,,
2026-08-08T17:00,32.3,66,,,
2026-08-08T18:00,31.4,76,,,
2026-08-08T19:00,30.5,83,,,
2026-08-08T20:00,29.7,86,,,
2026-08-08T21:00,29.4,87,,,
2026-08-08T22:00,29.3,84,,,
2026-08-08T23:00,29.1,82,,,
2026-08-09T00:00,28.9,83,,,
2026-08-09T01:00,28.4,89,,,
2026-08-09T02:00,27.9,90,,,
2026-08-09T03:00,27.4,93,,,
2026-08-09T04:00,27.3,93,,,
2026-08-09T05:00,27.3,92,,,
2026-08-09T06:00,27.4,90,,,
2026-08-09T07:00,29.1,85,,,
2026-08-09T08:00,30.5,78,,,
2026-08-09T09:00,31.9,71,,,
2026-08-09T10:00,33.1,66,,,
2026-08-09T11:00,33.9,63,,,
2026-08-09T12:00,34.4,60,,,
2026-08-09T13:00,35.2,55,,,
2026-08-09T14:00,35.3,54,,,
2026-08-09T15:00,35,56,,,
2026-08-09T16:00,34.1,61,,,
2026-08-09T17:00,33.2,69,,,
2026-08-09T18:00,32.3,73,,,
2026-08-09T19:00,31.4,85,,,
2026-08-09T20:00,30.5,85,,,
2026-08-09T21:00,29.7,83,,,
2026-08-09T22:00,29.5,81,,,
2026-08-09T23:00,29.3,83,,,
2026-08-10T00:00,28.4,89,,,
2026-08-10T01:00,29,88,,,
2026-08-10T02:00,28.5,85,,,
2026-08-10T03:00,27.9,87,,,
2026-08-10T04:00,27.6,88,,,
2026-08-10T05:00,27.5,88,,,
2026-08-10T06:00,27.5,86,,,
2026-08-10T07:00,28.9,86,,,
2026-08-10T08:00,30.4,80,,,
2026-08-10T09:00,32,74,,,
2026-08-10T10:00,33.4,69,,,
2026-08-10T11:00,34.4,64,,,
2026-08-10T12:00,34.7,60,,,
2026-08-10T13:00,34.8,57,,,
2026-08-10T14:00,34.8,57,,,
2026-08-10T15:00,34.9,56,,,
2026-08-10T16:00,34.6,58,,,
2026-08-10T17:00,34.3,61,,,
2026-08-10T18:00,33.1,70,,,
2026-08-10T19:00,31.8,76,,,
2026-08-10T20:00,31,77,,,
2026-08-10T21:00,30.6,79,,,
2026-08-10T22:00,30,81,,,
2026-08-10T23:00,29.6,82,,,
2026-08-11T00:00,29.1,86,,,
2026-08-11T01:00,29.1,88,,,
2026-08-11T02:00,28.4,91,,,
2026-08-11T03:00,28.3,92,,,
2026-08-11T04:00,28.3,93,,,
2026-08-11T05:00,28.2,94,,,
2026-08-11T06:00,28.3,94,,,
2026-08-11T07:00,28,88,,,
2026-08-11T08:00,29.3,83,,,
2026-08-11T09:00,30.9,76,,,
2026-08-11T10:00,32.3,70,,,
2026-08-11T11:00,33.2,65,,,
2026-08-11T12:00,33.6,63,,,
2026-08-11T13:00,34.9,53,,,
2026-08-11T14:00,34.1,58,,,
2026-08-11T15:00,34.1,60,,,
2026-08-11T16:00,33.7,60,,,
2026-08-11T17:00,33.3,62,,,
2026-08-11T18:00,32,72,,,
2026-08-11T19:00,32,77,,,
2026-08-11T20:00,31.2,74,,,
2026-08-11T21:00,30.5,77,,,
2026-08-11T22:00,29.9,82,,,
2026-08-11T23:00,29.5,84,,,
2026-08-12T00:00,29.2,86,,,
2026-08-12T01:00,29.5,86,,,
2026-08-12T02:00,28.9,88,,,
2026-08-12T03:00,28.6,90,,,
2026-08-12T04:00,28.3,93,,,
2026-08-12T05:00,28.1,94,,,
2026-08-12T06:00,28.2,95,,,
2026-08-12T07:00,29.3,91,,,
2026-08-12T08:00,30.8,85,,,
2026-08-12T09:00,32,79,,,
2026-08-12T10:00,33,73,,,
2026-08-12T11:00,33.8,68,,,
2026-08-12T12:00,34.5,64,,,
2026-08-12T13:00,35.1,59,,,
2026-08-12T14:00,34.7,60,,,
2026-08-12T15:00,34.7,60,,,
2026-08-12T16:00,34.8,61,,,
2026-08-12T17:00,34.2,64,,,
2026-08-12T18:00,33.1,74,,,
2026-08-12T19:00,32.4,74,,,
2026-08-12T20:00,30.9,83,,,
2026-08-12T21:00,30.4,87,,,
2026-08-12T22:00,30.1,88,,,
2026-08-12T23:00,29.7,91,,,
2026-08-13T00:00,29.4,92,,,
2026-08-13T01:00,28.4,95,,,
2026-08-13T02:00,27.9,97,,,
2026-08-13T03:00,27.7,97,,,
2026-08-13T04:00,27.4,97,,,
2026-08-13T05:00,27.2,96,,,
2026-08-13T06:00,27.3,95,,,
2026-08-13T07:00,29.3,87,,,
2026-08-13T08:00,30.9,78,,,
2026-08-13T09:00,32.1,74,,,
2026-08-13T10:00,33.2,70,,,
2026-08-13T11:00,32.9,64,,,
2026-08-13T12:00,33,69,,,
2026-08-13T13:00,34.9,61,,,
2026-08-13T14:00,35,59,,,
2026-08-13T15:00,35.1,59,,,
2026-08-13T16:00,34.4,62,,,
2026-08-13T17:00,33.8,64,,,
2026-08-13T18:00,32.8,73,,,
2026-08-13T19:00,31.9,77,,,
2026-08-13T20:00,30.9,80,,,
2026-08-13T21:00,30.2,77,,,
2026-08-13T22:00,29.9,78,,,
2026-08-13T23:00,29.6,82,,,
2026-08-14T00:00,29,87,,,
2026-08-14T01:00,29.1,92,,,
2026-08-14T02:00,28.5,95,,,
2026-08-14T03:00,28.4,96,,,
2026-08-14T04:00,28.1,97,,,
2026-08-14T05:00,27.8,99,,,
2026-08-14T06:00,27.9,99,,,
2026-08-14T07:00,29.6,92,,,
2026-08-14T08:00,30.4,86,,,
2026-08-14T09:00,29.7,86,,,
2026-08-14T10:00,29,86,,,
2026-08-14T11:00,29.1,86,,,
2026-08-14T12:00,30.1,82,,,
2026-08-14T13:00,27.4,90,,,
2026-08-14T14:00,27.2,89,,,
2026-08-14T15:00,27.5,84,,,
2026-08-14T16:00,27.8,85,,,
2026-08-14T17:00,28.6,82,,,
2026-08-14T18:00,28.2,83,,,
2026-08-14T19:00,28.4,82,,,
2026-08-14T20:00,28,85,,,
2026-08-14T21:00,27.6,88,,,
2026-08-14T22:00,27.4,90,,,
2026-08-14T23:00,27.2,92,,,
2026-08-15T00:00,26.9,93,,,
2026-08-15T01:00,26.4,94,,,
2026-08-15T02:00,26,96,,,
2026-08-15T03:00,26,95,,,
2026-08-15T04:00,26,95,,,
2026-08-15T05:00,26,95,,,
2026-08-15T06:00,25.8,95,,,
2026-08-15T07:00,27.3,89,,,
2026-08-15T08:00,28.3,83,,,
2026-08-15T09:00,29.8,76,,,
2026-08-15T10:00,30.9,72,,,
2026-08-15T11:00,32,67,,,
2026-08-15T12:00,32.7,65,,,
2026-08-15T13:00,33.4,60,,,
2026-08-15T14:00,33.8,59,,,
2026-08-15T15:00,33.9,58,,,
2026-08-15T16:00,33.8,57,,,
2026-08-15T17:00,33.6,57,,,
2026-08-15T18:00,32.1,71,,,
2026-08-15T19:00,31.4,72,,,
2026-08-15T20:00,30.8,74,,,
2026-08-15T21:00,29.9,78,,,
2026-08-15T22:00,29.2,83,,,
2026-08-15T23:00,28.9,85,,,
2026-08-16T00:00,28.7,87,,,
2026-08-16T01:00,29.2,87,,,
2026-08-16T02:00,28.5,88,,,
2026-08-16T03:00,28.1,91,,,
2026-08-16T04:00,26.5,95,,,
2026-08-16T05:00,24.5,96,,,
2026-08-16T06:00,24.5,96,,,
2026-08-16T07:00,28.7,90,,,
2026-08-16T08:00,30.1,84,,,
2026-08-16T09:00,31.3,79,,,
2026-08-16T10:00,32.1,76,,,
2026-08-16T11:00,32.8,71,,,
2026-08-16T12:00,33.7,66,,,
2026-08-16T13:00,31.6,77,,,
2026-08-16T14:00,33.3,69,,,
2026-08-16T15:00,33.9,64,,,
2026-08-16T16:00,34.1,62,,,
2026-08-16T17:00,33.8,62,,,
2026-08-16T18:00,32.4,71,,,
2026-08-16T19:00,29.8,80,,,
2026-08-16T20:00,28.6,86,,,
2026-08-16T21:00,28.5,88,,,
2026-08-16T22:00,28.5,85,,,
2026-08-16T23:00,28.3,82,,,
2026-08-17T00:00,27.9,85,,,
2026-08-17T01:00,27.4,91,,,
2026-08-17T02:00,26.9,93,,,
2026-08-17T03:00,26.6,94,,,
2026-08-17T04:00,26.3,95,,,
2026-08-17T05:00,26,96,,,
2026-08-17T06:00,26.1,93,,,
2026-08-17T07:00,27.9,89,,,
2026-08-17T08:00,29.2,82,,,
2026-08-17T09:00,30.8,74,,,
2026-08-17T10:00,31.9,71,,,
2026-08-17T11:00,33.1,67,,,
2026-08-17T12:00,33.8,65,,,
2026-08-17T13:00,34.2,64,,,
2026-08-17T14:00,34,65,,,
2026-08-17T15:00,34.4,63,,,
2026-08-17T16:00,31.4,72,,,
2026-08-17T17:00,30.1,80,,,
2026-08-17T18:00,29.8,80,,,
2026-08-17T19:00,30.1,71,,,
2026-08-17T20:00,30.1,71,,,
2026-08-17T21:00,29.1,80,,,
2026-08-17T22:00,28.5,84,,,
2026-08-17T23:00,28.5,84,,,
2026-08-18T00:00,27.8,88,,,
2026-08-18T01:00,28.4,87,,,
2026-08-18T02:00,27.5,93,,,
2026-08-18T03:00,27.2,96,,,
2026-08-18T04:00,27.1,96,,,
2026-08-18T05:00,27.2,96,,,
2026-08-18T06:00,27.1,96,,,
2026-08-18T07:00,28.4,89,,,
2026-08-18T08:00,29.6,81,,,
2026-08-18T09:00,30.9,73,,,
2026-08-18T10:00,31.9,70,,,
2026-08-18T11:00,32.7,69,,,
2026-08-18T12:00,33.6,65,,,
2026-08-18T13:00,30.1,78,,,
2026-08-18T14:00,29.8,81,,,
2026-08-18T15:00,31.3,75,,,
2026-08-18T16:00,31.8,71,,,
2026-08-18T17:00,31,72,,,
2026-08-18T18:00,27.8,89,,,
2026-08-18T19:00,28.6,90,,,
2026-08-18T20:00,28.2,93,,,
2026-08-18T21:00,27.2,93,,,
2026-08-18T22:00,26.4,96,,,
2026-08-18T23:00,25.9,96,,,
2026-08-19T00:00,25.5,99,,,
2026-08-19T01:00,26.3,96,,,
2026-08-19T02:00,26,97,,,
2026-08-19T03:00,25.5,98,,,
2026-08-19T04:00,25.5,99,,,
2026-08-19T05:00,25.7,96,,,
2026-08-19T06:00,25.5,96,,,
2026-08-19T07:00,26.5,94,,,
2026-08-19T08:00,27,93,,,
2026-08-19T09:00,27.2,92,,,
2026-08-19T10:00,29.8,82,,,
2026-08-19T11:00,31.5,72,,,
2026-08-19T12:00,31.5,72,,,
2026-08-19T13:00,29.3,83,,,
2026-08-19T14:00,27.3,91,,,
2026-08-19T15:00,27.3,92,,,
2026-08-19T16:00,28.3,87,,,
2026-08-19T17:00,28.6,86,,,
2026-08-19T18:00,25.7,95,,,
2026-08-19T19:00,26.7,95,,,
2026-08-19T20:00,26.4,96,,,
2026-08-19T21:00,26.4,95,,,
2026-08-19T22:00,26.4,95,,,
2026-08-19T23:00,26.2,96,,,
2026-08-20T00:00,25.7,97,,,
2026-08-20T01:00,26.2,97,,,
2026-08-20T02:00,25.7,97,,,
2026-08-20T03:00,25.7,98,,,
2026-08-20T04:00,25.3,96,,,
2026-08-20T05:00,25,97,,,
2026-08-20T06:00,24.9,98,,,
2026-08-20T07:00,27.4,95,,,
2026-08-20T08:00,28.4,87,,,
2026-08-20T09:00,29.9,80,,,
2026-08-20T10:00,31.3,76,,,
2026-08-20T11:00,32.5,68,,,
2026-08-20T12:00,33.3,65,,,
2026-08-20T13:00,33.3,63,,,
2026-08-20T14:00,34,56,,,
2026-08-20T15:00,33.8,56,,,
2026-08-20T16:00,33.8,58,,,
2026-08-20T17:00,33.5,63,,,
2026-08-20T18:00,31.5,73,,,
2026-08-20T19:00,30.2,77,,,
2026-08-20T20:00,29.5,79,,,
2026-08-20T21:00,29.4,79,,,
2026-08-20T22:00,29.2,80,,,
2026-08-20T23:00,28.7,84,,,
2026-08-21T00:00,26.9,95,,,
2026-08-21T01:00,27.3,97,,,
2026-08-21T02:00,26.8,94,,,
2026-08-21T03:00,25.7,96,,,
2026-08-21T04:00,25.4,98,,,
2026-08-21T05:00,25.4,99,,,
2026-08-21T06:00,25.4,99,,,
2026-08-21T07:00,26,97,,,
2026-08-21T08:00,26.2,97,,,
2026-08-21T09:00,26.2,97,,,
2026-08-21T10:00,27.1,94,,,
2026-08-21T11:00,27.5,93,,,
2026-08-21T12:00,27.9,93,,,
2026-08-21T13:00,27.7,93,,,
2026-08-21T14:00,27.8,93,,,
2026-08-21T15:00,27.7,94,,,
2026-08-21T16:00,27.6,95,,,
2026-08-21T17:00,27.1,96,,,
2026-08-21T18:00,27,96,,,
2026-08-21T19:00,26.8,95,,,
2026-08-21T20:00,26.3,94,,,
2026-08-21T21:00,26,95,,,
2026-08-21T22:00,25.7,96,,,
2026-08-21T23:00,25.6,96,,,
2026-08-22T00:00,25.6,96,,,
2026-08-22T01:00,26.4,95,,,
2026-08-22T02:00,26.1,95,,,
2026-08-22T03:00,25.9,94,,,
2026-08-22T04:00,25.4,93,,,
2026-08-22T05:00,25.4,94,,,
2026-08-22T06:00,25.7,94,,,
2026-08-22T07:00,25.9,91,,,
2026-08-22T08:00,26.1,91,,,
2026-08-22T09:00,26.1,92,,,
2026-08-22T10:00,26.1,93,,,
2026-08-22T11:00,25.8,93,,,
2026-08-22T12:00,26,93,,,
2026-08-22T13:00,26.2,92,,,
2026-08-22T14:00,25.9,93,,,
2026-08-22T15:00,26.3,92,,,
2026-08-22T16:00,25.7,94,,,
2026-08-22T17:00,25.5,94,,,
2026-08-22T18:00,25.2,94,,,
2026-08-22T19:00,25.9,91,,,
2026-08-22T20:00,25.5,92,,,
2026-08-22T21:00,25.6,92,,,
2026-08-22T22:00,25.6,92,,,
2026-08-22T23:00,25.4,92,,,
2026-08-23T00:00,25.2,93,,,
2026-08-23T01:00,25.8,93,,,
2026-08-23T02:00,25.5,94,,,
2026-08-23T03:00,25.3,94,,,
2026-08-23T04:00,25.2,94,,,
2026-08-23T05:00,25.2,95,,,
2026-08-23T06:00,25.2,96,,,
2026-08-23T07:00,26,94,,,
2026-08-23T08:00,26.1,94,,,
2026-08-23T09:00,26.6,93,,,
2026-08-23T10:00,26.8,92,,,
2026-08-23T11:00,27.1,92,,,
2026-08-23T12:00,26.8,94,,,
2026-08-23T13:00,26.6,92,,,
2026-08-23T14:00,26.6,91,,,
2026-08-23T15:00,26.5,92,,,
2026-08-23T16:00,26.1,94,,,
2026-08-23T17:00,26.4,94,,,
2026-08-23T18:00,26.5,94,,,
2026-08-23T19:00,26.1,92,,,
2026-08-23T20:00,25.9,91,,,
2026-08-23T21:00,25.5,91,,,
2026-08-23T22:00,25.4,92,,,
2026-08-23T23:00,25.2,93,,,
2026-08-24T00:00,25.1,96,,,
2026-08-24T01:00,25.8,95,,,
2026-08-24T02:00,25.6,95,,,
2026-08-24T03:00,25.4,94,,,
2026-08-24T04:00,25.4,96,,,
2026-08-24T05:00,25.3,96,,,
2026-08-24T06:00,25.1,98,,,
2026-08-24T07:00,25.9,96,,,
2026-08-24T08:00,26.6,93,,,
2026-08-24T09:00,27.3,92,,,
2026-08-24T10:00,28,94,,,
2026-08-24T11:00,29.4,89,,,
2026-08-24T12:00,30.4,80,,,
2026-08-24T13:00,29.7,86,,,
2026-08-24T14:00,28.8,88,,,
2026-08-24T15:00,29.6,82,,,
2026-08-24T16:00,28.4,92,,,
2026-08-24T17:00,27.9,93,,,
2026-08-24T18:00,27.7,95,,,
2026-08-24T19:00,29,88,,,
2026-08-24T20:00,28.6,89,,,
2026-08-24T21:00,28.2,91,,,
2026-08-24T22:00,28.1,89,,,
2026-08-24T23:00,27.5,91,,,
2026-08-25T00:00,26.4,93,,,
2026-08-25T01:00,26.4,94,,,
2026-08-25T02:00,26,97,,,
2026-08-25T03:00,26,97,,,
2026-08-25T04:00,25.6,95,,,
2026-08-25T05:00,25.5,96,,,
2026-08-25T06:00,25.1,96,,,
2026-08-25T07:00,27.1,95,,,
2026-08-25T08:00,28.1,89,,,
2026-08-25T09:00,28.3,88,,,
2026-08-25T10:00,29,88,,,
2026-08-25T11:00,29.7,79,,,
2026-08-25T12:00,30.1,81,,,
2026-08-25T13:00,28.4,91,,,
2026-08-25T14:00,28.7,92,,,
2026-08-25T15:00,30.2,82,,,
2026-08-25T16:00,30.4,80,,,
2026-08-25T17:00,30.2,83,,,
2026-08-25T18:00,29,90,,,
2026-08-25T19:00,28.4,94,,,
2026-08-25T20:00,27.8,94,,,
2026-08-25T21:00,27.6,95,,,
2026-08-25T22:00,26.7,98,,,
2026-08-25T23:00,26.4,96,,,
2026-08-26T00:00,26,97,,,
2026-08-26T01:00,25.9,99,,,
2026-08-26T02:00,26.2,96,,,
2026-08-26T03:00,25.9,97,,,
2026-08-26T04:00,25.8,97,,,
2026-08-26T05:00,25.7,98,,,
2026-08-26T06:00,25.8,98,,,
2026-08-26T07:00,26.8,95,,,
2026-08-26T08:00,27.7,91,,,
2026-08-26T09:00,29.1,85,,,
2026-08-26T10:00,29.4,83,,,
2026-08-26T11:00,30.1,82,,,
2026-08-26T12:00,31.1,77,,,
2026-08-26T13:00,30.7,77,,,
2026-08-26T14:00,30.3,78,,,
2026-08-26T15:00,30.6,76,,,
2026-08-26T16:00,30.7,75,,,
2026-08-26T17:00,30.3,78,,,
2026-08-26T18:00,29.3,85,,,
2026-08-26T19:00,28.9,88,,,
2026-08-26T20:00,28.2,91,,,
2026-08-26T21:00,28.1,91,,,
2026-08-26T22:00,27.9,92,,,
2026-08-26T23:00,27.9,92,,,
2026-08-27T00:00,27.8,92,,,
2026-08-27T01:00,28.2,93,,,
2026-08-27T02:00,27.8,93,,,
2026-08-27T03:00,26.8,97,,,
2026-08-27T04:00,26.7,95,,,
2026-08-27T05:00,26.2,98,,,
2026-08-27T06:00,26,98,,,
2026-08-27T07:00,27.9,96,,,
2026-08-27T08:00,27.8,93,,,
2026-08-27T09:00,28.4,91,,,
2026-08-27T10:00,29,85,,,
2026-08-27T11:00,30.6,80,,,
2026-08-27T12:00,31.6,75,,,
2026-08-27T13:00,32,74,,,
2026-08-27T14:00,32.1,75,,,
2026-08-27T15:00,31.4,77,,,
2026-08-27T16:00,27.7,94,,,
2026-08-27T17:00,27.6,94,,,
2026-08-27T18:00,27.4,95,,,
2026-08-27T19:00,28.1,89,,,
2026-08-27T20:00,27.6,93,,,
2026-08-27T21:00,27.5,95,,,
2026-08-27T22:00,27.4,96,,,
2026-08-27T23:00,27.2,97,,,
2026-08-28T00:00,27.1,97,,,
2026-08-28T01:00,27,98,,,
2026-08-28T02:00,26.7,98,,,
2026-08-28T03:00,26.5,99,,,
2026-08-28T04:00,26.5,99,,,
2026-08-28T05:00,26.5,98,,,
2026-08-28T06:00,26.7,94,,,
2026-08-28T07:00,26.7,95,,,
2026-08-28T08:00,26.7,95,,,
2026-08-28T09:00,27.1,94,,,
2026-08-28T10:00,27.7,90,,,
2026-08-28T11:00,28,88,,,
2026-08-28T12:00,28.6,82,,,
2026-08-28T13:00,31.1,70,,,
2026-08-28T14:00,31.6,68,,,
2026-08-28T15:00,31.8,67,,,
2026-08-28T16:00,31.5,67,,,
2026-08-28T17:00,31.2,69,,,
2026-08-28T18:00,30.3,81,,,
2026-08-28T19:00,30.1,79,,,
2026-08-28T20:00,29,83,,,
2026-08-28T21:00,28.5,87,,,
2026-08-28T22:00,28.2,91,,,
2026-08-28T23:00,28.3,92,,,
2026-08-29T00:00,28.1,93,,,
2026-08-29T01:00,28.2,91,,,
2026-08-29T02:00,27.6,94,,,
2026-08-29T03:00,27.2,97,,,
2026-08-29T04:00,27.1,97,,,
2026-08-29T05:00,26.6,98,,,
2026-08-29T06:00,26,97,,,
2026-08-29T07:00,28,92,,,
2026-08-29T08:00,29.5,84,,,
2026-08-29T09:00,30.2,81,,,
2026-08-29T10:00,29.9,82,,,
2026-08-29T11:00,30,80,,,
2026-08-29T12:00,31.1,75,,,
2026-08-29T13:00,31.5,71,,,
2026-08-29T14:00,30.8,78,,,
2026-08-29T15:00,31,77,,,
2026-08-29T16:00,30.5,79,,,
2026-08-29T17:00,29.6,83,,,
2026-08-29T18:00,28.9,88,,,
2026-08-29T19:00,28.6,85,,,
2026-08-29T20:00,27.8,85,,,
2026-08-29T21:00,27.7,86,,,
2026-08-29T22:00,27.4,90,,,
2026-08-29T23:00,27.2,91,,,
2026-08-30T00:00,26.8,91,,,
2026-08-30T01:00,27.5,87,,,
2026-08-30T02:00,27.1,86,,,
2026-08-30T03:00,27.1,85,,,
2026-08-30T04:00,26.6,86,,,
2026-08-30T05:00,26.5,85,,,
2026-08-30T06:00,26.6,85,,,
2026-08-30T07:00,27.9,85,,,
2026-08-30T08:00,29.1,82,,,
2026-08-30T09:00,30.5,76,,,
2026-08-30T10:00,31.5,73,,,
2026-08-30T11:00,32.8,68,,,
2026-08-30T12:00,33.5,63,,,
2026-08-30T13:00,33.2,60,,,
2026-08-30T14:00,33.9,57,,,
2026-08-30T15:00,33.6,56,,,
2026-08-30T16:00,32.7,63,,,
2026-08-30T17:00,31.6,71,,,
2026-08-30T18:00,29.5,85,,,
2026-08-30T19:00,27.7,91,,,
2026-08-30T20:00,27.5,92,,,
2026-08-30T21:00,27.4,94,,,
2026-08-30T22:00,27.1,96,,,
2026-08-30T23:00,26.9,96,,,
2026-08-31T00:00,26,94,,,
2026-08-31T01:00,27.1,94,,,
2026-08-31T02:00,26.9,95,,,
2026-08-31T03:00,26.9,95,,,
2026-08-31T04:00,27,93,,,
2026-08-31T05:00,26.7,90,,,
2026-08-31T06:00,26,90,,,
2026-08-31T07:00,27.8,79,,,
2026-08-31T08:00,28.8,80,,,
2026-08-31T09:00,30.2,77,,,
2026-08-31T10:00,31.4,71,,,
2026-08-31T11:00,33.2,54,,,
2026-08-31T12:00,33.7,50,,,
2026-08-31T13:00,32.1,54,,,
2026-08-31T14:00,32.1,55,,,
2026-08-31T15:00,32.6,55,,,
2026-08-31T16:00,32.7,57,,,
2026-08-31T17:00,31.4,65,,,
2026-08-31T18:00,29.9,68,,,
2026-08-31T19:00,30.4,76,,,
2026-08-31T20:00,29.7,76,,,
2026-08-31T21:00,29.6,78,,,
2026-08-31T22:00,29.6,75,,,
2026-08-31T23:00,29.1,76,,,
2026-09-01T00:00,27.8,83,,,
2026-09-01T01:00,28.3,88,,,
2026-09-01T02:00,27.5,90,,,
2026-09-01T03:00,27.4,86,,,
2026-09-01T04:00,27.3,78,,,
2026-09-01T05:00,27.2,71,,,
2026-09-01T06:00,26.9,72,,,
2026-09-01T07:00,28.4,71,,,
2026-09-01T08:00,30,70,,,
2026-09-01T09:00,31.5,67,,,
2026-09-01T10:00,33.3,47,,,
2026-09-01T11:00,33.4,45,,,
2026-09-01T12:00,33.7,47,,,
2026-09-01T13:00,34.3,45,,,
2026-09-01T14:00,34.7,44,,,
2026-09-01T15:00,34.1,49,,,
2026-09-01T16:00,33.5,53,,,
2026-09-01T17:00,33,61,,,
2026-09-01T18:00,31.2,67,,,
2026-09-01T19:00,30.9,68,,,
2026-09-01T20:00,29.8,73,,,
2026-09-01T21:00,28.9,77,,,
2026-09-01T22:00,28.4,79,,,
2026-09-01T23:00,27.7,82,,,
2026-09-02T00:00,27,84,,,
2026-09-02T01:00,27.1,84,,,
2026-09-02T02:00,26.4,78,,,
2026-09-02T03:00,26.1,73,,,
2026-09-02T04:00,25.4,74,,,
2026-09-02T05:00,24.7,77,,,
2026-09-02T06:00,24.6,76,,,
2026-09-02T07:00,26.9,75,,,
2026-09-02T08:00,28.6,69,,,
2026-09-02T09:00,30.1,65,,,
2026-09-02T10:00,31.4,58,,,
2026-09-02T11:00,32.4,54,,,
2026-09-02T12:00,33.1,50,,,
2026-09-02T13:00,33.7,46,,,
2026-09-02T14:00,34.1,45,,,
2026-09-02T15:00,33.9,45,,,
2026-09-02T16:00,33.5,49,,,
2026-09-02T17:00,32.8,58,,,
2026-09-02T18:00,31,65,,,
2026-09-02T19:00,30.2,62,,,
2026-09-02T20:00,29.1,68,,,
2026-09-02T21:00,28.1,75,,,
2026-09-02T22:00,27.7,77,,,
2026-09-02T23:00,26.9,82,,,
2026-09-03T00:00,26.6,83,,,
2026-09-03T01:00,26.5,82,,,
2026-09-03T02:00,26,79,,,
2026-09-03T03:00,26,75,,,
2026-09-03T04:00,25.7,74,,,
2026-09-03T05:00,25.1,77,,,
2026-09-03T06:00,24.8,80,,,
2026-09-03T07:00,26.7,80,,,
2026-09-03T08:00,28.5,73,,,
2026-09-03T09:00,30.1,63,,,
2026-09-03T10:00,31.1,56,,,
2026-09-03T11:00,31.8,54,,,
2026-09-03T12:00,32.5,52,,,
2026-09-03T13:00,33.7,47,,,
2026-09-03T14:00,33.9,47,,,
2026-09-03T15:00,33.9,46,,,
2026-09-03T16:00,33.8,46,,,
2026-09-03T17:00,32.5,58,,,
2026-09-03T18:00,30.2,69,,,
2026-09-03T19:00,29.7,69,,,
2026-09-03T20:00,28.8,72,,,
2026-09-03T21:00,28.7,70,,,
2026-09-03T22:00,28.1,73,,,
2026-09-03T23:00,27.4,77,,,
2026-09-04T00:00,26.8,79,,,
2026-09-04T01:00,27.9,77,,,
2026-09-04T02:00,26.7,74,,,
2026-09-04T03:00,26.5,74,,,
2026-09-04T04:00,26.5,72,,,
2026-09-04T05:00,26.2,70,,,
2026-09-04T06:00,25.6,71,,,
2026-09-04T07:00,26.6,73,,,
2026-09-04T08:00,27.9,68,,,
2026-09-04T09:00,29,63,,,
2026-09-04T10:00,30.1,61,,,
2026-09-04T11:00,31,60,,,
2026-09-04T12:00,31.5,58,,,
2026-09-04T13:00,31.4,55,,,
2026-09-04T14:00,31.6,55,,,
2026-09-04T15:00,31.2,56,,,
2026-09-04T16:00,30.1,60,,,
2026-09-04T17:00,30.2,64,,,
2026-09-04T18:00,29.2,68,,,
2026-09-04T19:00,29.2,70,,,
2026-09-04T20:00,28.2,73,,,
2026-09-04T21:00,27.3,81,,,
2026-09-04T22:00,27.1,81,,,
2026-09-04T23:00,26.7,81,,,
2026-09-05T00:00,26.7,79,,,
2026-09-05T01:00,27,81,,,
2026-09-05T02:00,25.9,87,,,
2026-09-05T03:00,25.7,88,,,
2026-09-05T04:00,26,81,,,
2026-09-05T05:00,25.9,79,,,
2026-09-05T06:00,25.9,79,,,
2026-09-05T07:00,26.6,80,,,
2026-09-05T08:00,27.2,78,,,
2026-09-05T09:00,28.2,72,,,
2026-09-05T10:00,28.6,68,,,
2026-09-05T11:00,27.9,74,,,
2026-09-05T12:00,27.8,75,,,
2026-09-05T13:00,28.7,68,,,
2026-09-05T14:00,28.5,69,,,
2026-09-05T15:00,29,68,,,
2026-09-05T16:00,29.1,68,,,
2026-09-05T17:00,29.1,67,,,
2026-09-05T18:00,28,76,,,
2026-09-05T19:00,27.7,75,,,
2026-09-05T20:00,27.4,76,,,
2026-09-05T21:00,27,77,,,
2026-09-05T22:00,26.6,79,,,
2026-09-05T23:00,26.2,79,,,
2026-09-06T00:00,25.7,82,,,
2026-09-06T01:00,25.9,80,,,
2026-09-06T02:00,25.4,83,,,
2026-09-06T03:00,25.3,83,,,
2026-09-06T04:00,25.6,82,,,
2026-09-06T05:00,25.4,82,,,
2026-09-06T06:00,25.5,81,,,
2026-09-06T07:00,26.4,78,,,
2026-09-06T08:00,27.2,72,,,
2026-09-06T09:00,28.1,66,,,
2026-09-06T10:00,29,65,,,
2026-09-06T11:00,29.7,62,,,
2026-09-06T12:00,30.4,59,,,
2026-09-06T13:00,30.8,58,,,
2026-09-06T14:00,31.1,57,,,
2026-09-06T15:00,31.1,57,,,
2026-09-06T16:00,31,58,,,
2026-09-06T17:00,30.6,61,,,
2026-09-06T18:00,29.3,73,,,
2026-09-06T19:00,28.8,75,,,
2026-09-06T20:00,28.2,75,,,
2026-09-06T21:00,27.6,77,,,
2026-09-06T22:00,26.7,83,,,
2026-09-06T23:00,26.1,87,,,
2026-09-07T00:00,25.8,89,,,
2026-09-07T01:00,26.1,92,,,
2026-09-07T02:00,24.6,92,,,
2026-09-07T03:00,23.9,94,,,
2026-09-07T04:00,23.7,92,,,
2026-09-07T05:00,23.6,93,,,
2026-09-07T06:00,23.7,93,,,
2026-09-07T07:00,25.3,88,,,
2026-09-07T08:00,26.8,81,,,
2026-09-07T09:00,28.3,75,,,
2026-09-07T10:00,29.7,70,,,
2026-09-07T11:00,30.5,68,,,
2026-09-07T12:00,31.1,67,,,
2026-09-07T13:00,31.5,62,,,
2026-09-07T14:00,31.9,63,,,
2026-09-07T15:00,31.9,61,,,
2026-09-07T16:00,31.6,61,,,
2026-09-07T17:00,30.9,66,,,
2026-09-07T18:00,29.7,72,,,
2026-09-07T19:00,29.5,74,,,
2026-09-07T20:00,28.2,78,,,
2026-09-07T21:00,27.6,81,,,
2026-09-07T22:00,27.4,82,,,
2026-09-07T23:00,27.1,85,,,
2026-09-08T00:00,26.8,88,,,
2026-09-08T01:00,27,88,,,
2026-09-08T02:00,26.6,88,,,
2026-09-08T03:00,26.2,90,,,
2026-09-08T04:00,26.1,91,,,
2026-09-08T05:00,25.6,93,,,
2026-09-08T06:00,24.9,93,,,
2026-09-08T07:00,26.5,88,,,
2026-09-08T08:00,28.1,81,,,
2026-09-08T09:00,29.5,75,,,
2026-09-08T10:00,30.8,69,,,
2026-09-08T11:00,31.6,65,,,
2026-09-08T12:00,32,64,,,
2026-09-08T13:00,32.9,57,,,
2026-09-08T14:00,32.8,58,,,
2026-09-08T15:00,32.9,58,,,
2026-09-08T16:00,32.6,59,,,
2026-09-08T17:00,31.7,66,,,
2026-09-08T18:00,30.5,72,,,
2026-09-08T19:00,29.7,78,,,
2026-09-08T20:00,29.2,81,,,
2026-09-08T21:00,29,80,,,
2026-09-08T22:00,28.7,81,,,
2026-09-08T23:00,28.3,84,,,
2026-09-09T00:00,27.9,86,,,
2026-09-09T01:00,27.3,87,,,
2026-09-09T02:00,24.2,99,,,
2026-09-09T03:00,24.5,97,,,
2026-09-09T04:00,24.9,96,,,
2026-09-09T05:00,25,97,,,
2026-09-09T06:00,25.1,96,,,
2026-09-09T07:00,27,89,,,
2026-09-09T08:00,26.8,88,,,
2026-09-09T09:00,28.3,80,,,
2026-09-09T10:00,29.5,74,,,
2026-09-09T11:00,30.8,70,,,
2026-09-09T12:00,31.8,67,,,
2026-09-09T13:00,32.8,61,,,
2026-09-09T14:00,32.6,58,,,
2026-09-09T15:00,32.1,63,,,
2026-09-09T16:00,32.1,63,,,
2026-09-09T17:00,31.6,66,,,
2026-09-09T18:00,30.4,75,,,
2026-09-09T19:00,28.9,80,,,
2026-09-09T20:00,28.3,84,,,
2026-09-09T21:00,28,85,,,
2026-09-09T22:00,27.7,88,,,
2026-09-09T23:00,27.5,89,,,
2026-09-10T00:00,26.7,93,,,
2026-09-10T01:00,25.8,93,,,
2026-09-10T02:00,25.1,91,,,
2026-09-10T03:00,24.6,94,,,
2026-09-10T04:00,24.5,94,,,
2026-09-10T05:00,24.2,95,,,
2026-09-10T06:00,23.5,97,,,
2026-09-10T07:00,25.9,93,,,
2026-09-10T08:00,26.4,90,,,
2026-09-10T09:00,27.6,84,,,
2026-09-10T10:00,28.9,78,,,
2026-09-10T11:00,28,81,,,
2026-09-10T12:00,28.7,75,,,
2026-09-10T13:00,28.6,77,,,
2026-09-10T14:00,26.8,82,,,
2026-09-10T15:00,26,89,,,
2026-09-10T16:00,27.1,84,,,
2026-09-10T17:00,27.4,81,,,
2026-09-10T18:00,26.6,87,,,
2026-09-10T19:00,25.3,93,,,
2026-09-10T20:00,25.1,89,,,
2026-09-10T21:00,25,88,,,
2026-09-10T22:00,25,89,,,
2026-09-10T23:00,24.9,91,,,
2026-09-11T00:00,23.4,95,,,
2026-09-11T01:00,24.3,97,,,
2026-09-11T02:00,23.6,94,,,
2026-09-11T03:00,22.8,98,,,
2026-09-11T04:00,23,98,,,
2026-09-11T05:00,23.3,97,,,
2026-09-11T06:00,23.3,97,,,
2026-09-11T07:00,25.5,87,,,
2026-09-11T08:00,26.5,73,,,
2026-09-11T09:00,27.1,68,,,
2026-09-11T10:00,28.2,65,,,
2026-09-11T11:00,29.1,60,,,
2026-09-11T12:00,29.7,57,,,
2026-09-11T13:00,30,55,,,
2026-09-11T14:00,30,55,,,
2026-09-11T15:00,30.1,53,,,
2026-09-11T16:00,29.5,57,,,
2026-09-11T17:00,28.6,64,,,
2026-09-11T18:00,27.2,68,,,
2026-09-11T19:00,26.8,65,,,
2026-09-11T20:00,25.9,68,,,
2026-09-11T21:00,25.2,72,,,
2026-09-11T22:00,24.6,74,,,
2026-09-11T23:00,24.2,75,,,
2026-09-12T00:00,24,74,,,
2026-09-12T01:00,24.4,72,,,
2026-09-12T02:00,24.2,70,,,
2026-09-12T03:00,24,70,,,
2026-09-12T04:00,23.8,69,,,
2026-09-12T05:00,23.7,69,,,
2026-09-12T06:00,23.6,69,,,
2026-09-12T07:00,24.9,68,,,
2026-09-12T08:00,26.3,66,,,
2026-09-12T09:00,27,60,,,
2026-09-12T10:00,28,58,,,
2026-09-12T11:00,28.8,59,,,
2026-09-12T12:00,29.6,56,,,
2026-09-12T13:00,29.5,56,,,
2026-09-12T14:00,30.4,54,,,
2026-09-12T15:00,30.8,52,,,
2026-09-12T16:00,30.4,56,,,
2026-09-12T17:00,29.8,64,,,
2026-09-12T18:00,28.1,72,,,
2026-09-12T19:00,27.3,74,,,
2026-09-12T20:00,26.8,74,,,
2026-09-12T21:00,26.7,66,,,
2026-09-12T22:00,26.4,65,,,
2026-09-12T23:00,25.8,67,,,
2026-09-13T00:00,25.3,70,,,
2026-09-13T01:00,25.6,71,,,
2026-09-13T02:00,25.6,70,,,
2026-09-13T03:00,25.7,67,,,
2026-09-13T04:00,26,62,,,
2026-09-13T05:00,25.9,61,,,
2026-09-13T06:00,25.9,60,,,
2026-09-13T07:00,26.1,62,,,
2026-09-13T08:00,26.6,62,,,
2026-09-13T09:00,28.3,58,,,
2026-09-13T10:00,28.4,58,,,
2026-09-13T11:00,29.2,56,,,
2026-09-13T12:00,28.9,59,,,
2026-09-13T13:00,28.6,61,,,
2026-09-13T14:00,30.3,53,,,
2026-09-13T15:00,29.3,61,,,
2026-09-13T16:00,28.2,70,,,
2026-09-13T17:00,27.1,73,,,
2026-09-13T18:00,26.9,72,,,
2026-09-13T19:00,25.9,78,,,
2026-09-13T20:00,25.4,79,,,
2026-09-13T21:00,25.2,79,,,
2026-09-13T22:00,25.5,77,,,
2026-09-13T23:00,25.5,77,,,
2026-09-14T00:00,25.3,77,,,
2026-09-14T01:00,25.6,77,,,
2026-09-14T02:00,24.8,82,,,
2026-09-14T03:00,24.5,83,,,
2026-09-14T04:00,24,85,,,
2026-09-14T05:00,23.8,87,,,
2026-09-14T06:00,23.8,87,,,
2026-09-14T07:00,25.5,82,,,
2026-09-14T08:00,26.4,81,,,
2026-09-14T09:00,25.2,89,,,
2026-09-14T10:00,25.1,92,,,
2026-09-14T11:00,25.5,92,,,
2026-09-14T12:00,26,91,,,
2026-09-14T13:00,26.9,84,,,
2026-09-14T14:00,25.1,91,,,
2026-09-14T15:00,25.2,92,,,
2026-09-14T16:00,25,93,,,
2026-09-14T17:00,24.8,94,,,
2026-09-14T18:00,24.6,95,,,
2026-09-14T19:00,24.6,95,,,
2026-09-14T20:00,24.5,95,,,
2026-09-14T21:00,24.4,95,,,
2026-09-14T22:00,24.2,96,,,
2026-09-14T23:00,24.1,96,,,
2026-09-15T00:00,24,96,,,
2026-09-15T01:00,24.3,96,,,
2026-09-15T02:00,24.2,96,,,
2026-09-15T03:00,24.1,96,,,
2026-09-15T04:00,23.9,96,,,
2026-09-15T05:00,24,96,,,
2026-09-15T06:00,24,95,,,
2026-09-15T07:00,24.4,96,,,
2026-09-15T08:00,24.6,95,,,
2026-09-15T09:00,25.5,93,,,
2026-09-15T10:00,25.6,91,,,
2026-09-15T11:00,25.3,95,,,
2026-09-15T12:00,25.7,96,,,
2026-09-15T13:00,25.4,95,,,
2026-09-15T14:00,25.2,96,,,
2026-09-15T15:00,25.7,95,,,
2026-09-15T16:00,25.6,96,,,
2026-09-15T17:00,24.8,96,,,
2026-09-15T18:00,24.6,96,,,
2026-09-15T19:00,25.3,94,,,
2026-09-15T20:00,24.4,98,,,
2026-09-15T21:00,24.5,96,,,
2026-09-15T22:00,24.3,95,,,
2026-09-15T23:00,24.1,96,,,
2026-09-16T00:00,24.1,96,,,
2026-09-16T01:00,24.4,97,,,
2026-09-16T02:00,24,99,,,
2026-09-16T03:00,23.7,99,,,
2026-09-16T04:00,23.6,98,,,
2026-09-16T05:00,23.6,98,,,
2026-09-16T06:00,23.6,98,,,
2026-09-16T07:00,24.6,95,,,
2026-09-16T08:00,24.9,94,,,
2026-09-16T09:00,25.1,93,,,
2026-09-16T10:00,25.2,93,,,
2026-09-16T11:00,25.5,93,,,
2026-09-16T12:00,25.8,90,,,
2026-09-16T13:00,25.4,92,,,
2026-09-16T14:00,25.7,88,,,
2026-09-16T15:00,25.6,93,,,
2026-09-16T16:00,26,89,,,
2026-09-16T17:00,25.4,90,,,
2026-09-16T18:00,25.2,93,,,
2026-09-16T19:00,25,94,,,
2026-09-16T20:00,24.7,96,,,
2026-09-16T21:00,24.8,95,,,
2026-09-16T22:00,24.8,95,,,
2026-09-16T23:00,24.6,96,,,
2026-09-17T00:00,24.5,96,,,
2026-09-17T01:00,24.9,94,,,
2026-09-17T02:00,24.6,94,,,
2026-09-17T03:00,24.5,96,,,
2026-09-17T04:00,24.4,97,,,
2026-09-17T05:00,24.5,97,,,
2026-09-17T06:00,24.4,97,,,
2026-09-17T07:00,24.6,97,,,
2026-09-17T08:00,25.1,96,,,
2026-09-17T09:00,25.8,94,,,
2026-09-17T10:00,26,94,,,
2026-09-17T11:00,26.1,95,,,
2026-09-17T12:00,26.6,93,,,
2026-09-17T13:00,25.9,91,,,
2026-09-17T14:00,25.4,91,,,
2026-09-17T15:00,26.3,87,,,
2026-09-17T16:00,26.3,87,,,
2026-09-17T17:00,26.1,90,,,
2026-09-17T18:00,25.7,93,,,
2026-09-17T19:00,25.6,94,,,
2026-09-17T20:00,25.2,94,,,
2026-09-17T21:00,25,95,,,
2026-09-17T22:00,24.7,96,,,
2026-09-17T23:00,24.4,97,,,
2026-09-18T00:00,24.2,98,,,
2026-09-18T01:00,24.5,98,,,
2026-09-18T02:00,24.2,97,,,
2026-09-18T03:00,24,98,,,
2026-09-18T04:00,24,98,,,
2026-09-18T05:00,24.2,98,,,
2026-09-18T06:00,24.1,98,,,
2026-09-18T07:00,25.4,96,,,
2026-09-18T08:00,26.5,90,,,
2026-09-18T09:00,27.9,83,,,
2026-09-18T10:00,29.1,79,,,
2026-09-18T11:00,30,74,,,
2026-09-18T12:00,30.5,70,,,
2026-09-18T13:00,30.5,68,,,
2026-09-18T14:00,30.7,64,,,
2026-09-18T15:00,30.9,60,,,
2026-09-18T16:00,30.6,62,,,
2026-09-18T17:00,29.8,69,,,
2026-09-18T18:00,28.2,76,,,
2026-09-18T19:00,27.6,82,,,
2026-09-18T20:00,26.9,85,,,
2026-09-18T21:00,26.7,85,,,
2026-09-18T22:00,26.4,85,,,
2026-09-18T23:00,25.8,87,,,
2026-09-19T00:00,25.2,91,,,
2026-09-19T01:00,25.5,93,,,
2026-09-19T02:00,25,97,,,
2026-09-19T03:00,24.9,98,,,
2026-09-19T04:00,24.7,99,,,
2026-09-19T05:00,24.7,97,,,
2026-09-19T06:00,24.7,94,,,
2026-09-19T07:00,26.2,91,,,
2026-09-19T08:00,27.9,84,,,
2026-09-19T09:00,29.4,72,,,
2026-09-19T10:00,30.3,66,,,
2026-09-19T11:00,31.2,60,,,
2026-09-19T12:00,31.8,59,,,
2026-09-19T13:00,31.9,56,,,
2026-09-19T14:00,31.8,57,,,
2026-09-19T15:00,31.8,57,,,
2026-09-19T16:00,31.5,59,,,
2026-09-19T17:00,30.8,67,,,
2026-09-19T18:00,29.2,74,,,
2026-09-19T19:00,27.9,84,,,
2026-09-19T20:00,27.9,83,,,
2026-09-19T21:00,27.3,88,,,
2026-09-19T22:00,27.2,88,,,
2026-09-19T23:00,26.8,86,,,
2026-09-20T00:00,26.7,84,,,
2026-09-20T01:00,26.6,84,,,
2026-09-20T02:00,26,84,,,
2026-09-20T03:00,25.8,85,,,
2026-09-20T04:00,25.6,85,,,
2026-09-20T05:00,25.2,87,,,
2026-09-20T06:00,25,89,,,
2026-09-20T07:00,27,88,,,
2026-09-20T08:00,28.6,77,,,
2026-09-20T09:00,29.8,69,,,
2026-09-20T10:00,30.8,64,,,
2026-09-20T11:00,31.4,62,,,
2026-09-20T12:00,32,59,,,
2026-09-20T13:00,32.3,57,,,
2026-09-20T14:00,32.2,56,,,
2026-09-20T15:00,32.2,56,,,
2026-09-20T16:00,32,57,,,
2026-09-20T17:00,31.1,66,,,
2026-09-20T18:00,29.2,74,,,
2026-09-20T19:00,29.1,75,,,
2026-09-20T20:00,28,77,,,
2026-09-20T21:00,27.1,76,,,
2026-09-20T22:00,26.7,77,,,
2026-09-20T23:00,26.1,80,,,
2026-09-21T00:00,25.8,80,,,
2026-09-21T01:00,26,82,,,
2026-09-21T02:00,25.4,85,,,
2026-09-21T03:00,25.4,86,,,
2026-09-21T04:00,25.1,88,,,
2026-09-21T05:00,24.3,92,,,
2026-09-21T06:00,23.9,95,,,
2026-09-21T07:00,25.9,87,,,
2026-09-21T08:00,27.8,78,,,
2026-09-21T09:00,29.5,68,,,
2026-09-21T10:00,30.6,61,,,
2026-09-21T11:00,31.2,59,,,
2026-09-21T12:00,31.7,58,,,
2026-09-21T13:00,32,56,,,
2026-09-21T14:00,32,57,,,
2026-09-21T15:00,31.8,59,,,
2026-09-21T16:00,31.3,61,,,
2026-09-21T17:00,30.5,68,,,
2026-09-21T18:00,28.9,75,,,
2026-09-21T19:00,28.9,71,,,
2026-09-21T20:00,28.6,72,,,
2026-09-21T21:00,28.4,75,,,
2026-09-21T22:00,27.7,81,,,
2026-09-21T23:00,27.2,85,,,
2026-09-22T00:00,26.7,87,,,
2026-09-22T01:00,26.7,87,,,
2026-09-22T02:00,26.1,90,,,
2026-09-22T03:00,26,90,,,
2026-09-22T04:00,25.7,91,,,
2026-09-22T05:00,25.5,92,,,
2026-09-22T06:00,25,96,,,
2026-09-22T07:00,26.9,89,,,
2026-09-22T08:00,28.6,83,,,
2026-09-22T09:00,30,75,,,
2026-09-22T10:00,30.9,65,,,
2026-09-22T11:00,31.5,62,,,
2026-09-22T12:00,31.9,60,,,
2026-09-22T13:00,32.1,58,,,
2026-09-22T14:00,32.3,58,,,
2026-09-22T15:00,32.2,59,,,
2026-09-22T16:00,31.9,59,,,
2026-09-22T17:00,30.7,70,,,
2026-09-22T18:00,29.2,77,,,
2026-09-22T19:00,29.2,81,,,
2026-09-22T20:00,28.6,82,,,
2026-09-22T21:00,28.2,80,,,
2026-09-22T22:00,27.8,82,,,
2026-09-22T23:00,27.4,84,,,
